open_time,close_time,open,high,low,close,volume
2026-04-11 20:00:00+00:00,2026-04-11 23:59:59.999000+00:00,73687.16,73689.97,72907.4,73043.16,1585.16838
2026-04-12 00:00:00+00:00,2026-04-12 03:59:59.999000+00:00,73043.16,73137.24,71310.0,71593.19,4092.12587
2026-04-12 04:00:00+00:00,2026-04-12 07:59:59.999000+00:00,71593.18,71781.0,71417.22,71665.0,1969.72049
2026-04-12 08:00:00+00:00,2026-04-12 11:59:59.999000+00:00,71664.99,71805.85,71357.76,71468.55,1780.81611
2026-04-12 12:00:00+00:00,2026-04-12 15:59:59.999000+00:00,71468.54,71500.0,70604.07,70892.03,2361.32179
2026-04-12 16:00:00+00:00,2026-04-12 19:59:59.999000+00:00,70892.04,71222.58,70821.05,71084.18,991.98626
2026-04-12 20:00:00+00:00,2026-04-12 23:59:59.999000+00:00,71084.18,71452.0,70505.88,70740.98,2276.49749
2026-04-13 00:00:00+00:00,2026-04-13 03:59:59.999000+00:00,70741.56,71271.78,70615.3,70976.0,1886.6472
2026-04-13 04:00:00+00:00,2026-04-13 07:59:59.999000+00:00,70975.99,71144.0,70672.72,70813.88,2674.10149
2026-04-13 08:00:00+00:00,2026-04-13 11:59:59.999000+00:00,70813.88,70997.12,70566.99,70929.68,1023.04479
2026-04-13 12:00:00+00:00,2026-04-13 15:59:59.999000+00:00,70929.68,72464.28,70758.5,71866.59,5445.44909
2026-04-13 16:00:00+00:00,2026-04-13 19:59:59.999000+00:00,71866.59,73480.0,71679.8,73322.82,6766.75131
2026-04-13 20:00:00+00:00,2026-04-13 23:59:59.999000+00:00,73322.0,74900.0,73007.08,74417.99,6434.22237
2026-04-14 00:00:00+00:00,2026-04-14 03:59:59.999000+00:00,74418.0,74579.32,73954.86,74444.43,3586.04231
2026-04-14 04:00:00+00:00,2026-04-14 07:59:59.999000+00:00,74444.44,74924.64,74150.6,74546.0,3393.84035
2026-04-14 08:00:00+00:00,2026-04-14 11:59:59.999000+00:00,74545.99,74910.0,74307.35,74376.52,2697.70497
2026-04-14 12:00:00+00:00,2026-04-14 15:59:59.999000+00:00,74376.52,76038.0,74277.19,75317.07,9779.47075
2026-04-14 16:00:00+00:00,2026-04-14 19:59:59.999000+00:00,75317.06,75688.0,73795.47,74223.18,4920.10933
2026-04-14 20:00:00+00:00,2026-04-14 23:59:59.999000+00:00,74223.3,74434.33,73806.09,74131.55,2155.77685
2026-04-15 00:00:00+00:00,2026-04-15 03:59:59.999000+00:00,74131.55,74786.72,74126.32,74345.97,2142.74367
2026-04-15 04:00:00+00:00,2026-04-15 07:59:59.999000+00:00,74345.98,74434.51,73514.0,73730.43,3073.4123
2026-04-15 08:00:00+00:00,2026-04-15 11:59:59.999000+00:00,73730.43,74256.44,73675.96,74201.78,1889.67298
2026-04-15 12:00:00+00:00,2026-04-15 15:59:59.999000+00:00,74201.78,74506.84,73580.85,73844.08,2744.86135
2026-04-15 16:00:00+00:00,2026-04-15 19:59:59.999000+00:00,73844.07,75281.0,73762.89,75002.6,2728.37363
2026-04-15 20:00:00+00:00,2026-04-15 23:59:59.999000+00:00,75002.6,75425.0,74512.06,74809.99,1845.97774
2026-04-16 00:00:00+00:00,2026-04-16 03:59:59.999000+00:00,74809.99,75267.85,74451.49,74888.21,1937.97594
2026-04-16 04:00:00+00:00,2026-04-16 07:59:59.999000+00:00,74888.21,75174.38,74636.0,74707.03,2185.42777
2026-04-16 08:00:00+00:00,2026-04-16 11:59:59.999000+00:00,74707.02,74901.5,74277.34,74574.79,2687.27336
2026-04-16 12:00:00+00:00,2026-04-16 15:59:59.999000+00:00,74574.8,75030.39,73309.85,74697.19,5210.02393
2026-04-16 16:00:00+00:00,2026-04-16 19:59:59.999000+00:00,74697.2,75410.71,73912.23,75342.99,3497.56
2026-04-16 20:00:00+00:00,2026-04-16 23:59:59.999000+00:00,75343.0,75534.76,74789.5,75154.29,1570.42677
2026-04-17 00:00:00+00:00,2026-04-17 03:59:59.999000+00:00,75154.28,75154.77,74529.4,74615.82,2160.86835
2026-04-17 04:00:00+00:00,2026-04-17 07:59:59.999000+00:00,74615.82,75089.51,74555.12,75074.77,1339.49148
2026-04-17 08:00:00+00:00,2026-04-17 11:59:59.999000+00:00,75074.76,76370.25,74993.24,75589.7,4979.26567
2026-04-17 12:00:00+00:00,2026-04-17 15:59:59.999000+00:00,75589.7,78052.49,75531.97,77785.02,11844.17586
2026-04-17 16:00:00+00:00,2026-04-17 19:59:59.999000+00:00,77785.03,78333.0,77000.0,77393.58,3865.48754
2026-04-17 20:00:00+00:00,2026-04-17 23:59:59.999000+00:00,77393.58,77611.68,76911.0,77072.0,1752.07804
2026-04-18 00:00:00+00:00,2026-04-18 03:59:59.999000+00:00,77072.01,77420.08,76962.67,77005.47,1127.42699
2026-04-18 04:00:00+00:00,2026-04-18 07:59:59.999000+00:00,77005.47,77278.58,76884.1,76997.8,1126.90915
2026-04-18 08:00:00+00:00,2026-04-18 11:59:59.999000+00:00,76997.79,77048.0,75763.76,76039.05,2670.18059
2026-04-18 12:00:00+00:00,2026-04-18 15:59:59.999000+00:00,76039.06,76363.75,75797.53,76167.34,1672.54902
2026-04-18 16:00:00+00:00,2026-04-18 19:59:59.999000+00:00,76167.33,76211.57,75445.16,75649.85,1564.20833
2026-04-18 20:00:00+00:00,2026-04-18 23:59:59.999000+00:00,75649.86,75891.64,75599.64,75691.76,980.57048
2026-04-19 00:00:00+00:00,2026-04-19 03:59:59.999000+00:00,75691.76,75847.42,75357.0,75515.77,1006.37687
2026-04-19 04:00:00+00:00,2026-04-19 07:59:59.999000+00:00,75515.76,75782.63,74867.72,75252.34,1626.173
2026-04-19 08:00:00+00:00,2026-04-19 11:59:59.999000+00:00,75252.33,75641.99,74921.74,75604.11,1388.70023
2026-04-19 12:00:00+00:00,2026-04-19 15:59:59.999000+00:00,75604.11,76240.66,75401.44,75846.63,2918.88485
2026-04-19 16:00:00+00:00,2026-04-19 19:59:59.999000+00:00,75846.63,75853.26,74608.0,74965.47,2037.3962
2026-04-19 20:00:00+00:00,2026-04-19 23:59:59.999000+00:00,74965.46,74965.47,73762.9,73801.79,2392.29117
2026-04-20 00:00:00+00:00,2026-04-20 03:59:59.999000+00:00,73801.8,74746.93,73724.31,74634.0,2498.4367
2026-04-20 04:00:00+00:00,2026-04-20 07:59:59.999000+00:00,74634.01,75572.0,74095.18,74837.17,2480.55303
2026-04-20 08:00:00+00:00,2026-04-20 11:59:59.999000+00:00,74837.18,75404.63,74619.41,75192.71,1646.53372
2026-04-20 12:00:00+00:00,2026-04-20 15:59:59.999000+00:00,75192.72,75772.72,74702.0,75716.77,3717.10765
2026-04-20 16:00:00+00:00,2026-04-20 19:59:59.999000+00:00,75716.78,76486.67,75289.92,76296.96,4186.21296
2026-04-20 20:00:00+00:00,2026-04-20 23:59:59.999000+00:00,76296.97,76558.62,75617.6,75840.97,2464.56628
2026-04-21 00:00:00+00:00,2026-04-21 03:59:59.999000+00:00,75840.97,76263.4,75474.77,75710.3,1612.43915
2026-04-21 04:00:00+00:00,2026-04-21 07:59:59.999000+00:00,75710.31,76300.0,75600.0,76084.34,2226.77918
2026-04-21 08:00:00+00:00,2026-04-21 11:59:59.999000+00:00,76084.34,76927.57,76063.98,76452.94,2659.19547
2026-04-21 12:00:00+00:00,2026-04-21 15:59:59.999000+00:00,76452.94,76595.3,75430.62,75834.65,3598.9457
2026-04-21 16:00:00+00:00,2026-04-21 19:59:59.999000+00:00,75834.66,76190.72,74821.57,75023.43,2902.15339
2026-04-21 20:00:00+00:00,2026-04-21 23:59:59.999000+00:00,75023.43,76425.37,74967.58,76336.15,1913.05843
2026-04-22 00:00:00+00:00,2026-04-22 03:59:59.999000+00:00,76336.14,77733.11,76132.95,77521.48,3427.92326
2026-04-22 04:00:00+00:00,2026-04-22 07:59:59.999000+00:00,77521.47,78452.18,77364.25,78012.79,4391.05885
2026-04-22 08:00:00+00:00,2026-04-22 11:59:59.999000+00:00,78012.78,78399.0,77941.59,78300.0,2316.44812
2026-04-22 12:00:00+00:00,2026-04-22 15:59:59.999000+00:00,78300.0,79400.0,78114.04,79272.9,5465.82641
2026-04-22 16:00:00+00:00,2026-04-22 19:59:59.999000+00:00,79272.91,79472.82,78632.37,78846.62,2393.5344
2026-04-22 20:00:00+00:00,2026-04-22 23:59:59.999000+00:00,78846.62,78915.84,78155.83,78178.23,1742.72121
2026-04-23 00:00:00+00:00,2026-04-23 03:59:59.999000+00:00,78178.22,78574.44,77453.43,77746.46,3482.97564
2026-04-23 04:00:00+00:00,2026-04-23 07:59:59.999000+00:00,77746.47,78339.35,77675.8,78048.62,1711.42731
2026-04-23 08:00:00+00:00,2026-04-23 11:59:59.999000+00:00,78048.61,78175.52,77174.01,77704.62,3562.23716
2026-04-23 12:00:00+00:00,2026-04-23 15:59:59.999000+00:00,77704.61,78662.5,77379.92,78376.76,3163.89025
2026-04-23 16:00:00+00:00,2026-04-23 19:59:59.999000+00:00,78376.77,78509.82,76960.0,77727.26,3947.74807
2026-04-23 20:00:00+00:00,2026-04-23 23:59:59.999000+00:00,77727.25,78331.0,77637.5,78257.48,1102.51658
2026-04-24 00:00:00+00:00,2026-04-24 03:59:59.999000+00:00,78257.48,78581.93,77555.0,77737.85,2050.74535
2026-04-24 04:00:00+00:00,2026-04-24 07:59:59.999000+00:00,77737.84,78057.65,77457.0,77644.6,2006.47598
2026-04-24 08:00:00+00:00,2026-04-24 11:59:59.999000+00:00,77644.59,78372.58,77402.01,78240.26,2919.1254
2026-04-24 12:00:00+00:00,2026-04-24 15:59:59.999000+00:00,78240.27,78479.37,77577.22,78038.62,2850.11432
2026-04-24 16:00:00+00:00,2026-04-24 19:59:59.999000+00:00,78038.63,78060.29,77363.63,77628.85,1634.32254
2026-04-24 20:00:00+00:00,2026-04-24 23:59:59.999000+00:00,77628.84,77757.14,77264.08,77437.13,1214.35956
2026-04-25 00:00:00+00:00,2026-04-25 03:59:59.999000+00:00,77437.13,77711.87,77309.92,77679.07,943.00804
2026-04-25 04:00:00+00:00,2026-04-25 07:59:59.999000+00:00,77679.08,77691.23,77450.0,77501.19,894.01774
2026-04-25 08:00:00+00:00,2026-04-25 11:59:59.999000+00:00,77501.19,77885.35,77491.36,77682.3,753.19705
2026-04-25 12:00:00+00:00,2026-04-25 15:59:59.999000+00:00,77682.29,77752.54,77299.89,77330.26,1006.59668
2026-04-25 16:00:00+00:00,2026-04-25 19:59:59.999000+00:00,77330.25,77454.31,77140.23,77330.01,1247.67486
2026-04-25 20:00:00+00:00,2026-04-25 23:59:59.999000+00:00,77330.0,77650.0,77311.05,77625.0,840.61983
2026-04-26 00:00:00+00:00,2026-04-26 03:59:59.999000+00:00,77625.0,77642.43,77326.51,77400.21,671.17692
2026-04-26 04:00:00+00:00,2026-04-26 07:59:59.999000+00:00,77400.21,78200.0,77383.46,78102.53,1405.76785
2026-04-26 08:00:00+00:00,2026-04-26 11:59:59.999000+00:00,78102.53,78210.0,77926.59,78101.44,721.69853
2026-04-26 12:00:00+00:00,2026-04-26 15:59:59.999000+00:00,78101.43,78173.15,77770.0,78049.0,1130.54235
2026-04-26 16:00:00+00:00,2026-04-26 19:59:59.999000+00:00,78049.0,78500.0,77850.0,78221.16,1505.06004
2026-04-26 20:00:00+00:00,2026-04-26 23:59:59.999000+00:00,78221.17,78961.0,77843.75,78657.55,2529.31593
2026-04-27 00:00:00+00:00,2026-04-27 03:59:59.999000+00:00,78657.55,79485.66,78400.03,79105.49,3042.99628
2026-04-27 04:00:00+00:00,2026-04-27 07:59:59.999000+00:00,79105.5,79160.0,77465.05,77606.6,3608.39615
2026-04-27 08:00:00+00:00,2026-04-27 11:59:59.999000+00:00,77606.59,77980.0,77553.23,77844.26,1607.93582
2026-04-27 12:00:00+00:00,2026-04-27 15:59:59.999000+00:00,77844.25,78265.34,76564.33,76793.09,3804.78309
2026-04-27 16:00:00+00:00,2026-04-27 19:59:59.999000+00:00,76793.1,76990.43,76459.64,76878.07,2644.9239
2026-04-27 20:00:00+00:00,2026-04-27 23:59:59.999000+00:00,76878.23,77450.0,76763.71,77371.32,1337.88894
2026-04-28 00:00:00+00:00,2026-04-28 03:59:59.999000+00:00,77371.32,77478.0,76672.0,76815.18,1448.26407
2026-04-28 04:00:00+00:00,2026-04-28 07:59:59.999000+00:00,76815.18,77154.0,76424.9,76879.28,2882.71195
2026-04-28 08:00:00+00:00,2026-04-28 11:59:59.999000+00:00,76879.28,77013.63,76130.1,76229.0,2842.73206
2026-04-28 12:00:00+00:00,2026-04-28 15:59:59.999000+00:00,76228.99,76421.94,75666.6,76066.38,3776.77215
2026-04-28 16:00:00+00:00,2026-04-28 19:59:59.999000+00:00,76066.37,76380.83,75881.28,76330.97,1381.80454
2026-04-28 20:00:00+00:00,2026-04-28 23:59:59.999000+00:00,76330.97,76481.3,76197.02,76342.77,878.43906
2026-04-29 00:00:00+00:00,2026-04-29 03:59:59.999000+00:00,76342.78,77127.62,76187.75,76994.78,1891.92924
2026-04-29 04:00:00+00:00,2026-04-29 07:59:59.999000+00:00,76994.77,77455.71,76880.0,77053.64,2974.5751
2026-04-29 08:00:00+00:00,2026-04-29 11:59:59.999000+00:00,77053.65,77904.93,76972.32,77590.03,2697.20554
2026-04-29 12:00:00+00:00,2026-04-29 15:59:59.999000+00:00,77590.04,77596.39,75705.32,75924.25,5263.52444
2026-04-29 16:00:00+00:00,2026-04-29 19:59:59.999000+00:00,75924.24,76274.8,74937.52,75563.86,3962.49362
2026-04-29 20:00:00+00:00,2026-04-29 23:59:59.999000+00:00,75563.87,76088.9,75497.43,75780.0,1490.20228
2026-04-30 00:00:00+00:00,2026-04-30 03:59:59.999000+00:00,75780.0,76473.26,75494.7,75928.1,1613.44526
2026-04-30 04:00:00+00:00,2026-04-30 07:59:59.999000+00:00,75928.09,76179.91,75323.65,76161.67,1807.58096
2026-04-30 08:00:00+00:00,2026-04-30 11:59:59.999000+00:00,76161.67,76339.38,75876.29,76059.43,1712.03014
2026-04-30 12:00:00+00:00,2026-04-30 15:59:59.999000+00:00,76059.42,76669.14,76042.75,76473.6,3506.19966
2026-04-30 16:00:00+00:00,2026-04-30 19:59:59.999000+00:00,76473.6,76514.8,76111.0,76412.8,930.96663
2026-04-30 20:00:00+00:00,2026-04-30 23:59:59.999000+00:00,76412.8,76568.9,76206.02,76346.57,811.59342
2026-05-01 00:00:00+00:00,2026-05-01 03:59:59.999000+00:00,76346.58,77453.74,76320.42,77131.08,2250.38749
2026-05-01 04:00:00+00:00,2026-05-01 07:59:59.999000+00:00,77131.08,77206.38,76653.6,77130.54,2352.39487
2026-05-01 08:00:00+00:00,2026-05-01 11:59:59.999000+00:00,77130.54,77600.0,77048.0,77463.98,1968.27324
2026-05-01 12:00:00+00:00,2026-05-01 15:59:59.999000+00:00,77463.98,78914.12,77408.73,78445.89,6731.19551
2026-05-01 16:00:00+00:00,2026-05-01 19:59:59.999000+00:00,78445.88,78683.23,78131.02,78360.0,2194.42574
2026-05-01 20:00:00+00:00,2026-05-01 23:59:59.999000+00:00,78360.01,78422.81,77752.0,78231.13,1818.78817
2026-05-02 00:00:00+00:00,2026-05-02 03:59:59.999000+00:00,78231.13,78514.82,78166.48,78400.0,1196.13639
2026-05-02 04:00:00+00:00,2026-05-02 07:59:59.999000+00:00,78399.99,78448.99,78040.0,78220.0,1475.03871
2026-05-02 08:00:00+00:00,2026-05-02 11:59:59.999000+00:00,78220.0,78394.0,78094.43,78143.08,868.1323
2026-05-02 12:00:00+00:00,2026-05-02 15:59:59.999000+00:00,78143.09,78487.68,78108.41,78487.67,726.08154
2026-05-02 16:00:00+00:00,2026-05-02 19:59:59.999000+00:00,78487.67,78596.61,78310.54,78486.0,708.03792
2026-05-02 20:00:00+00:00,2026-05-02 23:59:59.999000+00:00,78486.23,79199.48,78418.32,78686.85,1177.44956
2026-05-03 00:00:00+00:00,2026-05-03 03:59:59.999000+00:00,78686.84,78754.55,78108.75,78203.08,1047.76325
2026-05-03 04:00:00+00:00,2026-05-03 07:59:59.999000+00:00,78203.07,78483.67,78084.08,78363.25,794.16967
2026-05-03 08:00:00+00:00,2026-05-03 11:59:59.999000+00:00,78363.24,78849.22,78354.53,78656.01,948.77514
2026-05-03 12:00:00+00:00,2026-05-03 15:59:59.999000+00:00,78656.01,78878.77,78586.99,78668.36,1137.8563
2026-05-03 16:00:00+00:00,2026-05-03 19:59:59.999000+00:00,78668.36,78853.32,78558.65,78760.32,916.2637
2026-05-03 20:00:00+00:00,2026-05-03 23:59:59.999000+00:00,78760.32,79447.0,78484.42,78568.57,2580.96484
2026-05-04 00:00:00+00:00,2026-05-04 03:59:59.999000+00:00,78568.58,80458.0,78288.88,80316.31,5091.61332
2026-05-04 04:00:00+00:00,2026-05-04 07:59:59.999000+00:00,80316.3,80635.51,79500.0,79696.75,3632.41236
2026-05-04 08:00:00+00:00,2026-05-04 11:59:59.999000+00:00,79696.75,79930.0,78202.0,78793.67,5989.03806
2026-05-04 12:00:00+00:00,2026-05-04 15:59:59.999000+00:00,78793.67,80545.17,78500.0,80028.85,5918.14009
2026-05-04 16:00:00+00:00,2026-05-04 19:59:59.999000+00:00,80028.85,80776.99,79619.33,80053.31,3742.49503
2026-05-04 20:00:00+00:00,2026-05-04 23:59:59.999000+00:00,80053.31,80397.19,79744.91,79861.01,1669.26249
2026-05-05 00:00:00+00:00,2026-05-05 03:59:59.999000+00:00,79861.01,81083.98,79808.72,80893.08,2402.14099
2026-05-05 04:00:00+00:00,2026-05-05 07:59:59.999000+00:00,80893.08,81323.52,80725.0,80855.59,2974.59341
2026-05-05 08:00:00+00:00,2026-05-05 11:59:59.999000+00:00,80855.59,81095.48,80527.76,81014.05,2484.57226
2026-05-05 12:00:00+00:00,2026-05-05 15:59:59.999000+00:00,81014.05,81712.32,80932.54,81525.19,4561.19169
2026-05-05 16:00:00+00:00,2026-05-05 19:59:59.999000+00:00,81525.19,81680.0,81050.04,81606.35,1780.45876
2026-05-05 20:00:00+00:00,2026-05-05 23:59:59.999000+00:00,81606.35,81791.48,80790.0,80905.52,2744.22284
2026-05-06 00:00:00+00:00,2026-05-06 03:59:59.999000+00:00,80905.53,81760.84,80731.14,81581.69,3011.74344
2026-05-06 04:00:00+00:00,2026-05-06 07:59:59.999000+00:00,81581.7,81649.99,81060.0,81359.82,2300.70653
2026-05-06 08:00:00+00:00,2026-05-06 11:59:59.999000+00:00,81359.82,82850.0,81328.68,82522.89,5188.93186
2026-05-06 12:00:00+00:00,2026-05-06 15:59:59.999000+00:00,82522.88,82539.33,81136.0,81704.25,4508.6602
2026-05-06 16:00:00+00:00,2026-05-06 19:59:59.999000+00:00,81704.25,81907.51,81200.0,81464.87,2369.91746
2026-05-06 20:00:00+00:00,2026-05-06 23:59:59.999000+00:00,81464.86,81700.0,81000.0,81447.01,1418.81447
2026-05-07 00:00:00+00:00,2026-05-07 03:59:59.999000+00:00,81447.01,81490.03,80830.23,80834.91,2068.1731
2026-05-07 04:00:00+00:00,2026-05-07 07:59:59.999000+00:00,80834.92,81708.32,80725.09,81518.58,2038.83969
2026-05-07 08:00:00+00:00,2026-05-07 11:59:59.999000+00:00,81518.57,81590.0,80572.4,80866.65,2364.09693
2026-05-07 12:00:00+00:00,2026-05-07 15:59:59.999000+00:00,80866.65,81180.0,79699.52,79890.63,4826.66306
2026-05-07 16:00:00+00:00,2026-05-07 19:59:59.999000+00:00,79890.0,80269.06,79500.0,80146.11,3315.14425
2026-05-07 20:00:00+00:00,2026-05-07 23:59:59.999000+00:00,80146.77,80371.23,79582.95,80006.0,1541.88635
2026-05-08 00:00:00+00:00,2026-05-08 03:59:59.999000+00:00,80006.0,80142.84,79181.48,79578.85,3093.73664
2026-05-08 04:00:00+00:00,2026-05-08 07:59:59.999000+00:00,79578.84,79778.95,79248.58,79682.4,2410.56518
2026-05-08 08:00:00+00:00,2026-05-08 11:59:59.999000+00:00,79682.4,80340.94,79666.05,80231.22,2348.19703
2026-05-08 12:00:00+00:00,2026-05-08 15:59:59.999000+00:00,80231.22,80500.0,79549.54,80142.14,3741.40163
2026-05-08 16:00:00+00:00,2026-05-08 19:59:59.999000+00:00,80142.13,80299.99,79738.75,80179.94,3047.90033
2026-05-08 20:00:00+00:00,2026-05-08 23:59:59.999000+00:00,80180.0,80409.09,80089.76,80193.17,1359.50928
2026-05-09 00:00:00+00:00,2026-05-09 03:59:59.999000+00:00,80193.18,80550.67,80129.85,80383.95,1093.10948
2026-05-09 04:00:00+00:00,2026-05-09 07:59:59.999000+00:00,80383.96,80666.66,80135.0,80228.89,1481.48785
2026-05-09 08:00:00+00:00,2026-05-09 11:59:59.999000+00:00,80228.88,80452.44,80166.26,80345.46,1009.73824
2026-05-09 12:00:00+00:00,2026-05-09 15:59:59.999000+00:00,80345.47,80600.0,80234.0,80527.92,1439.92073
2026-05-09 16:00:00+00:00,2026-05-09 19:59:59.999000+00:00,80527.92,81080.0,80487.4,80938.53,1533.85565
2026-05-09 20:00:00+00:00,2026-05-09 23:59:59.999000+00:00,80938.53,80938.53,80621.88,80678.4,990.30982
2026-05-10 00:00:00+00:00,2026-05-10 03:59:59.999000+00:00,80678.41,80887.15,80572.77,80775.0,1332.26793
2026-05-10 04:00:00+00:00,2026-05-10 07:59:59.999000+00:00,80774.99,80840.0,80658.97,80736.03,1238.41638
2026-05-10 08:00:00+00:00,2026-05-10 11:59:59.999000+00:00,80736.03,80975.4,80691.0,80821.21,1108.70905
2026-05-10 12:00:00+00:00,2026-05-10 15:59:59.999000+00:00,80821.21,81442.81,80784.2,81418.01,1642.67937
2026-05-10 16:00:00+00:00,2026-05-10 19:59:59.999000+00:00,81418.01,81583.11,81148.0,81437.83,1798.22732
2026-05-10 20:00:00+00:00,2026-05-10 23:59:59.999000+00:00,81437.83,82479.32,80279.77,82210.07,4914.01877
2026-05-11 00:00:00+00:00,2026-05-11 03:59:59.999000+00:00,82210.07,82380.0,80525.0,80736.01,3139.85094
2026-05-11 04:00:00+00:00,2026-05-11 07:59:59.999000+00:00,80736.0,81049.51,80639.99,80740.4,1595.10256
2026-05-11 08:00:00+00:00,2026-05-11 11:59:59.999000+00:00,80740.4,81200.0,80621.87,81196.94,1639.3936
2026-05-11 12:00:00+00:00,2026-05-11 15:59:59.999000+00:00,81196.95,81458.0,80462.97,81445.9,2668.23418
2026-05-11 16:00:00+00:00,2026-05-11 19:59:59.999000+00:00,81445.89,82137.26,81344.72,81961.99,2673.46567
2026-05-11 20:00:00+00:00,2026-05-11 23:59:59.999000+00:00,81961.99,82078.91,81596.31,81745.65,1235.71361
2026-05-12 00:00:00+00:00,2026-05-12 03:59:59.999000+00:00,81745.66,81788.0,80714.28,81058.8,1860.32116
2026-05-12 04:00:00+00:00,2026-05-12 07:59:59.999000+00:00,81058.79,81305.24,80800.77,80865.4,1779.90239
2026-05-12 08:00:00+00:00,2026-05-12 11:59:59.999000+00:00,80865.4,80964.13,80496.57,80784.87,1973.06446
2026-05-12 12:00:00+00:00,2026-05-12 15:59:59.999000+00:00,80784.86,80999.0,80188.65,80336.01,3205.73752
2026-05-12 16:00:00+00:00,2026-05-12 19:59:59.999000+00:00,80336.01,80874.42,79843.59,80834.64,2673.67675
2026-05-12 20:00:00+00:00,2026-05-12 23:59:59.999000+00:00,80835.3,80896.25,80439.91,80504.47,893.55448
2026-05-13 00:00:00+00:00,2026-05-13 03:59:59.999000+00:00,80504.47,81299.99,80412.15,81249.99,1575.91837
2026-05-13 04:00:00+00:00,2026-05-13 07:59:59.999000+00:00,81249.99,81281.07,80889.12,81026.92,1495.76347
2026-05-13 08:00:00+00:00,2026-05-13 11:59:59.999000+00:00,81026.92,81324.64,80494.98,80501.22,1841.28298
2026-05-13 12:00:00+00:00,2026-05-13 15:59:59.999000+00:00,80501.22,80592.65,78807.22,78827.21,5073.46241
2026-05-13 16:00:00+00:00,2026-05-13 19:59:59.999000+00:00,78827.21,79800.0,78754.65,79642.41,3344.60077
2026-05-13 20:00:00+00:00,2026-05-13 23:59:59.999000+00:00,79642.41,79760.0,79228.0,79313.61,1479.02843
2026-05-14 00:00:00+00:00,2026-05-14 03:59:59.999000+00:00,79313.61,79681.73,78922.0,79044.85,2209.55472
2026-05-14 04:00:00+00:00,2026-05-14 07:59:59.999000+00:00,79044.86,79998.0,78982.06,79745.98,2068.97946
2026-05-14 08:00:00+00:00,2026-05-14 11:59:59.999000+00:00,79745.99,79936.98,79234.0,79258.27,1846.46215
2026-05-14 12:00:00+00:00,2026-05-14 15:59:59.999000+00:00,79258.27,81332.23,79230.31,81301.23,5702.09728
2026-05-14 16:00:00+00:00,2026-05-14 19:59:59.999000+00:00,81301.22,82048.13,81080.25,81419.74,6279.93607
2026-05-14 20:00:00+00:00,2026-05-14 23:59:59.999000+00:00,81419.75,81590.19,81059.93,81089.99,1620.83839
2026-05-15 00:00:00+00:00,2026-05-15 03:59:59.999000+00:00,81090.0,81664.45,80750.0,81059.15,2453.72559
2026-05-15 04:00:00+00:00,2026-05-15 07:59:59.999000+00:00,81059.15,81100.0,80314.0,80814.88,3091.1014
2026-05-15 08:00:00+00:00,2026-05-15 11:59:59.999000+00:00,80814.88,80822.95,80369.0,80628.53,1706.25967
2026-05-15 12:00:00+00:00,2026-05-15 15:59:59.999000+00:00,80628.52,80635.44,78659.0,79150.27,6208.56941
2026-05-15 16:00:00+00:00,2026-05-15 19:59:59.999000+00:00,79150.26,79561.94,79051.0,79146.5,1959.36078
2026-05-15 20:00:00+00:00,2026-05-15 23:59:59.999000+00:00,79146.5,79217.07,78911.42,79113.21,1932.25394
2026-05-16 00:00:00+00:00,2026-05-16 03:59:59.999000+00:00,79113.2,79227.77,79010.0,79083.18,1248.1828
2026-05-16 04:00:00+00:00,2026-05-16 07:59:59.999000+00:00,79083.19,79129.71,78066.0,78369.77,2404.82958
2026-05-16 08:00:00+00:00,2026-05-16 11:59:59.999000+00:00,78369.78,78530.52,77640.0,78081.71,3846.10003
2026-05-16 12:00:00+00:00,2026-05-16 15:59:59.999000+00:00,78080.46,78346.0,77833.4,78238.67,2684.35726
2026-05-16 16:00:00+00:00,2026-05-16 19:59:59.999000+00:00,78238.68,78364.65,78119.72,78259.66,1260.04581
2026-05-16 20:00:00+00:00,2026-05-16 23:59:59.999000+00:00,78259.67,78318.94,78125.32,78148.05,689.34644
2026-05-17 00:00:00+00:00,2026-05-17 03:59:59.999000+00:00,78148.05,78243.19,77721.19,78028.88,1284.92928
2026-05-17 04:00:00+00:00,2026-05-17 07:59:59.999000+00:00,78028.88,78323.96,78003.35,78180.01,952.09545
2026-05-17 08:00:00+00:00,2026-05-17 11:59:59.999000+00:00,78180.0,78599.99,78033.01,78415.99,1136.18338
2026-05-17 12:00:00+00:00,2026-05-17 15:59:59.999000+00:00,78415.99,78550.0,77850.0,78051.41,1115.91599
2026-05-17 16:00:00+00:00,2026-05-17 19:59:59.999000+00:00,78051.42,78468.46,77856.69,78415.3,837.07576
2026-05-17 20:00:00+00:00,2026-05-17 23:59:59.999000+00:00,78415.29,78485.36,76735.16,77457.67,3116.50234
2026-05-18 00:00:00+00:00,2026-05-18 03:59:59.999000+00:00,77457.67,77477.99,76707.61,76924.65,2888.01155
2026-05-18 04:00:00+00:00,2026-05-18 07:59:59.999000+00:00,76924.66,77089.29,76583.33,77073.69,2702.66726
2026-05-18 08:00:00+00:00,2026-05-18 11:59:59.999000+00:00,77073.69,77403.48,76668.58,77285.83,2052.55387
2026-05-18 12:00:00+00:00,2026-05-18 15:59:59.999000+00:00,77285.83,77800.0,76051.0,76409.46,6216.09738
2026-05-18 16:00:00+00:00,2026-05-18 19:59:59.999000+00:00,76409.46,76995.0,76144.24,76928.0,3295.85681
2026-05-18 20:00:00+00:00,2026-05-18 23:59:59.999000+00:00,76928.0,77222.79,76800.0,77001.87,1590.32991
2026-05-19 00:00:00+00:00,2026-05-19 03:59:59.999000+00:00,77001.88,77414.62,76487.83,76787.11,2006.76014
2026-05-19 04:00:00+00:00,2026-05-19 07:59:59.999000+00:00,76787.1,77278.57,76644.98,77233.69,1508.45954
2026-05-19 08:00:00+00:00,2026-05-19 11:59:59.999000+00:00,77233.68,77317.02,76633.83,76714.62,1745.68912
2026-05-19 12:00:00+00:00,2026-05-19 15:59:59.999000+00:00,76714.61,77048.72,76144.71,76521.23,3363.76947
2026-05-19 16:00:00+00:00,2026-05-19 19:59:59.999000+00:00,76521.24,77065.8,76407.72,76818.74,1634.99916
2026-05-19 20:00:00+00:00,2026-05-19 23:59:59.999000+00:00,76818.73,77040.83,76642.95,76834.36,765.18235
2026-05-20 00:00:00+00:00,2026-05-20 03:59:59.999000+00:00,76834.36,76922.46,76516.74,76723.54,1561.801
2026-05-20 04:00:00+00:00,2026-05-20 07:59:59.999000+00:00,76723.55,77472.21,76692.0,77282.64,2218.09189
2026-05-20 08:00:00+00:00,2026-05-20 11:59:59.999000+00:00,77282.65,77663.0,77210.33,77382.49,1682.41191
2026-05-20 12:00:00+00:00,2026-05-20 15:59:59.999000+00:00,77382.5,77853.04,76891.61,77455.46,3039.76807
2026-05-20 16:00:00+00:00,2026-05-20 19:59:59.999000+00:00,77455.45,77713.66,77018.38,77667.49,1712.28825
2026-05-20 20:00:00+00:00,2026-05-20 23:59:59.999000+00:00,77667.49,77766.6,77226.61,77552.23,1081.90195
2026-05-21 00:00:00+00:00,2026-05-21 03:59:59.999000+00:00,77552.24,78173.15,77525.0,78078.72,2263.9569
2026-05-21 04:00:00+00:00,2026-05-21 07:59:59.999000+00:00,78078.72,78180.01,77521.0,77889.01,1454.09234
2026-05-21 08:00:00+00:00,2026-05-21 11:59:59.999000+00:00,77889.01,78200.0,77147.15,77189.1,1934.87402
2026-05-21 12:00:00+00:00,2026-05-21 15:59:59.999000+00:00,77189.1,77402.12,76719.47,77259.46,2353.9044
2026-05-21 16:00:00+00:00,2026-05-21 19:59:59.999000+00:00,77259.45,78098.16,77008.75,77690.56,2693.31851
2026-05-21 20:00:00+00:00,2026-05-21 23:59:59.999000+00:00,77690.56,77813.35,77534.43,77615.52,618.11224
2026-05-22 00:00:00+00:00,2026-05-22 03:59:59.999000+00:00,77615.52,77817.8,77327.28,77779.98,884.30161
2026-05-22 04:00:00+00:00,2026-05-22 07:59:59.999000+00:00,77779.98,77900.0,77288.77,77408.06,1756.84353
2026-05-22 08:00:00+00:00,2026-05-22 11:59:59.999000+00:00,77408.07,77535.0,77184.45,77428.84,1436.53453
2026-05-22 12:00:00+00:00,2026-05-22 15:59:59.999000+00:00,77428.83,77584.94,76570.0,76790.59,2613.83665
2026-05-22 16:00:00+00:00,2026-05-22 19:59:59.999000+00:00,76790.6,77093.72,75668.76,75860.44,2815.05544
2026-05-22 20:00:00+00:00,2026-05-22 23:59:59.999000+00:00,75860.44,76087.85,75359.18,75539.5,1765.78958
2026-05-23 00:00:00+00:00,2026-05-23 03:59:59.999000+00:00,75539.5,75664.62,75220.0,75635.22,1896.10926
2026-05-23 04:00:00+00:00,2026-05-23 07:59:59.999000+00:00,75635.22,75650.63,74289.6,74609.36,2690.99014
2026-05-23 08:00:00+00:00,2026-05-23 11:59:59.999000+00:00,74609.37,74873.55,74303.56,74789.99,2509.09623
2026-05-23 12:00:00+00:00,2026-05-23 15:59:59.999000+00:00,74789.99,75726.3,74660.05,75520.0,2943.5001
2026-05-23 16:00:00+00:00,2026-05-23 19:59:59.999000+00:00,75519.99,76012.22,75371.72,75983.45,1772.27259
2026-05-23 20:00:00+00:00,2026-05-23 23:59:59.999000+00:00,75983.45,77404.18,75953.94,76752.01,3274.91982
2026-05-24 00:00:00+00:00,2026-05-24 03:59:59.999000+00:00,76752.0,77011.62,76629.02,76750.0,1051.70404
2026-05-24 04:00:00+00:00,2026-05-24 07:59:59.999000+00:00,76750.01,77065.94,76651.59,76799.99,817.66826
2026-05-24 08:00:00+00:00,2026-05-24 11:59:59.999000+00:00,76799.99,77543.15,76734.42,77320.06,1746.24676
2026-05-24 12:00:00+00:00,2026-05-24 15:59:59.999000+00:00,77320.06,77325.72,76195.36,76371.59,1982.25663
2026-05-24 16:00:00+00:00,2026-05-24 19:59:59.999000+00:00,76371.59,76799.99,76371.59,76773.34,882.04437
2026-05-24 20:00:00+00:00,2026-05-24 23:59:59.999000+00:00,76773.33,77225.97,76108.0,77064.96,1918.0815
2026-05-25 00:00:00+00:00,2026-05-25 03:59:59.999000+00:00,77064.96,77485.0,76914.25,77026.67,1368.4044
2026-05-25 04:00:00+00:00,2026-05-25 07:59:59.999000+00:00,77026.68,77650.0,76990.78,77401.12,1348.52945
2026-05-25 08:00:00+00:00,2026-05-25 11:59:59.999000+00:00,77401.11,77699.97,77280.32,77357.5,1214.44703
2026-05-25 12:00:00+00:00,2026-05-25 15:59:59.999000+00:00,77357.5,77905.52,77286.5,77628.82,1563.39696
2026-05-25 16:00:00+00:00,2026-05-25 19:59:59.999000+00:00,77628.82,77807.29,77343.61,77441.86,1121.16576
2026-05-25 20:00:00+00:00,2026-05-25 23:59:59.999000+00:00,77441.85,77500.0,77019.82,77322.01,1056.37837
2026-05-26 00:00:00+00:00,2026-05-26 03:59:59.999000+00:00,77322.01,77345.0,76475.59,76664.01,2145.81269
2026-05-26 04:00:00+00:00,2026-05-26 07:59:59.999000+00:00,76664.0,77059.74,76603.73,76730.84,2043.2043
2026-05-26 08:00:00+00:00,2026-05-26 11:59:59.999000+00:00,76730.84,77621.75,76586.94,77183.55,1896.99632
2026-05-26 12:00:00+00:00,2026-05-26 15:59:59.999000+00:00,77183.56,78080.0,76272.63,76518.1,4834.0846
2026-05-26 16:00:00+00:00,2026-05-26 19:59:59.999000+00:00,76518.1,76710.01,75779.3,76052.0,4688.69854
2026-05-26 20:00:00+00:00,2026-05-26 23:59:59.999000+00:00,76052.0,76180.0,75677.97,75930.01,1344.67984
2026-05-27 00:00:00+00:00,2026-05-27 03:59:59.999000+00:00,75930.01,76104.02,75607.62,75683.0,2404.25109
2026-05-27 04:00:00+00:00,2026-05-27 07:59:59.999000+00:00,75683.0,75980.0,75310.9,75977.17,2224.40852
2026-05-27 08:00:00+00:00,2026-05-27 11:59:59.999000+00:00,75977.16,76071.41,75710.76,75769.18,1291.66875
2026-05-27 12:00:00+00:00,2026-05-27 15:59:59.999000+00:00,75769.18,76174.15,74758.33,75326.01,5186.20338
2026-05-27 16:00:00+00:00,2026-05-27 19:59:59.999000+00:00,75326.02,75408.01,74663.45,75066.08,3165.53822
2026-05-27 20:00:00+00:00,2026-05-27 23:59:59.999000+00:00,75066.09,75415.81,74243.99,74449.3,2605.70487
2026-05-28 00:00:00+00:00,2026-05-28 03:59:59.999000+00:00,74449.31,74590.77,73060.59,73258.01,5727.94403
2026-05-28 04:00:00+00:00,2026-05-28 07:59:59.999000+00:00,73258.0,73512.14,72728.85,73498.0,4799.6102
2026-05-28 08:00:00+00:00,2026-05-28 11:59:59.999000+00:00,73498.0,73616.0,73193.13,73505.66,1994.38372
2026-05-28 12:00:00+00:00,2026-05-28 15:59:59.999000+00:00,73505.65,73580.75,72582.82,72928.73,4632.38493
2026-05-28 16:00:00+00:00,2026-05-28 19:59:59.999000+00:00,72928.73,73749.69,72741.4,73419.32,2524.28664
2026-05-28 20:00:00+00:00,2026-05-28 23:59:59.999000+00:00,73419.31,73949.22,73241.48,73617.51,1595.41074
2026-05-29 00:00:00+00:00,2026-05-29 03:59:59.999000+00:00,73617.52,73868.33,73189.11,73301.52,2123.30407
2026-05-29 04:00:00+00:00,2026-05-29 07:59:59.999000+00:00,73301.53,73939.19,73210.21,73528.56,2641.80699
2026-05-29 08:00:00+00:00,2026-05-29 11:59:59.999000+00:00,73528.55,73902.85,73341.85,73487.98,2197.79295
2026-05-29 12:00:00+00:00,2026-05-29 15:59:59.999000+00:00,73487.98,74200.0,72512.49,73808.26,4624.93207
2026-05-29 16:00:00+00:00,2026-05-29 19:59:59.999000+00:00,73808.25,74514.1,73187.25,73520.28,5596.86593
2026-05-29 20:00:00+00:00,2026-05-29 23:59:59.999000+00:00,73520.29,73844.0,73320.0,73460.78,1502.0394
2026-05-30 00:00:00+00:00,2026-05-30 03:59:59.999000+00:00,73460.78,73796.43,73408.62,73524.01,1539.64276
2026-05-30 04:00:00+00:00,2026-05-30 07:59:59.999000+00:00,73524.01,73709.91,73216.0,73548.6,1487.87007
2026-05-30 08:00:00+00:00,2026-05-30 11:59:59.999000+00:00,73548.6,73680.75,73500.02,73602.02,1076.47863
2026-05-30 12:00:00+00:00,2026-05-30 15:59:59.999000+00:00,73602.01,74100.0,73594.4,73930.14,1485.09864
2026-05-30 16:00:00+00:00,2026-05-30 19:59:59.999000+00:00,73930.13,74143.76,73811.3,74016.65,836.20775
2026-05-30 20:00:00+00:00,2026-05-30 23:59:59.999000+00:00,74016.64,74054.0,73781.3,73884.38,1090.11124
2026-05-31 00:00:00+00:00,2026-05-31 03:59:59.999000+00:00,73884.38,74275.66,73858.56,74150.64,1099.56261
2026-05-31 04:00:00+00:00,2026-05-31 07:59:59.999000+00:00,74150.64,74221.33,73836.0,73871.24,869.39106
2026-05-31 08:00:00+00:00,2026-05-31 11:59:59.999000+00:00,73871.25,74024.0,73699.2,73937.79,1250.59286
2026-05-31 12:00:00+00:00,2026-05-31 15:59:59.999000+00:00,73937.63,74023.99,73483.05,73655.21,1349.33176
2026-05-31 16:00:00+00:00,2026-05-31 19:59:59.999000+00:00,73655.2,73734.0,73400.0,73563.42,985.40321
2026-05-31 20:00:00+00:00,2026-05-31 23:59:59.999000+00:00,73563.41,74198.0,73500.0,73674.39,1432.17557
2026-06-01 00:00:00+00:00,2026-06-01 03:59:59.999000+00:00,73674.39,74092.0,73222.0,73769.06,1797.97503
2026-06-01 04:00:00+00:00,2026-06-01 07:59:59.999000+00:00,73769.06,73841.37,72704.0,72818.0,2313.7758
2026-06-01 08:00:00+00:00,2026-06-01 11:59:59.999000+00:00,72818.0,73095.64,72290.0,72479.99,4064.81004
2026-06-01 12:00:00+00:00,2026-06-01 15:59:59.999000+00:00,72480.0,72610.0,71066.33,71129.62,8608.45364
2026-06-01 16:00:00+00:00,2026-06-01 19:59:59.999000+00:00,71129.62,71800.73,70686.68,71595.24,4920.23395
2026-06-01 20:00:00+00:00,2026-06-01 23:59:59.999000+00:00,71595.24,71690.0,70840.9,71408.9,2215.84338
2026-06-02 00:00:00+00:00,2026-06-02 03:59:59.999000+00:00,71408.9,71408.9,70111.0,70953.69,3525.64758
2026-06-02 04:00:00+00:00,2026-06-02 07:59:59.999000+00:00,70953.7,71048.0,69733.0,70118.42,4217.43297
2026-06-02 08:00:00+00:00,2026-06-02 11:59:59.999000+00:00,70118.42,70172.0,69324.65,69461.72,3766.33037
2026-06-02 12:00:00+00:00,2026-06-02 15:59:59.999000+00:00,69461.73,69548.13,67076.0,67304.28,9534.68154
2026-06-02 16:00:00+00:00,2026-06-02 19:59:59.999000+00:00,67304.29,68146.3,66432.0,67315.14,5955.1383
2026-06-02 20:00:00+00:00,2026-06-02 23:59:59.999000+00:00,67315.14,67923.24,66193.0,66760.83,5858.9651
2026-06-03 00:00:00+00:00,2026-06-03 03:59:59.999000+00:00,66760.84,67204.15,65426.34,65849.9,5876.92165
2026-06-03 04:00:00+00:00,2026-06-03 07:59:59.999000+00:00,65849.9,67516.0,65834.0,67220.03,5699.32885
2026-06-03 08:00:00+00:00,2026-06-03 11:59:59.999000+00:00,67220.03,67476.69,66656.48,67067.37,3840.69634
2026-06-03 12:00:00+00:00,2026-06-03 15:59:59.999000+00:00,67067.37,67244.62,66076.0,66076.01,4537.71513
2026-06-03 16:00:00+00:00,2026-06-03 19:59:59.999000+00:00,66076.01,66373.18,65251.0,65462.0,4242.73831
2026-06-03 20:00:00+00:00,2026-06-03 23:59:59.999000+00:00,65461.99,65860.0,64092.49,64142.75,5940.90622
2026-06-04 00:00:00+00:00,2026-06-04 03:59:59.999000+00:00,64142.75,64540.3,61383.56,64363.49,16957.23407
2026-06-04 04:00:00+00:00,2026-06-04 07:59:59.999000+00:00,64363.49,64764.32,63492.89,63603.15,5000.68767
2026-06-04 08:00:00+00:00,2026-06-04 11:59:59.999000+00:00,63603.15,63904.63,62205.0,62545.99,8595.49118
2026-06-04 12:00:00+00:00,2026-06-04 15:59:59.999000+00:00,62546.0,64494.92,62392.0,63896.17,6185.98937
2026-06-04 16:00:00+00:00,2026-06-04 19:59:59.999000+00:00,63896.16,64163.93,62944.91,63629.38,3723.72569
2026-06-04 20:00:00+00:00,2026-06-04 23:59:59.999000+00:00,63629.38,63918.0,63106.04,63885.99,3114.04773
2026-06-05 00:00:00+00:00,2026-06-05 03:59:59.999000+00:00,63885.99,63978.0,62339.0,62730.0,4162.99809
2026-06-05 04:00:00+00:00,2026-06-05 07:59:59.999000+00:00,62730.0,63688.0,61126.01,63115.99,10733.42354
2026-06-05 08:00:00+00:00,2026-06-05 11:59:59.999000+00:00,63115.99,63259.9,61964.98,61964.99,4297.16406
2026-06-05 12:00:00+00:00,2026-06-05 15:59:59.999000+00:00,61964.99,62457.86,60000.0,60438.01,14801.01342
2026-06-05 16:00:00+00:00,2026-06-05 19:59:59.999000+00:00,60438.0,61547.24,59130.91,60300.24,13747.59231
2026-06-05 20:00:00+00:00,2026-06-05 23:59:59.999000+00:00,60300.24,62000.0,59940.01,61056.47,7285.09665
2026-06-06 00:00:00+00:00,2026-06-06 03:59:59.999000+00:00,61056.47,61530.05,60520.0,60687.04,2945.07914
2026-06-06 04:00:00+00:00,2026-06-06 07:59:59.999000+00:00,60687.05,61276.95,59500.0,61004.95,7062.57386
2026-06-06 08:00:00+00:00,2026-06-06 11:59:59.999000+00:00,61004.95,61500.0,60198.0,60802.91,3473.55766
2026-06-06 12:00:00+00:00,2026-06-06 15:59:59.999000+00:00,60802.9,61185.26,60396.0,60784.0,2291.49519
2026-06-06 16:00:00+00:00,2026-06-06 19:59:59.999000+00:00,60784.01,60971.24,60393.96,60600.01,2446.99506
2026-06-06 20:00:00+00:00,2026-06-06 23:59:59.999000+00:00,60600.0,61000.0,60429.09,60884.62,1575.88786
2026-06-07 00:00:00+00:00,2026-06-07 03:59:59.999000+00:00,60884.62,61778.33,60746.0,61701.07,2959.18911
2026-06-07 04:00:00+00:00,2026-06-07 07:59:59.999000+00:00,61701.06,62416.26,61482.46,62404.73,4903.20395
2026-06-07 08:00:00+00:00,2026-06-07 11:59:59.999000+00:00,62404.72,62960.0,62259.37,62621.96,4723.06235
2026-06-07 12:00:00+00:00,2026-06-07 15:59:59.999000+00:00,62621.97,62643.97,61577.12,62093.99,4554.1389
2026-06-07 16:00:00+00:00,2026-06-07 19:59:59.999000+00:00,62093.99,62332.0,61184.0,61328.0,2477.20723
2026-06-07 20:00:00+00:00,2026-06-07 23:59:59.999000+00:00,61327.99,64234.68,61217.17,63332.01,6995.30289
2026-06-08 00:00:00+00:00,2026-06-08 03:59:59.999000+00:00,63332.01,63863.06,62720.86,63130.12,3315.4618
2026-06-08 04:00:00+00:00,2026-06-08 07:59:59.999000+00:00,63130.12,63350.0,62408.0,63283.99,2834.18452
2026-06-08 08:00:00+00:00,2026-06-08 11:59:59.999000+00:00,63284.0,63873.08,62992.01,63479.61,3752.47446
2026-06-08 12:00:00+00:00,2026-06-08 15:59:59.999000+00:00,63479.62,64200.0,62718.3,63774.48,8126.80733
2026-06-08 16:00:00+00:00,2026-06-08 19:59:59.999000+00:00,63774.48,64046.86,63268.01,63372.01,2713.14128
2026-06-08 20:00:00+00:00,2026-06-08 23:59:59.999000+00:00,63372.01,63850.0,62978.66,63085.99,2311.31685
2026-06-09 00:00:00+00:00,2026-06-09 03:59:59.999000+00:00,63086.0,63184.0,62423.07,62875.17,3759.28744
2026-06-09 04:00:00+00:00,2026-06-09 07:59:59.999000+00:00,62875.18,63526.01,62748.0,63198.44,3708.0084
2026-06-09 08:00:00+00:00,2026-06-09 11:59:59.999000+00:00,63198.44,63208.86,62498.75,62711.12,2528.63515
2026-06-09 12:00:00+00:00,2026-06-09 15:59:59.999000+00:00,62711.12,62895.18,61037.0,61131.84,6183.44756
2026-06-09 16:00:00+00:00,2026-06-09 19:59:59.999000+00:00,61131.85,62103.39,60780.0,62098.09,4007.5249
2026-06-09 20:00:00+00:00,2026-06-09 23:59:59.999000+00:00,62098.09,62272.0,61556.0,61730.0,1449.31614
2026-06-10 00:00:00+00:00,2026-06-10 03:59:59.999000+00:00,61730.0,61974.7,61235.29,61549.64,1721.50899
2026-06-10 04:00:00+00:00,2026-06-10 07:59:59.999000+00:00,61549.64,61813.34,61080.0,61687.56,2220.41887
2026-06-10 08:00:00+00:00,2026-06-10 11:59:59.999000+00:00,61687.56,61736.0,60755.0,61034.04,2813.24386
2026-06-10 12:00:00+00:00,2026-06-10 15:59:59.999000+00:00,61034.04,62857.99,60960.0,62639.23,4783.79909
2026-06-10 16:00:00+00:00,2026-06-10 19:59:59.999000+00:00,62639.23,62646.0,61588.8,61942.44,2675.36915
2026-06-10 20:00:00+00:00,2026-06-10 23:59:59.999000+00:00,61942.45,61949.21,61104.24,61510.99,1784.37656
2026-06-11 00:00:00+00:00,2026-06-11 03:59:59.999000+00:00,61510.99,62848.0,61510.99,62689.48,2852.15258
2026-06-11 04:00:00+00:00,2026-06-11 07:59:59.999000+00:00,62689.47,62997.53,62544.89,62719.39,2483.01428
2026-06-11 08:00:00+00:00,2026-06-11 11:59:59.999000+00:00,62719.39,63257.21,62719.38,63108.0,2178.0981
2026-06-11 12:00:00+00:00,2026-06-11 15:59:59.999000+00:00,63108.01,63239.43,62500.0,62749.44,4338.30998
2026-06-11 16:00:00+00:00,2026-06-11 19:59:59.999000+00:00,62749.44,63933.02,62348.0,63605.68,4125.82489
2026-06-11 20:00:00+00:00,2026-06-11 23:59:59.999000+00:00,63605.69,63700.0,63270.0,63625.99,1403.54659
2026-06-12 00:00:00+00:00,2026-06-12 03:59:59.999000+00:00,63626.0,63810.01,63301.53,63524.82,2654.11007
2026-06-12 04:00:00+00:00,2026-06-12 07:59:59.999000+00:00,63524.81,63863.98,62829.81,63100.8,3225.69245
2026-06-12 08:00:00+00:00,2026-06-12 11:59:59.999000+00:00,63100.8,63953.84,63100.8,63766.01,2378.6864
2026-06-12 12:00:00+00:00,2026-06-12 15:59:59.999000+00:00,63766.01,64394.44,63045.29,63593.02,4102.13697
2026-06-12 16:00:00+00:00,2026-06-12 19:59:59.999000+00:00,63593.02,64111.1,63510.16,63589.27,2256.79665
2026-06-12 20:00:00+00:00,2026-06-12 23:59:59.999000+00:00,63589.28,63696.41,63400.0,63580.01,1779.62986
2026-06-13 00:00:00+00:00,2026-06-13 03:59:59.999000+00:00,63580.0,63840.0,63418.66,63532.0,1807.91855
2026-06-13 04:00:00+00:00,2026-06-13 07:59:59.999000+00:00,63532.0,63883.47,63484.0,63846.0,1539.29828
2026-06-13 08:00:00+00:00,2026-06-13 11:59:59.999000+00:00,63845.99,63984.53,63726.57,63971.28,1197.2171
2026-06-13 12:00:00+00:00,2026-06-13 15:59:59.999000+00:00,63971.28,64350.0,63921.33,64296.15,2169.16248
2026-06-13 16:00:00+00:00,2026-06-13 19:59:59.999000+00:00,64296.15,64333.62,63920.05,64296.59,1609.94419
2026-06-13 20:00:00+00:00,2026-06-13 23:59:59.999000+00:00,64296.59,64762.77,64226.38,64458.01,1637.20103
2026-06-14 00:00:00+00:00,2026-06-14 03:59:59.999000+00:00,64458.01,64710.0,64380.7,64545.3,1832.15643
2026-06-14 04:00:00+00:00,2026-06-14 07:59:59.999000+00:00,64545.3,64563.48,64214.0,64429.39,1779.79489
2026-06-14 08:00:00+00:00,2026-06-14 11:59:59.999000+00:00,64429.39,64664.0,64321.18,64546.0,842.29439
2026-06-14 12:00:00+00:00,2026-06-14 15:59:59.999000+00:00,64546.01,64560.66,63866.66,64025.07,1790.92239
2026-06-14 16:00:00+00:00,2026-06-14 19:59:59.999000+00:00,64025.06,64208.92,63678.83,63802.0,1240.64937
2026-06-14 20:00:00+00:00,2026-06-14 23:59:59.999000+00:00,63801.99,65800.0,63794.09,65746.45,5717.21628
2026-06-15 00:00:00+00:00,2026-06-15 03:59:59.999000+00:00,65746.45,65995.0,65354.0,65927.1,3254.30382
2026-06-15 04:00:00+00:00,2026-06-15 07:59:59.999000+00:00,65927.11,66000.0,65611.01,65674.76,1981.09056
2026-06-15 08:00:00+00:00,2026-06-15 11:59:59.999000+00:00,65674.76,66385.12,65512.0,66233.9,2545.824
2026-06-15 12:00:00+00:00,2026-06-15 15:59:59.999000+00:00,66233.89,67292.15,66106.0,67292.14,5314.33714
2026-06-15 16:00:00+00:00,2026-06-15 19:59:59.999000+00:00,67292.15,67292.15,66348.0,66614.35,3808.29082
2026-06-15 20:00:00+00:00,2026-06-15 23:59:59.999000+00:00,66615.98,66681.3,66076.56,66328.74,1655.95468
2026-06-16 00:00:00+00:00,2026-06-16 03:59:59.999000+00:00,66328.74,66463.26,65650.0,66165.21,2681.099
2026-06-16 04:00:00+00:00,2026-06-16 07:59:59.999000+00:00,66165.21,66572.99,65802.0,66372.0,2376.27499
2026-06-16 08:00:00+00:00,2026-06-16 11:59:59.999000+00:00,66372.0,66992.0,66345.06,66481.73,2144.18658
2026-06-16 12:00:00+00:00,2026-06-16 15:59:59.999000+00:00,66481.73,66818.0,65360.92,65859.76,4190.74899
2026-06-16 16:00:00+00:00,2026-06-16 19:59:59.999000+00:00,65859.76,66248.69,65560.0,65675.88,1862.21148
2026-06-16 20:00:00+00:00,2026-06-16 23:59:59.999000+00:00,65675.89,65938.0,65592.0,65675.01,1047.53697
2026-06-17 00:00:00+00:00,2026-06-17 03:59:59.999000+00:00,65675.02,66200.0,65477.5,65851.99,2420.24
2026-06-17 04:00:00+00:00,2026-06-17 07:59:59.999000+00:00,65852.0,66048.19,65251.0,65539.5,2085.47507
2026-06-17 08:00:00+00:00,2026-06-17 11:59:59.999000+00:00,65539.51,65574.0,64565.0,64810.01,3091.21134
2026-06-17 12:00:00+00:00,2026-06-17 15:59:59.999000+00:00,64810.01,65855.66,64590.53,65752.0,3491.08992
2026-06-17 16:00:00+00:00,2026-06-17 19:59:59.999000+00:00,65751.99,66445.93,63998.35,64301.85,6215.6405
2026-06-17 20:00:00+00:00,2026-06-17 23:59:59.999000+00:00,64301.85,64529.2,63915.77,64509.4,1744.99726
2026-06-18 00:00:00+00:00,2026-06-18 03:59:59.999000+00:00,64509.4,64806.0,64267.86,64282.82,1652.26355
2026-06-18 04:00:00+00:00,2026-06-18 07:59:59.999000+00:00,64282.82,64510.5,63696.29,64510.44,2721.52451
2026-06-18 08:00:00+00:00,2026-06-18 11:59:59.999000+00:00,64510.45,64646.75,63878.14,63974.4,1838.10092
2026-06-18 12:00:00+00:00,2026-06-18 15:59:59.999000+00:00,63974.4,64445.19,62293.76,62369.44,5194.48784
2026-06-18 16:00:00+00:00,2026-06-18 19:59:59.999000+00:00,62369.43,63008.33,62272.07,62950.79,3580.0956
2026-06-18 20:00:00+00:00,2026-06-18 23:59:59.999000+00:00,62950.79,63274.19,62742.0,62958.01,1949.12419
2026-06-19 00:00:00+00:00,2026-06-19 03:59:59.999000+00:00,62958.01,63110.29,62386.9,62773.51,2468.91953
2026-06-19 04:00:00+00:00,2026-06-19 07:59:59.999000+00:00,62773.52,62917.32,62409.55,62629.99,1641.95094
2026-06-19 08:00:00+00:00,2026-06-19 11:59:59.999000+00:00,62630.0,62782.0,62316.44,62626.0,3116.66446
2026-06-19 12:00:00+00:00,2026-06-19 15:59:59.999000+00:00,62626.0,63419.27,62353.0,63214.01,2901.51359
2026-06-19 16:00:00+00:00,2026-06-19 19:59:59.999000+00:00,63214.01,63387.8,62866.99,63021.6,2487.59549
2026-06-19 20:00:00+00:00,2026-06-19 23:59:59.999000+00:00,63021.6,63666.0,62958.59,63543.91,1630.77999
2026-06-20 00:00:00+00:00,2026-06-20 03:59:59.999000+00:00,63543.9,63777.0,63320.14,63476.79,1616.55782
2026-06-20 04:00:00+00:00,2026-06-20 07:59:59.999000+00:00,63476.79,63907.07,63402.0,63655.21,1346.24836
2026-06-20 08:00:00+00:00,2026-06-20 11:59:59.999000+00:00,63655.21,63798.76,63392.41,63688.0,1481.37623
2026-06-20 12:00:00+00:00,2026-06-20 15:59:59.999000+00:00,63688.0,64388.0,63184.21,64160.04,2723.36068
2026-06-20 16:00:00+00:00,2026-06-20 19:59:59.999000+00:00,64160.04,64167.26,63730.21,63936.0,1179.02142
2026-06-20 20:00:00+00:00,2026-06-20 23:59:59.999000+00:00,63935.99,64350.0,63853.31,64298.01,1175.53873
2026-06-21 00:00:00+00:00,2026-06-21 03:59:59.999000+00:00,64298.01,64472.99,64206.17,64426.0,1550.54505
2026-06-21 04:00:00+00:00,2026-06-21 07:59:59.999000+00:00,64426.0,64588.0,64173.08,64191.07,991.47913
2026-06-21 08:00:00+00:00,2026-06-21 11:59:59.999000+00:00,64191.06,64483.95,63900.17,64176.0,1273.61935
2026-06-21 12:00:00+00:00,2026-06-21 15:59:59.999000+00:00,64176.0,64355.88,63952.0,64224.0,1101.09932
2026-06-21 16:00:00+00:00,2026-06-21 19:59:59.999000+00:00,64224.0,64298.84,63933.47,64207.12,902.04873
2026-06-21 20:00:00+00:00,2026-06-21 23:59:59.999000+00:00,64207.13,64271.21,63270.0,63311.99,2215.87175
2026-06-22 00:00:00+00:00,2026-06-22 03:59:59.999000+00:00,63312.0,64823.52,63312.0,63974.01,3208.60773
2026-06-22 04:00:00+00:00,2026-06-22 07:59:59.999000+00:00,63974.01,64397.57,63868.41,64211.19,2188.39984
2026-06-22 08:00:00+00:00,2026-06-22 11:59:59.999000+00:00,64211.2,64768.46,64044.0,64657.22,1871.87312
2026-06-22 12:00:00+00:00,2026-06-22 15:59:59.999000+00:00,64657.22,65622.83,64579.08,64836.95,4214.1224
2026-06-22 16:00:00+00:00,2026-06-22 19:59:59.999000+00:00,64836.95,64862.0,64276.0,64472.0,2332.89568
2026-06-22 20:00:00+00:00,2026-06-22 23:59:59.999000+00:00,64472.51,64659.43,63804.59,64020.01,1607.20974
2026-06-23 00:00:00+00:00,2026-06-23 03:59:59.999000+00:00,64020.01,64275.38,63828.93,64065.35,1775.89841
2026-06-23 04:00:00+00:00,2026-06-23 07:59:59.999000+00:00,64065.34,64095.55,62568.9,62886.03,3954.74479
2026-06-23 08:00:00+00:00,2026-06-23 11:59:59.999000+00:00,62886.04,62945.08,61938.0,62507.06,6446.41259
2026-06-23 12:00:00+00:00,2026-06-23 15:59:59.999000+00:00,62507.05,62855.98,61960.0,62487.79,4100.47989
2026-06-23 16:00:00+00:00,2026-06-23 19:59:59.999000+00:00,62487.79,62846.0,62104.7,62388.49,2461.76341
2026-06-23 20:00:00+00:00,2026-06-23 23:59:59.999000+00:00,62388.49,62799.99,62380.25,62734.57,1483.69383
2026-06-24 00:00:00+00:00,2026-06-24 03:59:59.999000+00:00,62734.57,63119.45,62461.87,62729.78,2762.4008
2026-06-24 04:00:00+00:00,2026-06-24 07:59:59.999000+00:00,62729.78,63073.44,62525.49,62657.99,1825.36336
2026-06-24 08:00:00+00:00,2026-06-24 11:59:59.999000+00:00,62658.0,63239.06,62318.88,62921.19,2314.92971
2026-06-24 12:00:00+00:00,2026-06-24 15:59:59.999000+00:00,62921.19,62973.2,60249.82,60250.0,9369.88622
2026-06-24 16:00:00+00:00,2026-06-24 19:59:59.999000+00:00,60250.0,60678.1,59102.7,59958.3,10843.6224
2026-06-24 20:00:00+00:00,2026-06-24 23:59:59.999000+00:00,59958.3,61276.0,59854.0,61077.99,3562.08294
2026-06-25 00:00:00+00:00,2026-06-25 03:59:59.999000+00:00,61078.0,61163.16,60684.94,60883.65,2441.96666
2026-06-25 04:00:00+00:00,2026-06-25 07:59:59.999000+00:00,60883.66,61962.4,60792.0,61911.04,3236.44626
2026-06-25 08:00:00+00:00,2026-06-25 11:59:59.999000+00:00,61911.03,61920.0,61066.0,61282.01,1957.14848
2026-06-25 12:00:00+00:00,2026-06-25 15:59:59.999000+00:00,61282.0,61761.35,58115.01,59557.99,15979.29296
2026-06-25 16:00:00+00:00,2026-06-25 19:59:59.999000+00:00,59557.99,60067.0,59139.96,59320.0,4724.02547
2026-06-25 20:00:00+00:00,2026-06-25 23:59:59.999000+00:00,59319.99,60273.81,59319.99,59794.0,2047.12711
2026-06-26 00:00:00+00:00,2026-06-26 03:59:59.999000+00:00,59794.64,60131.37,58337.0,60036.01,6229.08405
2026-06-26 04:00:00+00:00,2026-06-26 07:59:59.999000+00:00,60036.0,60759.99,59702.0,60532.0,5385.16495
2026-06-26 08:00:00+00:00,2026-06-26 11:59:59.999000+00:00,60532.0,60580.0,59239.78,59413.24,3735.38397
2026-06-26 12:00:00+00:00,2026-06-26 15:59:59.999000+00:00,59413.24,60500.0,58500.1,60328.32,7768.84215
2026-06-26 16:00:00+00:00,2026-06-26 19:59:59.999000+00:00,60328.18,60583.0,59556.0,59751.97,2887.79333
2026-06-26 20:00:00+00:00,2026-06-26 23:59:59.999000+00:00,59751.96,60117.64,59571.31,60097.27,1397.28878
2026-06-27 00:00:00+00:00,2026-06-27 03:59:59.999000+00:00,60097.27,60412.0,59876.22,60305.73,1740.1281
2026-06-27 04:00:00+00:00,2026-06-27 07:59:59.999000+00:00,60305.73,60574.0,60093.33,60548.07,2155.72828
2026-06-27 08:00:00+00:00,2026-06-27 11:59:59.999000+00:00,60548.06,60548.74,60198.94,60363.65,1191.76765
2026-06-27 12:00:00+00:00,2026-06-27 15:59:59.999000+00:00,60363.65,60941.17,60257.03,60840.06,1696.07546
2026-06-27 16:00:00+00:00,2026-06-27 19:59:59.999000+00:00,60840.06,60855.03,60085.88,60175.95,1431.99252
2026-06-27 20:00:00+00:00,2026-06-27 23:59:59.999000+00:00,60175.95,60482.18,59855.16,60029.0,1371.53715
2026-06-28 00:00:00+00:00,2026-06-28 03:59:59.999000+00:00,60029.01,60339.99,59986.0,60197.04,1389.16748
2026-06-28 04:00:00+00:00,2026-06-28 07:59:59.999000+00:00,60197.03,60259.68,59753.48,60219.99,1116.37628
2026-06-28 08:00:00+00:00,2026-06-28 11:59:59.999000+00:00,60220.0,60545.01,60068.0,60342.0,1120.25594
2026-06-28 12:00:00+00:00,2026-06-28 15:59:59.999000+00:00,60341.99,60457.02,59817.28,59890.0,1367.98594
2026-06-28 16:00:00+00:00,2026-06-28 19:59:59.999000+00:00,59890.35,59943.9,59270.26,59481.79,1660.7754
2026-06-28 20:00:00+00:00,2026-06-28 23:59:59.999000+00:00,59481.78,59906.0,58905.0,59577.01,2252.57692
2026-06-29 00:00:00+00:00,2026-06-29 03:59:59.999000+00:00,59577.01,60233.0,58900.01,60049.46,3201.11997
2026-06-29 04:00:00+00:00,2026-06-29 07:59:59.999000+00:00,60049.45,60346.27,59392.02,60026.0,2078.32745
2026-06-29 08:00:00+00:00,2026-06-29 11:59:59.999000+00:00,60026.01,60311.95,59745.46,59956.05,2255.33546
2026-06-29 12:00:00+00:00,2026-06-29 15:59:59.999000+00:00,59956.05,60780.57,59011.0,59824.01,8111.4911
2026-06-29 16:00:00+00:00,2026-06-29 19:59:59.999000+00:00,59824.01,60683.84,59584.48,60433.49,3485.29528
2026-06-29 20:00:00+00:00,2026-06-29 23:59:59.999000+00:00,60433.5,60585.99,60194.01,60260.21,1071.57252
2026-06-30 00:00:00+00:00,2026-06-30 03:59:59.999000+00:00,60260.2,60276.54,59600.0,59627.48,1857.16279
2026-06-30 04:00:00+00:00,2026-06-30 07:59:59.999000+00:00,59627.47,59712.88,59360.0,59524.01,3053.94506
2026-06-30 08:00:00+00:00,2026-06-30 11:59:59.999000+00:00,59524.01,59551.03,59123.01,59192.7,2089.47276
2026-06-30 12:00:00+00:00,2026-06-30 15:59:59.999000+00:00,59192.71,59276.6,58201.0,58381.99,7891.0473
2026-06-30 16:00:00+00:00,2026-06-30 19:59:59.999000+00:00,58382.0,58839.16,58241.79,58818.05,3095.15267
2026-06-30 20:00:00+00:00,2026-06-30 23:59:59.999000+00:00,58818.0,58874.99,58509.99,58624.71,1653.04729
2026-07-01 00:00:00+00:00,2026-07-01 03:59:59.999000+00:00,58624.71,59318.0,57800.19,59197.13,5065.96033
2026-07-01 04:00:00+00:00,2026-07-01 07:59:59.999000+00:00,59197.12,59457.0,58534.31,58768.65,2186.41376
2026-07-01 08:00:00+00:00,2026-07-01 11:59:59.999000+00:00,58768.64,59091.99,58500.0,58622.03,1602.12145
2026-07-01 12:00:00+00:00,2026-07-01 15:59:59.999000+00:00,58622.02,60536.55,58326.0,60147.15,10086.67787
2026-07-01 16:00:00+00:00,2026-07-01 19:59:59.999000+00:00,60147.15,60352.93,59787.35,60028.67,2234.35255
2026-07-01 20:00:00+00:00,2026-07-01 23:59:59.999000+00:00,60029.39,61334.0,59876.0,60024.0,3917.92066
2026-07-02 00:00:00+00:00,2026-07-02 03:59:59.999000+00:00,60024.0,61121.78,59588.0,61058.0,2904.94504
2026-07-02 04:00:00+00:00,2026-07-02 07:59:59.999000+00:00,61057.99,61058.0,60104.0,60149.99,3061.89549
2026-07-02 08:00:00+00:00,2026-07-02 11:59:59.999000+00:00,60149.99,61437.49,60132.51,61358.01,4003.42248
2026-07-02 12:00:00+00:00,2026-07-02 15:59:59.999000+00:00,61358.0,62200.0,61147.23,61612.93,6769.2125
2026-07-02 16:00:00+00:00,2026-07-02 19:59:59.999000+00:00,61612.93,61962.43,61108.99,61479.6,3294.70341
2026-07-02 20:00:00+00:00,2026-07-02 23:59:59.999000+00:00,61479.59,61653.43,61342.0,61560.0,1347.96271
2026-07-03 00:00:00+00:00,2026-07-03 03:59:59.999000+00:00,61560.0,61733.11,61248.86,61434.0,2479.18215
2026-07-03 04:00:00+00:00,2026-07-03 07:59:59.999000+00:00,61434.0,61864.99,61332.76,61750.47,3163.90756
2026-07-03 08:00:00+00:00,2026-07-03 11:59:59.999000+00:00,61750.47,62103.1,61510.01,62024.02,1709.37837
2026-07-03 12:00:00+00:00,2026-07-03 15:59:59.999000+00:00,62024.01,62400.0,61700.0,61922.72,2814.47654
2026-07-03 16:00:00+00:00,2026-07-03 19:59:59.999000+00:00,61922.71,62317.64,61911.65,62210.0,1297.39519
2026-07-03 20:00:00+00:00,2026-07-03 23:59:59.999000+00:00,62210.0,62979.86,62186.01,62583.26,2584.64646
2026-07-04 00:00:00+00:00,2026-07-04 03:59:59.999000+00:00,62583.26,62946.0,62404.25,62627.29,1753.66085
2026-07-04 04:00:00+00:00,2026-07-04 07:59:59.999000+00:00,62627.28,62749.97,62328.24,62576.0,1478.55581
2026-07-04 08:00:00+00:00,2026-07-04 11:59:59.999000+00:00,62576.0,62674.47,62415.87,62482.01,1079.64345
2026-07-04 12:00:00+00:00,2026-07-04 15:59:59.999000+00:00,62482.0,63075.46,62482.0,62943.29,1355.98937
2026-07-04 16:00:00+00:00,2026-07-04 19:59:59.999000+00:00,62943.29,63461.99,62786.0,63294.72,1874.87989
2026-07-04 20:00:00+00:00,2026-07-04 23:59:59.999000+00:00,63294.72,63448.0,62927.98,63144.01,1597.09803
2026-07-05 00:00:00+00:00,2026-07-05 03:59:59.999000+00:00,63144.01,63144.01,62596.08,62769.04,1315.64704
2026-07-05 04:00:00+00:00,2026-07-05 07:59:59.999000+00:00,62769.03,63059.99,62659.65,63020.21,1264.39586
2026-07-05 08:00:00+00:00,2026-07-05 11:59:59.999000+00:00,63020.21,63104.0,62436.59,62658.92,1351.262
2026-07-05 12:00:00+00:00,2026-07-05 15:59:59.999000+00:00,62658.92,62943.59,62569.37,62740.01,1095.17438
2026-07-05 16:00:00+00:00,2026-07-05 19:59:59.999000+00:00,62740.01,62888.14,62590.02,62768.88,1289.13194
2026-07-05 20:00:00+00:00,2026-07-05 23:59:59.999000+00:00,62768.87,63999.0,62609.47,63650.0,2856.46636
2026-07-06 00:00:00+00:00,2026-07-06 03:59:59.999000+00:00,63650.01,63920.0,63136.01,63294.0,2106.27228
2026-07-06 04:00:00+00:00,2026-07-06 07:59:59.999000+00:00,63294.0,63402.77,62890.0,63089.42,2133.18277
2026-07-06 08:00:00+00:00,2026-07-06 11:59:59.999000+00:00,63089.42,63244.0,62483.83,62483.84,2033.95739
2026-07-06 12:00:00+00:00,2026-07-06 15:59:59.999000+00:00,62483.84,63550.0,61306.84,63545.98,9407.7266
2026-07-06 16:00:00+00:00,2026-07-06 19:59:59.999000+00:00,63545.98,63976.16,63386.01,63738.52,3288.31371
2026-07-06 20:00:00+00:00,2026-07-06 23:59:59.999000+00:00,63738.52,64700.0,63589.41,64042.02,2465.83162
2026-07-07 00:00:00+00:00,2026-07-07 03:59:59.999000+00:00,64042.93,64314.0,63150.0,63191.01,2149.22919
2026-07-07 04:00:00+00:00,2026-07-07 07:59:59.999000+00:00,63191.01,63445.7,62800.0,63083.18,2868.37826
2026-07-07 08:00:00+00:00,2026-07-07 11:59:59.999000+00:00,63083.19,63467.15,62984.58,63406.0,1660.52847
2026-07-07 12:00:00+00:00,2026-07-07 15:59:59.999000+00:00,63405.99,64105.0,62671.39,63930.51,5487.16202
2026-07-07 16:00:00+00:00,2026-07-07 19:59:59.999000+00:00,63930.5,64243.75,63379.69,63817.99,3152.55165
2026-07-07 20:00:00+00:00,2026-07-07 23:59:59.999000+00:00,63818.0,63901.75,63218.0,63363.99,1516.35864
2026-07-08 00:00:00+00:00,2026-07-08 03:59:59.999000+00:00,63364.0,63761.99,62525.47,62766.0,2945.00889
2026-07-08 04:00:00+00:00,2026-07-08 07:59:59.999000+00:00,62766.0,62901.49,62477.04,62888.35,2093.37251
2026-07-08 08:00:00+00:00,2026-07-08 11:59:59.999000+00:00,62888.34,62941.46,61743.83,62299.99,5277.16067
2026-07-08 12:00:00+00:00,2026-07-08 15:59:59.999000+00:00,62300.0,62451.08,61544.56,61704.01,4480.13744
2026-07-08 16:00:00+00:00,2026-07-08 19:59:59.999000+00:00,61704.01,62394.32,61692.0,62277.98,1878.09343
2026-07-08 20:00:00+00:00,2026-07-08 23:59:59.999000+00:00,62277.98,62350.63,61956.0,62290.0,1946.32502
2026-07-09 00:00:00+00:00,2026-07-09 03:59:59.999000+00:00,62290.01,62642.0,61705.29,61974.34,2507.70329
2026-07-09 04:00:00+00:00,2026-07-09 07:59:59.999000+00:00,61974.34,63283.26,61956.46,63000.0,3076.31626
2026-07-09 08:00:00+00:00,2026-07-09 11:59:59.999000+00:00,62999.99,63100.1,62614.66,62786.34,2526.25001
2026-07-09 12:00:00+00:00,2026-07-09 15:59:59.999000+00:00,62786.33,63261.0,62465.39,62868.05,4882.96602
2026-07-09 16:00:00+00:00,2026-07-09 19:59:59.999000+00:00,62868.06,63500.0,62559.59,63248.1,2646.20845
2026-07-09 20:00:00+00:00,2026-07-09 23:59:59.999000+00:00,63248.09,63418.0,63060.91,63230.0,1103.36269
2026-07-10 00:00:00+00:00,2026-07-10 03:59:59.999000+00:00,63230.01,64050.23,62926.01,63947.2,3284.75486
2026-07-10 04:00:00+00:00,2026-07-10 07:59:59.999000+00:00,63947.2,64200.0,63802.02,63963.0,1994.74883
2026-07-10 08:00:00+00:00,2026-07-10 11:59:59.999000+00:00,63963.0,64494.84,63962.99,64425.18,2735.04064
2026-07-10 12:00:00+00:00,2026-07-10 15:59:59.999000+00:00,64425.18,64692.83,63793.43,64040.0,3985.18915
2026-07-10 16:00:00+00:00,2026-07-10 19:59:59.999000+00:00,64039.99,64220.0,63732.66,63917.88,2956.75614
2026-07-10 20:00:00+00:00,2026-07-10 23:59:59.999000+00:00,63917.88,64222.61,63656.0,64161.72,2632.5116
2026-07-11 00:00:00+00:00,2026-07-11 03:59:59.999000+00:00,64161.72,64310.0,63984.07,64150.42,1101.49145
2026-07-11 04:00:00+00:00,2026-07-11 07:59:59.999000+00:00,64150.42,64278.0,64080.26,64162.18,1485.01598
2026-07-11 08:00:00+00:00,2026-07-11 11:59:59.999000+00:00,64162.18,64300.0,64129.99,64198.0,1355.34719
2026-07-11 12:00:00+00:00,2026-07-11 15:59:59.999000+00:00,64197.99,64504.11,63896.18,64175.75,2497.55472
2026-07-11 16:00:00+00:00,2026-07-11 19:59:59.999000+00:00,64175.75,64402.0,64084.0,64286.0,1218.04674
2026-07-11 20:00:00+00:00,2026-07-11 23:59:59.999000+00:00,64286.0,64463.83,63819.0,63819.0,1494.51824
2026-07-12 00:00:00+00:00,2026-07-12 03:59:59.999000+00:00,63819.01,64223.74,63702.16,64223.73,4094.275
2026-07-12 04:00:00+00:00,2026-07-12 07:59:59.999000+00:00,64223.73,64245.87,63640.83,63885.27,1737.49927
2026-07-12 08:00:00+00:00,2026-07-12 11:59:59.999000+00:00,63885.28,64100.32,63764.0,64018.01,4848.30942
2026-07-12 12:00:00+00:00,2026-07-12 15:59:59.999000+00:00,64018.0,64290.11,63958.71,64176.0,1182.12771
2026-07-12 16:00:00+00:00,2026-07-12 19:59:59.999000+00:00,64176.0,64270.0,64018.69,64228.59,890.36957
2026-07-12 20:00:00+00:00,2026-07-12 23:59:59.999000+00:00,64228.59,64254.0,63668.0,63780.0,1162.25606
2026-07-13 00:00:00+00:00,2026-07-13 03:59:59.999000+00:00,63780.0,64425.0,62741.04,62806.41,3939.38182
2026-07-13 04:00:00+00:00,2026-07-13 07:59:59.999000+00:00,62806.41,63070.01,62500.76,62985.52,3347.70751
2026-07-13 08:00:00+00:00,2026-07-13 11:59:59.999000+00:00,62985.53,63302.88,62862.28,62901.99,3803.06989
2026-07-13 12:00:00+00:00,2026-07-13 15:59:59.999000+00:00,62901.99,62990.04,62101.0,62618.01,5871.90146
2026-07-13 16:00:00+00:00,2026-07-13 19:59:59.999000+00:00,62618.0,62629.35,61824.97,62288.23,3298.41917
2026-07-13 20:00:00+00:00,2026-07-13 23:59:59.999000+00:00,62288.23,62347.46,61882.88,62334.52,1422.02219
2026-07-14 00:00:00+00:00,2026-07-14 03:59:59.999000+00:00,62334.52,62666.66,62272.2,62572.89,2249.30225
2026-07-14 04:00:00+00:00,2026-07-14 07:59:59.999000+00:00,62572.88,62872.0,62516.93,62560.92,2088.33647
2026-07-14 08:00:00+00:00,2026-07-14 11:59:59.999000+00:00,62560.92,62923.06,62500.0,62844.99,1732.53672
2026-07-14 12:00:00+00:00,2026-07-14 15:59:59.999000+00:00,62844.99,64966.43,62780.84,64743.99,8796.6211
2026-07-14 16:00:00+00:00,2026-07-14 19:59:59.999000+00:00,64744.0,64896.86,64231.77,64569.59,3290.30049
2026-07-14 20:00:00+00:00,2026-07-14 23:59:59.999000+00:00,64569.59,65100.0,64419.99,65043.98,2395.31681
2026-07-15 00:00:00+00:00,2026-07-15 03:59:59.999000+00:00,65043.99,65065.01,64488.0,64792.01,1693.44003
2026-07-15 04:00:00+00:00,2026-07-15 07:59:59.999000+00:00,64792.0,65277.37,64485.0,64549.34,3159.56545
2026-07-15 08:00:00+00:00,2026-07-15 11:59:59.999000+00:00,64549.33,64917.94,64549.33,64732.15,2317.38966
2026-07-15 12:00:00+00:00,2026-07-15 15:59:59.999000+00:00,64732.15,65600.0,64606.0,65427.61,6119.9158
2026-07-15 16:00:00+00:00,2026-07-15 19:59:59.999000+00:00,65427.6,65470.0,64738.49,64977.34,3997.71829
2026-07-15 20:00:00+00:00,2026-07-15 23:59:59.999000+00:00,64977.34,65055.39,64691.89,64756.28,1113.86818
2026-07-16 00:00:00+00:00,2026-07-16 03:59:59.999000+00:00,64756.28,64845.5,64392.01,64619.95,1773.62269
2026-07-16 04:00:00+00:00,2026-07-16 07:59:59.999000+00:00,64619.96,64997.52,64086.12,64238.0,2728.61151
2026-07-16 08:00:00+00:00,2026-07-16 11:59:59.999000+00:00,64238.0,64380.0,63888.0,64256.53,8083.54555
2026-07-16 12:00:00+00:00,2026-07-16 15:59:59.999000+00:00,64256.52,64896.0,63838.28,64704.73,3169.90689
2026-07-16 16:00:00+00:00,2026-07-16 19:59:59.999000+00:00,64704.73,64712.0,63984.09,64271.84,1783.88455
2026-07-16 20:00:00+00:00,2026-07-16 23:59:59.999000+00:00,64271.85,64276.0,63748.74,63830.2,1224.9556
2026-07-17 00:00:00+00:00,2026-07-17 03:59:59.999000+00:00,63830.2,64067.69,63380.28,63570.0,2665.58621
2026-07-17 04:00:00+00:00,2026-07-17 07:59:59.999000+00:00,63570.0,63576.0,62710.0,62828.11,4170.00651
2026-07-17 08:00:00+00:00,2026-07-17 11:59:59.999000+00:00,62828.11,63361.7,62666.0,63298.01,2593.38028
2026-07-17 12:00:00+00:00,2026-07-17 15:59:59.999000+00:00,63298.0,63518.0,62537.56,63452.0,3902.37074
2026-07-17 16:00:00+00:00,2026-07-17 19:59:59.999000+00:00,63452.0,64387.99,63312.01,64160.8,3432.25523
2026-07-17 20:00:00+00:00,2026-07-17 23:59:59.999000+00:00,64160.8,64216.61,63884.35,63931.67,1426.29492
2026-07-18 00:00:00+00:00,2026-07-18 03:59:59.999000+00:00,63931.67,64032.6,63886.65,64017.84,1370.3565
2026-07-18 04:00:00+00:00,2026-07-18 07:59:59.999000+00:00,64017.84,64026.03,63926.39,64002.75,949.10008
2026-07-18 08:00:00+00:00,2026-07-18 11:59:59.999000+00:00,64002.75,64097.22,63887.73,64069.89,1103.50008
2026-07-18 12:00:00+00:00,2026-07-18 15:59:59.999000+00:00,64069.89,64274.47,63963.0,64123.12,1241.58814
2026-07-18 16:00:00+00:00,2026-07-18 19:59:59.999000+00:00,64123.13,64669.5,64091.48,64552.79,1723.19086
2026-07-18 20:00:00+00:00,2026-07-18 23:59:59.999000+00:00,64552.8,64865.0,64528.69,64834.22,1643.44446
2026-07-19 00:00:00+00:00,2026-07-19 03:59:59.999000+00:00,64834.21,64967.25,64620.44,64706.18,1644.28469
2026-07-19 04:00:00+00:00,2026-07-19 07:59:59.999000+00:00,64706.18,64815.65,64610.89,64711.05,1101.66102
2026-07-19 08:00:00+00:00,2026-07-19 11:59:59.999000+00:00,64711.04,64743.0,64445.0,64467.64,1538.93439
2026-07-19 12:00:00+00:00,2026-07-19 15:59:59.999000+00:00,64467.65,64663.04,64285.24,64585.32,1464.507
2026-07-19 16:00:00+00:00,2026-07-19 19:59:59.999000+00:00,64585.33,64752.0,64280.0,64462.58,1160.57272
2026-07-19 20:00:00+00:00,2026-07-19 23:59:59.999000+00:00,64462.58,64900.0,64347.89,64722.54,1469.95492
2026-07-20 00:00:00+00:00,2026-07-20 03:59:59.999000+00:00,64722.55,65107.99,64416.0,64869.8,1856.81248
2026-07-20 04:00:00+00:00,2026-07-20 07:59:59.999000+00:00,64869.79,64869.99,63765.83,64280.01,3162.272
2026-07-20 08:00:00+00:00,2026-07-20 11:59:59.999000+00:00,64280.01,65068.0,63100.0,65002.01,5789.67423
2026-07-20 12:00:00+00:00,2026-07-20 15:59:59.999000+00:00,65002.0,65666.8,64077.76,65598.75,5847.5969
2026-07-20 16:00:00+00:00,2026-07-20 19:59:59.999000+00:00,65598.75,65799.0,65041.05,65142.0,3294.38969
2026-07-20 20:00:00+00:00,2026-07-20 23:59:59.999000+00:00,65142.0,65445.27,65061.92,65255.51,1372.74172
2026-07-21 00:00:00+00:00,2026-07-21 03:59:59.999000+00:00,65255.51,65658.78,65148.75,65566.78,2285.39592
2026-07-21 04:00:00+00:00,2026-07-21 07:59:59.999000+00:00,65566.77,66245.64,65471.69,66186.86,3537.73944
2026-07-21 08:00:00+00:00,2026-07-21 11:59:59.999000+00:00,66186.86,66420.65,66129.19,66345.59,3436.96959
2026-07-21 12:00:00+00:00,2026-07-21 15:59:59.999000+00:00,66345.59,66956.15,66255.73,66676.54,5031.99712
2026-07-21 16:00:00+00:00,2026-07-21 19:59:59.999000+00:00,66676.53,66764.0,66052.63,66444.76,2940.41455
2026-07-21 20:00:00+00:00,2026-07-21 23:59:59.999000+00:00,66444.76,66576.0,66204.0,66556.16,1385.76425
2026-07-22 00:00:00+00:00,2026-07-22 03:59:59.999000+00:00,66556.15,66739.89,66176.0,66210.0,2882.6636
2026-07-22 04:00:00+00:00,2026-07-22 07:59:59.999000+00:00,66209.99,66424.0,65701.0,65843.48,4124.6914
2026-07-22 08:00:00+00:00,2026-07-22 11:59:59.999000+00:00,65843.48,66164.57,65843.47,66013.36,5171.31096
2026-07-22 12:00:00+00:00,2026-07-22 15:59:59.999000+00:00,66013.36,66204.98,65553.67,66047.39,3002.09745
2026-07-22 16:00:00+00:00,2026-07-22 19:59:59.999000+00:00,66047.38,66384.0,65691.93,65923.19,1521.20312
2026-07-22 20:00:00+00:00,2026-07-22 23:59:59.999000+00:00,65923.19,66138.24,65791.79,66114.49,1372.89949
2026-07-23 00:00:00+00:00,2026-07-23 03:59:59.999000+00:00,66114.5,66313.14,65585.11,65662.53,2738.22182
2026-07-23 04:00:00+00:00,2026-07-23 07:59:59.999000+00:00,65662.53,65821.17,65351.02,65442.13,1755.71203
2026-07-23 08:00:00+00:00,2026-07-23 11:59:59.999000+00:00,65442.12,65792.09,65419.75,65555.21,1697.46856
2026-07-23 12:00:00+00:00,2026-07-23 15:59:59.999000+00:00,65555.21,65589.41,64728.0,64958.36,4309.94067
2026-07-23 16:00:00+00:00,2026-07-23 19:59:59.999000+00:00,64958.37,64961.15,64650.0,64846.94,2433.46243
2026-07-23 20:00:00+00:00,2026-07-23 23:59:59.999000+00:00,64846.93,65235.43,64834.52,65098.97,1763.42122
2026-07-24 00:00:00+00:00,2026-07-24 03:59:59.999000+00:00,65098.98,65464.35,64762.18,65456.7,1824.8823
2026-07-24 04:00:00+00:00,2026-07-24 07:59:59.999000+00:00,65456.7,65808.59,65248.0,65499.95,2805.86714
2026-07-24 08:00:00+00:00,2026-07-24 11:59:59.999000+00:00,65499.94,65508.17,64857.14,65083.43,2252.49673
2026-07-24 12:00:00+00:00,2026-07-24 15:59:59.999000+00:00,65083.42,65133.99,63739.75,64093.85,6045.41604
2026-07-24 16:00:00+00:00,2026-07-24 19:59:59.999000+00:00,64093.86,64292.44,63881.46,64225.32,2025.41669
2026-07-24 20:00:00+00:00,2026-07-24 23:59:59.999000+00:00,64225.32,64288.02,64121.86,64139.99,1867.1929
2026-07-25 00:00:00+00:00,2026-07-25 03:59:59.999000+00:00,64140.0,64179.03,64006.55,64085.36,1828.72886
2026-07-25 04:00:00+00:00,2026-07-25 07:59:59.999000+00:00,64085.36,64205.67,63964.57,64003.2,1073.91838
2026-07-25 08:00:00+00:00,2026-07-25 11:59:59.999000+00:00,64003.2,64113.0,63810.0,64064.01,2748.18699
2026-07-25 12:00:00+00:00,2026-07-25 15:59:59.999000+00:00,64064.01,64272.0,64043.0,64182.0,929.05963
2026-07-25 16:00:00+00:00,2026-07-25 19:59:59.999000+00:00,64182.01,64475.28,64123.0,64388.38,848.44532
2026-07-25 20:00:00+00:00,2026-07-25 23:59:59.999000+00:00,64388.39,64430.0,64263.03,64375.0,1434.71112
2026-07-26 00:00:00+00:00,2026-07-26 03:59:59.999000+00:00,64375.01,64582.0,64350.0,64557.0,955.90385
2026-07-26 04:00:00+00:00,2026-07-26 07:59:59.999000+00:00,64557.0,64599.95,64293.81,64370.0,1238.04277
2026-07-26 08:00:00+00:00,2026-07-26 11:59:59.999000+00:00,64370.0,64573.73,64353.0,64507.35,680.86616
2026-07-26 12:00:00+00:00,2026-07-26 15:59:59.999000+00:00,64507.36,64827.0,64414.0,64768.0,1456.55849
2026-07-26 16:00:00+00:00,2026-07-26 19:59:59.999000+00:00,64768.0,64940.51,64668.91,64695.52,1252.18356
2026-07-26 20:00:00+00:00,2026-07-26 23:59:59.999000+00:00,64695.52,65577.0,64631.57,65399.99,2349.50606
2026-07-27 00:00:00+00:00,2026-07-27 03:59:59.999000+00:00,65400.0,65418.81,64892.03,65284.0,1939.56217
2026-07-27 04:00:00+00:00,2026-07-27 07:59:59.999000+00:00,65284.0,65744.6,65217.16,65221.99,2549.79202
2026-07-27 08:00:00+00:00,2026-07-27 11:59:59.999000+00:00,65221.99,65432.0,65092.0,65100.79,2902.58585
2026-07-27 12:00:00+00:00,2026-07-27 15:59:59.999000+00:00,65100.79,65718.0,64418.01,64554.01,3393.0404
2026-07-27 16:00:00+00:00,2026-07-27 19:59:59.999000+00:00,64554.0,65090.0,64517.78,64984.0,1492.95286
2026-07-27 20:00:00+00:00,2026-07-27 23:59:59.999000+00:00,64983.99,65056.0,63605.56,63755.86,2513.97213
2026-07-28 00:00:00+00:00,2026-07-28 03:59:59.999000+00:00,63755.86,63827.49,63059.39,63343.83,3113.97473
2026-07-28 04:00:00+00:00,2026-07-28 07:59:59.999000+00:00,63343.82,63668.71,63221.26,63505.99,2180.40039
2026-07-28 08:00:00+00:00,2026-07-28 11:59:59.999000+00:00,63506.0,63593.0,63294.0,63450.0,1418.41424
2026-07-28 12:00:00+00:00,2026-07-28 15:59:59.999000+00:00,63449.99,64026.62,62742.47,63928.47,3870.99997
2026-07-28 16:00:00+00:00,2026-07-28 19:59:59.999000+00:00,63928.46,64100.0,63504.0,63904.0,1689.97924
2026-07-28 20:00:00+00:00,2026-07-28 23:59:59.999000+00:00,63904.0,64073.3,63562.0,63915.0,1616.06139
2026-07-29 00:00:00+00:00,2026-07-29 03:59:59.999000+00:00,63915.0,64200.0,63658.0,63753.03,2347.04425
2026-07-29 04:00:00+00:00,2026-07-29 07:59:59.999000+00:00,63753.04,64575.99,63598.0,64561.0,2719.58943
2026-07-29 08:00:00+00:00,2026-07-29 11:59:59.999000+00:00,64561.01,64744.81,64283.83,64507.54,1788.0597
2026-07-29 12:00:00+00:00,2026-07-29 15:59:59.999000+00:00,64507.53,64718.87,63886.0,63964.01,2735.29639
2026-07-29 16:00:00+00:00,2026-07-29 19:59:59.999000+00:00,63964.01,64648.79,63511.0,63589.46,4593.92101
2026-07-29 20:00:00+00:00,2026-07-29 23:59:59.999000+00:00,63589.46,64131.44,63267.34,63984.28,2596.20834
2026-07-30 00:00:00+00:00,2026-07-30 03:59:59.999000+00:00,63984.29,64411.76,63603.92,64161.98,2334.02034
2026-07-30 04:00:00+00:00,2026-07-30 07:59:59.999000+00:00,64161.98,64182.0,63907.85,64026.0,3046.62914
2026-07-30 08:00:00+00:00,2026-07-30 11:59:59.999000+00:00,64026.0,64885.18,63980.54,64788.0,4792.79575
2026-07-30 12:00:00+00:00,2026-07-30 15:59:59.999000+00:00,64788.01,65176.6,64607.31,64730.3,3737.13198
2026-07-30 16:00:00+00:00,2026-07-30 19:59:59.999000+00:00,64730.29,64988.0,64688.0,64800.0,1688.5901
2026-07-30 20:00:00+00:00,2026-07-30 23:59:59.999000+00:00,64800.0,65086.4,64668.91,64780.02,1532.41755
2026-07-31 00:00:00+00:00,2026-07-31 03:59:59.999000+00:00,64780.03,65409.56,64172.0,64370.0,3281.13705
2026-07-31 04:00:00+00:00,2026-07-31 07:59:59.999000+00:00,64370.0,64496.64,63878.11,63950.01,4513.26941
2026-07-31 08:00:00+00:00,2026-07-31 11:59:59.999000+00:00,63950.01,64011.99,63610.0,63805.51,2006.05406
2026-07-31 12:00:00+00:00,2026-07-31 15:59:59.999000+00:00,63805.5,63849.19,62466.0,62716.57,6622.15348
2026-07-31 16:00:00+00:00,2026-07-31 19:59:59.999000+00:00,62716.57,63302.0,62709.01,62972.0,2772.32321
2026-07-31 20:00:00+00:00,2026-07-31 23:59:59.999000+00:00,62972.0,63062.47,62846.0,62887.88,1280.66965
2026-08-01 00:00:00+00:00,2026-08-01 03:59:59.999000+00:00,62887.88,63106.55,62887.87,63004.48,1641.61546
2026-08-01 04:00:00+00:00,2026-08-01 07:59:59.999000+00:00,63004.47,63142.85,62992.82,63050.46,1267.77262
2026-08-01 08:00:00+00:00,2026-08-01 11:59:59.999000+00:00,63050.45,63150.0,62986.31,63076.0,834.60912
2026-08-01 12:00:00+00:00,2026-08-01 15:59:59.999000+00:00,63076.0,63127.07,63007.05,63007.06,1057.87378
2026-08-01 16:00:00+00:00,2026-08-01 19:59:59.999000+00:00,63007.06,63027.65,62275.0,62529.82,1931.00222
2026-08-01 20:00:00+00:00,2026-08-01 23:59:59.999000+00:00,62529.81,62866.62,62482.99,62823.64,830.21584
2026-08-02 00:00:00+00:00,2026-08-02 03:59:59.999000+00:00,62823.65,63550.0,62806.58,63461.95,2070.02486
2026-08-02 04:00:00+00:00,2026-08-02 07:59:59.999000+00:00,63461.95,63634.0,63415.26,63506.24,1136.19822
2026-08-02 08:00:00+00:00,2026-08-02 11:59:59.999000+00:00,63506.23,63530.0,62982.38,63031.99,1393.24586
2026-08-02 12:00:00+00:00,2026-08-02 15:59:59.999000+00:00,63031.99,63231.67,63010.0,63109.14,1015.40932
2026-08-02 16:00:00+00:00,2026-08-02 19:59:59.999000+00:00,63109.13,63610.01,63064.01,63456.01,1352.52922
2026-08-02 20:00:00+00:00,2026-08-02 23:59:59.999000+00:00,63456.0,63796.33,63344.0,63570.0,1419.60406
2026-08-03 00:00:00+00:00,2026-08-03 03:59:59.999000+00:00,63570.01,63596.0,62786.04,62870.49,1580.29042
2026-08-03 04:00:00+00:00,2026-08-03 07:59:59.999000+00:00,62870.48,63001.77,62552.04,62621.1,2528.15637
2026-08-03 08:00:00+00:00,2026-08-03 11:59:59.999000+00:00,62621.1,62863.1,62300.0,62560.01,1968.81583
2026-08-03 12:00:00+00:00,2026-08-03 15:59:59.999000+00:00,62560.01,63992.71,62445.26,63694.91,5314.98583
2026-08-03 16:00:00+00:00,2026-08-03 19:59:59.999000+00:00,63694.9,64080.0,63664.0,63869.38,2341.4127
2026-08-03 20:00:00+00:00,2026-08-03 23:59:59.999000+00:00,63869.38,64023.61,63392.01,63520.0,1809.63628
2026-08-04 00:00:00+00:00,2026-08-04 03:59:59.999000+00:00,63520.0,63972.0,63322.01,63800.01,2284.2087
2026-08-04 04:00:00+00:00,2026-08-04 07:59:59.999000+00:00,63800.01,64243.81,63506.78,63685.74,2203.45481
2026-08-04 08:00:00+00:00,2026-08-04 11:59:59.999000+00:00,63685.73,63950.0,63451.8,63926.0,1840.43901
2026-08-04 12:00:00+00:00,2026-08-04 15:59:59.999000+00:00,63926.0,64238.0,63615.38,64125.14,3355.49264
2026-08-04 16:00:00+00:00,2026-08-04 19:59:59.999000+00:00,64125.14,64413.21,63892.0,64233.36,2494.3487
2026-08-04 20:00:00+00:00,2026-08-04 23:59:59.999000+00:00,64233.35,64549.16,64001.68,64106.56,1512.53523
2026-08-05 00:00:00+00:00,2026-08-05 03:59:59.999000+00:00,64106.55,64504.0,63950.0,64183.27,2051.27242
2026-08-05 04:00:00+00:00,2026-08-05 07:59:59.999000+00:00,64183.27,64525.97,63995.89,64163.99,1638.18668
2026-08-05 08:00:00+00:00,2026-08-05 11:59:59.999000+00:00,64164.0,64280.0,64020.0,64075.28,1165.7803
2026-08-05 12:00:00+00:00,2026-08-05 15:59:59.999000+00:00,64075.28,64744.0,63880.0,64388.01,4094.61341
2026-08-05 16:00:00+00:00,2026-08-05 19:59:59.999000+00:00,64388.01,64936.18,64388.0,64840.28,1995.16889
2026-08-05 20:00:00+00:00,2026-08-05 23:59:59.999000+00:00,64840.27,65025.22,64579.15,64665.23,1797.83358
2026-08-06 00:00:00+00:00,2026-08-06 03:59:59.999000+00:00,64665.24,64724.38,64439.34,64531.03,1501.18098
2026-08-06 04:00:00+00:00,2026-08-06 07:59:59.999000+00:00,64531.03,64996.0,64496.27,64809.7,1782.75525
2026-08-06 08:00:00+00:00,2026-08-06 11:59:59.999000+00:00,64809.7,64999.0,64503.54,64622.09,1307.61434
2026-08-06 12:00:00+00:00,2026-08-06 15:59:59.999000+00:00,64622.08,64987.26,64172.0,64631.87,2760.61479
2026-08-06 16:00:00+00:00,2026-08-06 19:59:59.999000+00:00,64631.88,64834.0,64365.0,64446.0,1460.95594
2026-08-06 20:00:00+00:00,2026-08-06 23:59:59.999000+00:00,64446.01,64536.32,64200.0,64323.61,1051.31154
2026-08-07 00:00:00+00:00,2026-08-07 03:59:59.999000+00:00,64323.61,64544.0,64230.59,64289.99,1225.13149
2026-08-07 04:00:00+00:00,2026-08-07 07:59:59.999000+00:00,64289.99,64463.75,64166.0,64319.84,1378.76331
2026-08-07 08:00:00+00:00,2026-08-07 11:59:59.999000+00:00,64319.84,65213.33,64304.22,65029.98,2365.76634
2026-08-07 12:00:00+00:00,2026-08-07 15:59:59.999000+00:00,65029.98,65390.99,64788.0,64912.72,4134.62946
2026-08-07 16:00:00+00:00,2026-08-07 19:59:59.999000+00:00,64912.71,65072.31,64525.0,64960.47,1712.98766
2026-08-07 20:00:00+00:00,2026-08-07 23:59:59.999000+00:00,64960.46,65102.0,64846.0,64923.19,990.12577
2026-08-08 00:00:00+00:00,2026-08-08 03:59:59.999000+00:00,64923.2,65074.18,64784.19,65033.0,1310.57126
2026-08-08 04:00:00+00:00,2026-08-08 07:59:59.999000+00:00,65033.0,65071.15,64951.34,64960.0,786.13996
2026-08-08 08:00:00+00:00,2026-08-08 11:59:59.999000+00:00,64959.99,65050.0,64948.56,64967.35,776.81012
2026-08-08 12:00:00+00:00,2026-08-08 15:59:59.999000+00:00,64967.36,65192.54,64924.0,65080.82,965.25235
2026-08-08 16:00:00+00:00,2026-08-08 19:59:59.999000+00:00,65080.83,65150.0,65017.39,65075.41,690.47872
2026-08-08 20:00:00+00:00,2026-08-08 23:59:59.999000+00:00,65075.4,65100.61,64936.01,64962.6,1230.89057
2026-08-09 00:00:00+00:00,2026-08-09 03:59:59.999000+00:00,64962.6,65002.0,64730.08,64788.8,953.95674
2026-08-09 04:00:00+00:00,2026-08-09 07:59:59.999000+00:00,64788.8,64867.11,64777.0,64826.14,905.46471
2026-08-09 08:00:00+00:00,2026-08-09 11:59:59.999000+00:00,64826.15,65000.0,64792.1,64950.0,878.41777
2026-08-09 12:00:00+00:00,2026-08-09 15:59:59.999000+00:00,64950.01,65300.0,64914.73,65228.68,1218.78551
2026-08-09 16:00:00+00:00,2026-08-09 19:59:59.999000+00:00,65228.68,65266.06,65179.72,65180.66,760.315
2026-08-09 20:00:00+00:00,2026-08-09 23:59:59.999000+00:00,65180.66,65474.46,64842.59,64901.59,2314.29633
2026-08-10 00:00:00+00:00,2026-08-10 03:59:59.999000+00:00,64901.59,65391.14,64826.78,64982.01,1735.05442
2026-08-10 04:00:00+00:00,2026-08-10 07:59:59.999000+00:00,64982.0,65379.13,64924.0,65202.73,1621.07764
2026-08-10 08:00:00+00:00,2026-08-10 11:59:59.999000+00:00,65202.72,65328.73,64958.87,65125.98,1294.99105
2026-08-10 12:00:00+00:00,2026-08-10 15:59:59.999000+00:00,65125.99,65237.8,64203.15,64299.99,3640.00431
2026-08-10 16:00:00+00:00,2026-08-10 19:59:59.999000+00:00,64299.99,64354.0,63806.27,64045.7,4275.95165
2026-08-10 20:00:00+00:00,2026-08-10 23:59:59.999000+00:00,64045.7,64215.21,63920.69,63970.01,1071.3297
2026-08-11 00:00:00+00:00,2026-08-11 03:59:59.999000+00:00,63970.01,64176.0,63895.64,64155.01,1832.7232
2026-08-11 04:00:00+00:00,2026-08-11 07:59:59.999000+00:00,64155.0,64159.65,63852.0,64065.99,1640.19253
2026-08-11 08:00:00+00:00,2026-08-11 11:59:59.999000+00:00,64066.0,64400.0,64044.72,64389.57,1568.1186
2026-08-11 12:00:00+00:00,2026-08-11 15:59:59.999000+00:00,64389.58,64515.43,63451.0,63609.87,4376.77905
2026-08-11 16:00:00+00:00,2026-08-11 19:59:59.999000+00:00,63609.86,63660.0,63238.0,63536.0,2424.73673
2026-08-11 20:00:00+00:00,2026-08-11 23:59:59.999000+00:00,63536.0,63768.58,63536.0,63600.0,1049.08237
2026-08-12 00:00:00+00:00,2026-08-12 03:59:59.999000+00:00,63600.01,63908.01,63534.01,63835.59,1898.48961
2026-08-12 04:00:00+00:00,2026-08-12 07:59:59.999000+00:00,63835.58,63891.42,63606.15,63837.99,2130.54232
2026-08-12 08:00:00+00:00,2026-08-12 11:59:59.999000+00:00,63838.0,64249.5,63768.01,64240.04,2267.09134
2026-08-12 12:00:00+00:00,2026-08-12 15:59:59.999000+00:00,64240.04,64500.0,63316.0,63441.47,3959.44035
2026-08-12 16:00:00+00:00,2026-08-12 19:59:59.999000+00:00,63441.48,63578.0,63310.34,63421.11,1558.61566
2026-08-12 20:00:00+00:00,2026-08-12 23:59:59.999000+00:00,63421.11,63661.24,63370.0,63479.99,1812.88894
2026-08-13 00:00:00+00:00,2026-08-13 03:59:59.999000+00:00,63479.99,63717.31,63380.0,63646.99,1584.53762
2026-08-13 04:00:00+00:00,2026-08-13 07:59:59.999000+00:00,63647.0,64010.0,63591.56,63865.84,1512.6667
2026-08-13 08:00:00+00:00,2026-08-13 11:59:59.999000+00:00,63865.84,63915.0,63350.0,63484.3,1451.07714
2026-08-13 12:00:00+00:00,2026-08-13 15:59:59.999000+00:00,63484.31,63999.0,63420.0,63420.01,2120.87883
2026-08-13 16:00:00+00:00,2026-08-13 19:59:59.999000+00:00,63420.01,63568.97,62802.27,63407.99,3071.89552
2026-08-13 20:00:00+00:00,2026-08-13 23:59:59.999000+00:00,63408.0,63640.0,63368.0,63490.86,1052.80272
2026-08-14 00:00:00+00:00,2026-08-14 03:59:59.999000+00:00,63490.86,63617.45,63301.58,63310.0,1474.95395
2026-08-14 04:00:00+00:00,2026-08-14 07:59:59.999000+00:00,63310.0,63472.5,62920.0,62920.78,2090.34251
2026-08-14 08:00:00+00:00,2026-08-14 11:59:59.999000+00:00,62920.78,62997.83,62700.0,62868.83,2437.10701
2026-08-14 12:00:00+00:00,2026-08-14 15:59:59.999000+00:00,62868.83,63089.18,62535.24,62990.95,3460.64272
2026-08-14 16:00:00+00:00,2026-08-14 19:59:59.999000+00:00,62990.94,63247.05,62830.0,62968.05,1783.03596
2026-08-14 20:00:00+00:00,2026-08-14 23:59:59.999000+00:00,62968.06,63066.13,62800.0,63043.56,1094.74684
2026-08-15 00:00:00+00:00,2026-08-15 03:59:59.999000+00:00,63043.56,63187.98,62992.91,63051.25,1121.88969
2026-08-15 04:00:00+00:00,2026-08-15 07:59:59.999000+00:00,63051.25,63155.76,63027.89,63075.43,1448.06787
2026-08-15 08:00:00+00:00,2026-08-15 11:59:59.999000+00:00,63075.43,63085.8,62920.0,63022.01,617.28318
2026-08-15 12:00:00+00:00,2026-08-15 15:59:59.999000+00:00,63022.01,63120.09,62946.58,63100.55,700.44395
2026-08-15 16:00:00+00:00,2026-08-15 19:59:59.999000+00:00,63100.55,63127.4,63044.37,63126.08,1110.25742
2026-08-15 20:00:00+00:00,2026-08-15 23:59:59.999000+00:00,63126.07,63175.0,63076.96,63086.01,407.21827
2026-08-16 00:00:00+00:00,2026-08-16 03:59:59.999000+00:00,63086.01,63151.59,63012.0,63130.0,626.426
2026-08-16 04:00:00+00:00,2026-08-16 07:59:59.999000+00:00,63130.01,63158.8,63040.0,63061.02,792.70018
2026-08-16 08:00:00+00:00,2026-08-16 11:59:59.999000+00:00,63061.03,63079.76,62968.45,63013.66,746.76545
2026-08-16 12:00:00+00:00,2026-08-16 15:59:59.999000+00:00,63013.66,63146.4,62997.77,63146.39,558.13323
2026-08-16 16:00:00+00:00,2026-08-16 19:59:59.999000+00:00,63146.39,63390.0,63100.89,63108.81,861.07496
2026-08-16 20:00:00+00:00,2026-08-16 23:59:59.999000+00:00,63108.8,63140.0,62716.0,62900.0,1152.13153
2026-08-17 00:00:00+00:00,2026-08-17 03:59:59.999000+00:00,62900.0,63520.0,62751.1,63429.21,2170.22745
2026-08-17 04:00:00+00:00,2026-08-17 07:59:59.999000+00:00,63429.21,63717.17,63429.21,63514.45,2494.00927
2026-08-17 08:00:00+00:00,2026-08-17 11:59:59.999000+00:00,63514.45,63781.69,63295.0,63631.1,1942.91539
2026-08-17 12:00:00+00:00,2026-08-17 15:59:59.999000+00:00,63631.11,64227.27,63444.17,64200.0,2930.57098
2026-08-17 16:00:00+00:00,2026-08-17 19:59:59.999000+00:00,64200.0,64610.01,63979.3,64309.96,3583.96885
2026-08-17 20:00:00+00:00,2026-08-17 23:59:59.999000+00:00,64309.95,64578.0,64266.0,64532.1,1133.95519
2026-08-18 00:00:00+00:00,2026-08-18 03:59:59.999000+00:00,64532.11,64568.46,64047.73,64185.01,1731.23124
2026-08-18 04:00:00+00:00,2026-08-18 07:59:59.999000+00:00,64185.0,64446.0,64090.0,64198.97,3151.98283
2026-08-18 08:00:00+00:00,2026-08-18 11:59:59.999000+00:00,64198.97,64402.35,64087.98,64351.19,1202.18477
2026-08-18 12:00:00+00:00,2026-08-18 15:59:59.999000+00:00,64351.18,65058.81,64027.85,64855.06,3687.2214
2026-08-18 16:00:00+00:00,2026-08-18 19:59:59.999000+00:00,64855.06,64891.81,64642.36,64643.26,1223.7468
2026-08-18 20:00:00+00:00,2026-08-18 23:59:59.999000+00:00,64643.27,64780.0,64562.25,64725.42,793.54608
2026-08-19 00:00:00+00:00,2026-08-19 03:59:59.999000+00:00,64725.42,64736.27,64278.0,64330.71,1368.72937
2026-08-19 04:00:00+00:00,2026-08-19 07:59:59.999000+00:00,64330.7,64409.93,64166.0,64296.0,1822.44544
2026-08-19 08:00:00+00:00,2026-08-19 11:59:59.999000+00:00,64296.01,64539.05,64255.0,64515.63,1158.29773
2026-08-19 12:00:00+00:00,2026-08-19 15:59:59.999000+00:00,64515.62,69500.0,64474.86,68554.0,14033.00336
2026-08-19 16:00:00+00:00,2026-08-19 19:59:59.999000+00:00,68554.0,68997.0,67825.03,68429.44,5078.58687
2026-08-19 20:00:00+00:00,2026-08-19 23:59:59.999000+00:00,68429.44,70000.0,68390.0,69334.79,5593.23699
2026-08-20 00:00:00+00:00,2026-08-20 03:59:59.999000+00:00,69334.78,69894.5,68902.22,69195.64,4128.11593
2026-08-20 04:00:00+00:00,2026-08-20 07:59:59.999000+00:00,69195.64,70022.0,69166.0,69816.45,5427.46046
2026-08-20 08:00:00+00:00,2026-08-20 11:59:59.999000+00:00,69816.45,72490.0,69772.36,71927.07,11048.6274
2026-08-20 12:00:00+00:00,2026-08-20 15:59:59.999000+00:00,71927.07,72830.0,71132.0,72470.83,8096.54953
2026-08-20 16:00:00+00:00,2026-08-20 19:59:59.999000+00:00,72470.84,72966.0,72205.88,72690.76,4379.48083
2026-08-20 20:00:00+00:00,2026-08-20 23:59:59.999000+00:00,72690.76,73400.0,72498.0,73025.15,2824.55872
2026-08-21 00:00:00+00:00,2026-08-21 03:59:59.999000+00:00,73027.02,75785.82,73027.02,74510.77,7849.2251
2026-08-21 04:00:00+00:00,2026-08-21 07:59:59.999000+00:00,74510.77,76916.95,74510.77,76308.65,7121.86416
2026-08-21 08:00:00+00:00,2026-08-21 11:59:59.999000+00:00,76308.66,79500.0,76235.76,76722.32,12525.47553
2026-08-21 12:00:00+00:00,2026-08-21 15:59:59.999000+00:00,76722.31,77871.33,76243.04,77221.98,7874.81907
2026-08-21 16:00:00+00:00,2026-08-21 19:59:59.999000+00:00,77221.98,77722.12,76643.72,77028.94,4866.29326
2026-08-21 20:00:00+00:00,2026-08-21 23:59:59.999000+00:00,77028.94,78760.68,76863.56,78338.03,4101.88856
2026-08-22 00:00:00+00:00,2026-08-22 03:59:59.999000+00:00,78338.03,78828.15,77683.37,78410.98,3135.03861
2026-08-22 04:00:00+00:00,2026-08-22 07:59:59.999000+00:00,78410.98,78818.0,76500.0,77289.18,6027.36717
2026-08-22 08:00:00+00:00,2026-08-22 11:59:59.999000+00:00,77289.18,77445.6,76533.87,77130.02,3748.00174
2026-08-22 12:00:00+00:00,2026-08-22 15:59:59.999000+00:00,77130.01,77387.99,76880.0,76978.83,2000.76926
2026-08-22 16:00:00+00:00,2026-08-22 19:59:59.999000+00:00,76978.83,77547.96,76956.36,77418.25,1412.16364
2026-08-22 20:00:00+00:00,2026-08-22 23:59:59.999000+00:00,77418.26,77467.53,76772.0,77074.93,2201.16805
2026-08-23 00:00:00+00:00,2026-08-23 03:59:59.999000+00:00,77074.94,77400.0,76837.0,76927.87,1553.06668
2026-08-23 04:00:00+00:00,2026-08-23 07:59:59.999000+00:00,76927.87,77036.58,75545.67,76007.13,4450.70459
2026-08-23 08:00:00+00:00,2026-08-23 11:59:59.999000+00:00,76007.12,77400.0,75952.09,77311.02,2438.39979
2026-08-23 12:00:00+00:00,2026-08-23 15:59:59.999000+00:00,77311.02,77765.8,76802.0,77156.13,2980.37095
2026-08-23 16:00:00+00:00,2026-08-23 19:59:59.999000+00:00,77156.14,77487.04,77116.0,77346.01,1664.50999
2026-08-23 20:00:00+00:00,2026-08-23 23:59:59.999000+00:00,77346.0,78052.85,77200.03,77734.0,2280.17985
2026-08-24 00:00:00+00:00,2026-08-24 03:59:59.999000+00:00,77734.0,77742.0,76883.61,76933.02,3664.03678
2026-08-24 04:00:00+00:00,2026-08-24 07:59:59.999000+00:00,76933.02,77790.19,76670.01,77307.15,3503.20007
2026-08-24 08:00:00+00:00,2026-08-24 11:59:59.999000+00:00,77307.14,78600.0,76838.0,78443.65,3882.01996
2026-08-24 12:00:00+00:00,2026-08-24 15:59:59.999000+00:00,78443.65,80000.0,77851.9,79100.01,12055.74657
2026-08-24 16:00:00+00:00,2026-08-24 19:59:59.999000+00:00,79100.01,79877.87,78468.61,78758.0,5362.11449
2026-08-24 20:00:00+00:00,2026-08-24 23:59:59.999000+00:00,78757.99,79049.4,78560.0,78992.75,1712.17604
2026-08-25 00:00:00+00:00,2026-08-25 03:59:59.999000+00:00,78992.76,81272.62,78715.63,80488.01,6875.1249
2026-08-25 04:00:00+00:00,2026-08-25 07:59:59.999000+00:00,80488.01,80923.69,79369.17,79705.79,3945.93467
2026-08-25 08:00:00+00:00,2026-08-25 11:59:59.999000+00:00,79705.79,80249.0,78888.0,79117.99,3717.84169
2026-08-25 12:00:00+00:00,2026-08-25 15:59:59.999000+00:00,79118.0,79527.09,78120.74,79502.01,4751.6108
2026-08-25 16:00:00+00:00,2026-08-25 19:59:59.999000+00:00,79502.01,79563.71,78728.35,78925.95,2595.83028
2026-08-25 20:00:00+00:00,2026-08-25 23:59:59.999000+00:00,78925.96,79000.0,77851.0,78539.14,2886.1716
2026-08-26 00:00:00+00:00,2026-08-26 03:59:59.999000+00:00,78539.13,79251.6,78312.0,79088.62,2212.08248
2026-08-26 04:00:00+00:00,2026-08-26 07:59:59.999000+00:00,79088.61,79206.0,78638.0,78925.56,1973.77004
2026-08-26 08:00:00+00:00,2026-08-26 11:59:59.999000+00:00,78925.57,79119.37,78244.83,78487.26,2329.51988
2026-08-26 12:00:00+00:00,2026-08-26 15:59:59.999000+00:00,78487.26,78713.79,77632.58,78011.65,3729.56026
2026-08-26 16:00:00+00:00,2026-08-26 19:59:59.999000+00:00,78011.64,78650.26,77858.0,78475.49,1989.76733
2026-08-26 20:00:00+00:00,2026-08-26 23:59:59.999000+00:00,78475.49,79174.12,78200.0,79023.75,2379.05888
2026-08-27 00:00:00+00:00,2026-08-27 03:59:59.999000+00:00,79023.75,79028.49,78546.13,78830.68,1834.8573
2026-08-27 04:00:00+00:00,2026-08-27 07:59:59.999000+00:00,78830.68,79095.99,78600.0,79082.17,1224.03365
2026-08-27 08:00:00+00:00,2026-08-27 11:59:59.999000+00:00,79082.18,80520.0,79048.0,79477.67,4143.28822
2026-08-27 12:00:00+00:00,2026-08-27 15:59:59.999000+00:00,79477.66,80799.91,78920.0,80302.32,4528.8285
2026-08-27 16:00:00+00:00,2026-08-27 19:59:59.999000+00:00,80302.32,80848.74,79749.7,79910.19,3109.17529
2026-08-27 20:00:00+00:00,2026-08-27 23:59:59.999000+00:00,79910.19,80432.36,79882.86,80249.58,1425.35399
2026-08-28 00:00:00+00:00,2026-08-28 03:59:59.999000+00:00,80249.59,81478.87,79723.02,79810.49,3700.54747
2026-08-28 04:00:00+00:00,2026-08-28 07:59:59.999000+00:00,79810.48,79999.0,79558.11,79660.0,2266.68768
2026-08-28 08:00:00+00:00,2026-08-28 11:59:59.999000+00:00,79660.0,79840.0,79001.01,79604.13,2010.80327
2026-08-28 12:00:00+00:00,2026-08-28 15:59:59.999000+00:00,79604.12,79838.73,78312.64,78331.13,5428.42383
2026-08-28 16:00:00+00:00,2026-08-28 19:59:59.999000+00:00,78331.13,78404.0,76888.0,77580.03,4754.79211
2026-08-28 20:00:00+00:00,2026-08-28 23:59:59.999000+00:00,77580.03,77846.72,77255.69,77845.87,1595.1821
2026-08-29 00:00:00+00:00,2026-08-29 03:59:59.999000+00:00,77845.88,77963.92,77507.16,77507.17,1163.39213
2026-08-29 04:00:00+00:00,2026-08-29 07:59:59.999000+00:00,77507.17,77716.12,77382.37,77626.01,1664.15625
2026-08-29 08:00:00+00:00,2026-08-29 11:59:59.999000+00:00,77626.01,77754.23,77487.73,77584.67,991.9736
2026-08-29 12:00:00+00:00,2026-08-29 15:59:59.999000+00:00,77584.66,78150.0,77506.63,77865.36,1283.2584
2026-08-29 16:00:00+00:00,2026-08-29 19:59:59.999000+00:00,77865.36,78330.0,77858.29,78182.0,1024.87084
2026-08-29 20:00:00+00:00,2026-08-29 23:59:59.999000+00:00,78181.99,78298.0,78062.0,78230.0,888.65135
2026-08-30 00:00:00+00:00,2026-08-30 03:59:59.999000+00:00,78230.0,78330.0,77994.02,78144.68,816.30414
2026-08-30 04:00:00+00:00,2026-08-30 07:59:59.999000+00:00,78144.68,78310.71,77990.0,78118.0,723.01311
2026-08-30 08:00:00+00:00,2026-08-30 11:59:59.999000+00:00,78118.0,78242.0,77962.49,78166.0,649.28997
2026-08-30 12:00:00+00:00,2026-08-30 15:59:59.999000+00:00,78165.99,78966.76,78165.99,78823.63,2296.08087
2026-08-30 16:00:00+00:00,2026-08-30 19:59:59.999000+00:00,78823.62,79400.0,78721.98,78856.39,1654.26061
2026-08-30 20:00:00+00:00,2026-08-30 23:59:59.999000+00:00,78856.39,78931.49,77000.0,77682.0,2946.47535
2026-08-31 00:00:00+00:00,2026-08-31 03:59:59.999000+00:00,77682.0,78185.89,77392.0,77756.71,2131.01907
2026-08-31 04:00:00+00:00,2026-08-31 07:59:59.999000+00:00,77756.7,78322.56,77458.83,78196.01,2746.00452
2026-08-31 08:00:00+00:00,2026-08-31 11:59:59.999000+00:00,78196.01,78802.0,77982.0,78315.43,2466.58638
2026-08-31 12:00:00+00:00,2026-08-31 15:59:59.999000+00:00,78315.43,78777.9,77675.04,78580.42,4388.20343
2026-08-31 16:00:00+00:00,2026-08-31 19:59:59.999000+00:00,78580.43,79250.0,78494.0,78898.06,2077.9423
2026-08-31 20:00:00+00:00,2026-08-31 23:59:59.999000+00:00,78898.06,79172.0,78405.01,78581.29,1494.15032
2026-09-01 00:00:00+00:00,2026-09-01 03:59:59.999000+00:00,78581.3,78900.01,78189.93,78679.01,2030.75476
2026-09-01 04:00:00+00:00,2026-09-01 07:59:59.999000+00:00,78679.01,79220.61,78500.0,78632.37,1861.50805
2026-09-01 08:00:00+00:00,2026-09-01 11:59:59.999000+00:00,78632.37,78658.01,77758.69,78098.97,2651.84197
2026-09-01 12:00:00+00:00,2026-09-01 15:59:59.999000+00:00,78098.96,78424.0,77510.0,77919.06,3120.33071
2026-09-01 16:00:00+00:00,2026-09-01 19:59:59.999000+00:00,77919.07,77976.0,76420.0,77312.0,3107.9414
2026-09-01 20:00:00+00:00,2026-09-01 23:59:59.999000+00:00,77312.0,77638.18,76920.36,77439.0,1358.2626
2026-09-02 00:00:00+00:00,2026-09-02 03:59:59.999000+00:00,77439.01,77792.0,76718.48,77563.5,2069.66828
2026-09-02 04:00:00+00:00,2026-09-02 07:59:59.999000+00:00,77563.5,77765.99,77294.56,77473.85,1554.71407
2026-09-02 08:00:00+00:00,2026-09-02 11:59:59.999000+00:00,77473.86,77546.0,76264.0,76828.76,3307.82033
2026-09-02 12:00:00+00:00,2026-09-02 15:59:59.999000+00:00,76828.75,77490.0,76611.67,77288.98,2775.08568
2026-09-02 16:00:00+00:00,2026-09-02 19:59:59.999000+00:00,77288.97,77582.0,76950.56,77341.47,2309.35456
2026-09-02 20:00:00+00:00,2026-09-02 23:59:59.999000+00:00,77341.48,77520.0,77007.36,77340.01,1054.33528
2026-09-03 00:00:00+00:00,2026-09-03 03:59:59.999000+00:00,77340.01,77900.0,76968.0,77708.0,1810.06511
2026-09-03 04:00:00+00:00,2026-09-03 07:59:59.999000+00:00,77708.01,78183.91,77101.01,77663.15,2058.03609
2026-09-03 08:00:00+00:00,2026-09-03 11:59:59.999000+00:00,77663.14,78066.0,77478.0,77948.39,1507.39929
2026-09-03 12:00:00+00:00,2026-09-03 15:59:59.999000+00:00,77948.39,81370.33,77896.07,81348.0,7602.37953
2026-09-03 16:00:00+00:00,2026-09-03 19:59:59.999000+00:00,81348.0,81790.0,80613.52,81755.41,3813.87114
2026-09-03 20:00:00+00:00,2026-09-03 23:59:59.999000+00:00,81755.41,82300.0,80905.05,81270.37,3014.67131
2026-09-04 00:00:00+00:00,2026-09-04 03:59:59.999000+00:00,81270.37,81427.75,80669.45,80850.0,2106.35935
2026-09-04 04:00:00+00:00,2026-09-04 07:59:59.999000+00:00,80850.01,81288.0,80573.21,80656.87,2337.64732
2026-09-04 08:00:00+00:00,2026-09-04 11:59:59.999000+00:00,80656.86,81423.03,80502.87,81224.86,2718.76274
2026-09-04 12:00:00+00:00,2026-09-04 15:59:59.999000+00:00,81224.86,81350.0,78660.0,79429.33,8378.55183
2026-09-04 16:00:00+00:00,2026-09-04 19:59:59.999000+00:00,79429.33,79877.07,79378.19,79793.34,2107.66351
2026-09-04 20:00:00+00:00,2026-09-04 23:59:59.999000+00:00,79793.35,79862.15,79512.0,79660.77,1549.64074
2026-09-05 00:00:00+00:00,2026-09-05 03:59:59.999000+00:00,79660.77,79721.57,79472.22,79582.0,879.54469
2026-09-05 04:00:00+00:00,2026-09-05 07:59:59.999000+00:00,79581.99,79763.41,79442.0,79709.96,1299.56191
2026-09-05 08:00:00+00:00,2026-09-05 11:59:59.999000+00:00,79709.96,79735.97,79568.0,79609.28,1317.25002
2026-09-05 12:00:00+00:00,2026-09-05 15:59:59.999000+00:00,79609.29,79816.0,79545.96,79806.01,1515.20832
2026-09-05 16:00:00+00:00,2026-09-05 19:59:59.999000+00:00,79806.0,80200.0,79712.86,79754.0,2187.26566
2026-09-05 20:00:00+00:00,2026-09-05 23:59:59.999000+00:00,79753.99,79947.99,79694.0,79831.75,1918.4096
2026-09-06 00:00:00+00:00,2026-09-06 03:59:59.999000+00:00,79831.75,80107.99,79829.98,80028.01,959.7761
2026-09-06 04:00:00+00:00,2026-09-06 07:59:59.999000+00:00,80028.01,80107.99,79577.0,79805.0,1634.23504
2026-09-06 08:00:00+00:00,2026-09-06 11:59:59.999000+00:00,79804.68,80020.0,79752.7,79919.17,1709.90126
2026-09-06 12:00:00+00:00,2026-09-06 15:59:59.999000+00:00,79919.17,80010.0,79233.0,79716.5,1691.87965
2026-09-06 16:00:00+00:00,2026-09-06 19:59:59.999000+00:00,79716.51,79970.0,79584.73,79829.99,859.21256
2026-09-06 20:00:00+00:00,2026-09-06 23:59:59.999000+00:00,79830.0,80559.99,79647.04,80341.83,1999.81366
2026-09-07 00:00:00+00:00,2026-09-07 03:59:59.999000+00:00,80341.83,80443.99,79568.6,79596.39,1737.92416
2026-09-07 04:00:00+00:00,2026-09-07 07:59:59.999000+00:00,79596.38,79926.04,79001.1,79397.83,2737.571
2026-09-07 08:00:00+00:00,2026-09-07 11:59:59.999000+00:00,79397.83,79550.0,79282.0,79420.16,1414.08125
2026-09-07 12:00:00+00:00,2026-09-07 15:59:59.999000+00:00,79420.16,79643.5,78680.0,78821.99,2336.60558
2026-09-07 16:00:00+00:00,2026-09-07 19:59:59.999000+00:00,78822.0,79419.17,78807.69,79365.82,1219.11153
2026-09-07 20:00:00+00:00,2026-09-07 23:59:59.999000+00:00,79365.81,79394.92,78781.07,79112.01,1127.16143
2026-09-08 00:00:00+00:00,2026-09-08 03:59:59.999000+00:00,79112.0,79485.0,78725.1,78906.28,2314.63248
2026-09-08 04:00:00+00:00,2026-09-08 07:59:59.999000+00:00,78906.27,78929.24,78179.98,78482.0,6753.06421
2026-09-08 08:00:00+00:00,2026-09-08 11:59:59.999000+00:00,78482.0,78994.5,78271.63,78430.01,2614.92047
2026-09-08 12:00:00+00:00,2026-09-08 15:59:59.999000+00:00,78430.0,78910.88,77620.01,78904.0,4668.00227
2026-09-08 16:00:00+00:00,2026-09-08 19:59:59.999000+00:00,78904.0,78978.39,78271.49,78446.0,1484.59996
2026-09-08 20:00:00+00:00,2026-09-08 23:59:59.999000+00:00,78445.99,78662.75,78406.0,78455.8,1399.84666
2026-09-09 00:00:00+00:00,2026-09-09 03:59:59.999000+00:00,78455.8,78928.65,78455.79,78638.01,1609.73359
2026-09-09 04:00:00+00:00,2026-09-09 07:59:59.999000+00:00,78638.01,79400.0,78638.0,79277.43,1973.28668
2026-09-09 08:00:00+00:00,2026-09-09 11:59:59.999000+00:00,79277.44,79760.0,78725.29,79324.75,2523.95974
2026-09-09 12:00:00+00:00,2026-09-09 15:59:59.999000+00:00,79324.75,79678.84,78060.03,78596.7,4602.5023
2026-09-09 16:00:00+00:00,2026-09-09 19:59:59.999000+00:00,78596.7,78938.55,78150.0,78234.94,1739.43655
2026-09-09 20:00:00+00:00,2026-09-09 23:59:59.999000+00:00,78234.94,78340.01,77770.0,78306.43,1681.00141
2026-09-10 00:00:00+00:00,2026-09-10 03:59:59.999000+00:00,78306.43,78550.0,77952.0,78328.08,1876.38897
2026-09-10 04:00:00+00:00,2026-09-10 07:59:59.999000+00:00,78328.08,78564.39,77906.48,78112.0,1876.70487
2026-09-10 08:00:00+00:00,2026-09-10 11:59:59.999000+00:00,78112.0,78229.22,77688.0,77840.8,2184.29873
2026-09-10 12:00:00+00:00,2026-09-10 15:59:59.999000+00:00,77840.64,77959.2,76676.07,77250.0,6058.77233
2026-09-10 16:00:00+00:00,2026-09-10 19:59:59.999000+00:00,77250.0,77544.0,76804.99,77160.83,1862.81881
2026-09-10 20:00:00+00:00,2026-09-10 23:59:59.999000+00:00,77160.83,77347.45,76464.0,76568.72,1461.38533
2026-09-11 00:00:00+00:00,2026-09-11 03:59:59.999000+00:00,76568.73,77013.62,76563.01,76891.8,2190.99695
2026-09-11 04:00:00+00:00,2026-09-11 07:59:59.999000+00:00,76891.81,77431.48,76889.23,77230.7,1495.30957
2026-09-11 08:00:00+00:00,2026-09-11 11:59:59.999000+00:00,77230.7,77500.0,76746.95,77036.12,1673.60711
2026-09-11 12:00:00+00:00,2026-09-11 15:59:59.999000+00:00,77036.12,79890.0,76046.58,77732.25,9334.31018
2026-09-11 16:00:00+00:00,2026-09-11 19:59:59.999000+00:00,77732.25,78068.01,76883.0,77286.01,2837.74262
2026-09-11 20:00:00+00:00,2026-09-11 23:59:59.999000+00:00,77286.0,77504.01,76967.13,77225.7,2181.31086
2026-09-12 00:00:00+00:00,2026-09-12 03:59:59.999000+00:00,77225.71,77378.37,77207.65,77268.09,1050.82498
2026-09-12 04:00:00+00:00,2026-09-12 07:59:59.999000+00:00,77268.09,77359.2,77164.06,77269.55,1868.18666
2026-09-12 08:00:00+00:00,2026-09-12 11:59:59.999000+00:00,77269.54,77400.75,77269.54,77356.04,911.81159
2026-09-12 12:00:00+00:00,2026-09-12 15:59:59.999000+00:00,77356.05,77505.67,77255.19,77380.37,1868.75181
2026-09-12 16:00:00+00:00,2026-09-12 19:59:59.999000+00:00,77380.38,77414.01,77059.75,77114.99,1414.87519
2026-09-12 20:00:00+00:00,2026-09-12 23:59:59.999000+00:00,77115.0,77300.0,77114.99,77278.73,945.99432
2026-09-13 00:00:00+00:00,2026-09-13 03:59:59.999000+00:00,77278.73,77341.37,77162.36,77192.01,909.67679
2026-09-13 04:00:00+00:00,2026-09-13 07:59:59.999000+00:00,77192.0,77325.82,77058.42,77127.99,1137.82395
2026-09-13 08:00:00+00:00,2026-09-13 11:59:59.999000+00:00,77127.99,77182.0,76500.0,76792.32,1396.22788
2026-09-13 12:00:00+00:00,2026-09-13 15:59:59.999000+00:00,76792.31,77254.45,76560.0,77134.83,1488.47423
2026-09-13 16:00:00+00:00,2026-09-13 19:59:59.999000+00:00,77134.82,77413.52,77125.66,77284.0,690.96129
2026-09-13 20:00:00+00:00,2026-09-13 23:59:59.999000+00:00,77284.01,77450.0,76622.97,76842.01,1336.51952
2026-09-14 00:00:00+00:00,2026-09-14 03:59:59.999000+00:00,76842.01,77869.82,76388.72,77596.33,3263.31484
2026-09-14 04:00:00+00:00,2026-09-14 07:59:59.999000+00:00,77596.32,77895.35,77379.41,77892.24,1674.13901
2026-09-14 08:00:00+00:00,2026-09-14 11:59:59.999000+00:00,77892.24,78374.01,77593.8,77776.0,1944.20806
2026-09-14 12:00:00+00:00,2026-09-14 15:59:59.999000+00:00,77776.0,78712.29,77481.98,78578.02,3774.64146
2026-09-14 16:00:00+00:00,2026-09-14 19:59:59.999000+00:00,78578.02,79325.0,78426.17,78982.0,2707.30125
2026-09-14 20:00:00+00:00,2026-09-14 23:59:59.999000+00:00,78982.01,79600.0,78131.3,78189.21,2049.88509
2026-09-15 00:00:00+00:00,2026-09-15 03:59:59.999000+00:00,78189.2,78250.46,77658.0,77676.99,1582.25659
2026-09-15 04:00:00+00:00,2026-09-15 07:59:59.999000+00:00,77676.99,77744.31,76889.22,76930.01,2492.09601
2026-09-15 08:00:00+00:00,2026-09-15 11:59:59.999000+00:00,76930.0,77223.32,76703.59,76940.01,2305.84645
2026-09-15 12:00:00+00:00,2026-09-15 15:59:59.999000+00:00,76940.01,77143.15,75605.0,76512.0,6696.64322
2026-09-15 16:00:00+00:00,2026-09-15 19:59:59.999000+00:00,76512.01,77343.44,74967.97,76186.48,6485.18573
2026-09-15 20:00:00+00:00,2026-09-15 23:59:59.999000+00:00,76186.48,76245.98,75140.64,75644.48,2120.68934
2026-09-16 00:00:00+00:00,2026-09-16 03:59:59.999000+00:00,75644.48,76111.0,75457.52,75824.01,1612.51371
2026-09-16 04:00:00+00:00,2026-09-16 07:59:59.999000+00:00,75824.0,76097.54,75677.64,75766.63,1815.54445
2026-09-16 08:00:00+00:00,2026-09-16 11:59:59.999000+00:00,75766.62,76304.01,75350.0,76250.0,1984.5471
2026-09-16 12:00:00+00:00,2026-09-16 15:59:59.999000+00:00,76250.0,76300.0,75423.04,75788.41,2571.68452
2026-09-16 16:00:00+00:00,2026-09-16 19:59:59.999000+00:00,75788.41,76560.76,75064.82,76080.0,5061.39529
2026-09-16 20:00:00+00:00,2026-09-16 23:59:59.999000+00:00,76080.0,76422.01,75632.7,76206.01,1842.29924
2026-09-17 00:00:00+00:00,2026-09-17 03:59:59.999000+00:00,76206.0,76774.08,76055.34,76441.99,1903.83757
2026-09-17 04:00:00+00:00,2026-09-17 07:59:59.999000+00:00,76442.0,76682.01,76187.0,76462.76,1250.01649
2026-09-17 08:00:00+00:00,2026-09-17 11:59:59.999000+00:00,76462.77,76770.0,76179.0,76482.0,1544.37385
2026-09-17 12:00:00+00:00,2026-09-17 15:59:59.999000+00:00,76482.0,77179.47,76000.0,76780.01,3397.26109
2026-09-17 16:00:00+00:00,2026-09-17 19:59:59.999000+00:00,76780.01,76970.01,76470.4,76594.01,1893.4651
2026-09-17 20:00:00+00:00,2026-09-17 23:59:59.999000+00:00,76594.01,76732.99,76259.98,76417.01,936.06809
2026-09-18 00:00:00+00:00,2026-09-18 03:59:59.999000+00:00,76417.01,77597.83,76296.0,77383.47,2587.0135
2026-09-18 04:00:00+00:00,2026-09-18 07:59:59.999000+00:00,77383.47,77850.0,77216.76,77798.01,3187.0833
2026-09-18 08:00:00+00:00,2026-09-18 11:59:59.999000+00:00,77798.0,78490.79,77660.0,78062.0,3241.48376
2026-09-18 12:00:00+00:00,2026-09-18 15:59:59.999000+00:00,78062.01,81154.67,77972.3,80725.6,9210.60084
2026-09-18 16:00:00+00:00,2026-09-18 19:59:59.999000+00:00,80725.6,81400.0,80555.54,81204.76,3501.19859
2026-09-18 20:00:00+00:00,2026-09-18 23:59:59.999000+00:00,81204.77,81370.57,80862.61,80883.87,2180.39963
2026-09-19 00:00:00+00:00,2026-09-19 03:59:59.999000+00:00,80883.86,81741.0,80844.58,81136.01,1943.90854
2026-09-19 04:00:00+00:00,2026-09-19 07:59:59.999000+00:00,81136.02,81250.0,80911.12,81100.16,1034.19685
2026-09-19 08:00:00+00:00,2026-09-19 11:59:59.999000+00:00,81100.17,81528.01,81075.28,81302.63,1636.76431
2026-09-19 12:00:00+00:00,2026-09-19 15:59:59.999000+00:00,81302.63,81951.0,81183.28,81636.01,2362.29081
2026-09-19 16:00:00+00:00,2026-09-19 19:59:59.999000+00:00,81636.01,81914.01,81309.68,81354.01,1747.3466
2026-09-19 20:00:00+00:00,2026-09-19 23:59:59.999000+00:00,81354.01,81431.13,80904.46,81249.99,1939.25995
2026-09-20 00:00:00+00:00,2026-09-20 03:59:59.999000+00:00,81249.99,81330.01,80126.04,80486.38,3046.21561
2026-09-20 04:00:00+00:00,2026-09-20 07:59:59.999000+00:00,80486.38,80668.15,80227.27,80311.61,1823.56121
2026-09-20 08:00:00+00:00,2026-09-20 11:59:59.999000+00:00,80311.6,80581.82,80165.49,80493.2,1296.28832
2026-09-20 12:00:00+00:00,2026-09-20 15:59:59.999000+00:00,80493.21,80969.84,80327.64,80912.0,1479.70799
2026-09-20 16:00:00+00:00,2026-09-20 19:59:59.999000+00:00,80912.0,81497.33,80811.03,81177.32,2151.78928
2026-09-20 20:00:00+00:00,2026-09-20 23:59:59.999000+00:00,81177.32,81332.01,80579.43,81178.0,1196.12052
2026-09-21 00:00:00+00:00,2026-09-21 03:59:59.999000+00:00,81178.01,82100.0,80850.22,81425.23,2906.21801
2026-09-21 04:00:00+00:00,2026-09-21 07:59:59.999000+00:00,81425.24,81878.98,81228.15,81720.01,2052.25945
2026-09-21 08:00:00+00:00,2026-09-21 11:59:59.999000+00:00,81720.01,85299.87,81720.0,84887.19,11227.96172
2026-09-21 12:00:00+00:00,2026-09-21 15:59:59.999000+00:00,84887.19,86344.7,84778.0,85927.71,8699.46929
2026-09-21 16:00:00+00:00,2026-09-21 19:59:59.999000+00:00,85927.71,86895.7,85607.42,86490.11,3950.07947
2026-09-21 20:00:00+00:00,2026-09-21 23:59:59.999000+00:00,86490.11,87395.67,86295.78,86620.0,3127.19078
2026-09-22 00:00:00+00:00,2026-09-22 03:59:59.999000+00:00,86620.01,86625.82,85300.0,85692.83,3619.94615
2026-09-22 04:00:00+00:00,2026-09-22 07:59:59.999000+00:00,85692.83,85730.23,85114.0,85344.0,3068.18216
2026-09-22 08:00:00+00:00,2026-09-22 11:59:59.999000+00:00,85344.01,86377.77,85327.42,85986.62,3456.49896
2026-09-22 12:00:00+00:00,2026-09-22 15:59:59.999000+00:00,85986.62,86717.6,85461.53,86413.12,4811.81229
2026-09-22 16:00:00+00:00,2026-09-22 19:59:59.999000+00:00,86413.11,86660.0,86033.18,86192.44,4306.75965
2026-09-22 20:00:00+00:00,2026-09-22 23:59:59.999000+00:00,86192.45,86504.17,86000.0,86208.56,2065.25892
2026-09-23 00:00:00+00:00,2026-09-23 03:59:59.999000+00:00,86208.57,86975.51,86133.4,86704.27,2447.5659
2026-09-23 04:00:00+00:00,2026-09-23 07:59:59.999000+00:00,86704.27,87278.54,86000.0,86124.77,3242.5481
2026-09-23 08:00:00+00:00,2026-09-23 11:59:59.999000+00:00,86124.77,86264.01,85450.88,85649.95,2781.86208
2026-09-23 12:00:00+00:00,2026-09-23 15:59:59.999000+00:00,85649.96,85940.32,83864.07,83996.01,8305.86458
2026-09-23 16:00:00+00:00,2026-09-23 19:59:59.999000+00:00,83996.0,84565.21,83500.01,84518.0,3972.56165
2026-09-23 20:00:00+00:00,2026-09-23 23:59:59.999000+00:00,84518.0,84670.01,84212.68,84397.6,1400.53046
2026-09-24 00:00:00+00:00,2026-09-24 03:59:59.999000+00:00,84397.6,84494.5,83744.7,83934.01,2101.81016
2026-09-24 04:00:00+00:00,2026-09-24 07:59:59.999000+00:00,83934.01,84612.01,83781.89,84524.02,2151.97484
2026-09-24 08:00:00+00:00,2026-09-24 11:59:59.999000+00:00,84524.02,84622.01,82874.93,83494.58,4840.77947
2026-09-24 12:00:00+00:00,2026-09-24 15:59:59.999000+00:00,83494.59,84942.45,83346.66,84418.0,4762.97566
2026-09-24 16:00:00+00:00,2026-09-24 19:59:59.999000+00:00,84418.01,84924.01,83888.0,84412.65,3024.83335
2026-09-24 20:00:00+00:00,2026-09-24 23:59:59.999000+00:00,84412.64,84501.16,83948.43,84410.24,1821.24623
2026-09-25 00:00:00+00:00,2026-09-25 03:59:59.999000+00:00,84410.24,84888.0,84063.18,84231.19,2135.1839
2026-09-25 04:00:00+00:00,2026-09-25 07:59:59.999000+00:00,84231.19,84347.86,83750.5,84043.96,2543.41689
