open_time,close_time,open,high,low,close,volume
2026-08-27 14:00:00+00:00,2026-08-27 14:59:59.999000+00:00,2496.69,2523.46,2489.04,2517.44,24755.0865
2026-08-27 15:00:00+00:00,2026-08-27 15:59:59.999000+00:00,2517.44,2531.84,2513.62,2521.68,21621.0344
2026-08-27 16:00:00+00:00,2026-08-27 16:59:59.999000+00:00,2521.68,2533.24,2516.32,2522.31,13299.2104
2026-08-27 17:00:00+00:00,2026-08-27 17:59:59.999000+00:00,2522.31,2533.78,2515.36,2518.07,14916.3393
2026-08-27 18:00:00+00:00,2026-08-27 18:59:59.999000+00:00,2518.07,2518.21,2488.74,2506.69,24003.7481
2026-08-27 19:00:00+00:00,2026-08-27 19:59:59.999000+00:00,2506.69,2514.34,2497.51,2498.21,15462.8443
2026-08-27 20:00:00+00:00,2026-08-27 20:59:59.999000+00:00,2498.22,2507.91,2495.06,2507.83,5372.936
2026-08-27 21:00:00+00:00,2026-08-27 21:59:59.999000+00:00,2507.84,2508.79,2499.22,2504.12,5887.8717
2026-08-27 22:00:00+00:00,2026-08-27 22:59:59.999000+00:00,2504.12,2516.98,2504.12,2515.15,9923.0584
2026-08-27 23:00:00+00:00,2026-08-27 23:59:59.999000+00:00,2515.16,2516.81,2509.05,2510.94,4734.4987
2026-08-28 00:00:00+00:00,2026-08-28 00:59:59.999000+00:00,2510.94,2519.91,2506.02,2515.61,6319.2257
2026-08-28 01:00:00+00:00,2026-08-28 01:59:59.999000+00:00,2515.61,2535.05,2507.83,2512.44,14664.416
2026-08-28 02:00:00+00:00,2026-08-28 02:59:59.999000+00:00,2512.44,2512.44,2486.09,2492.26,14721.0814
2026-08-28 03:00:00+00:00,2026-08-28 03:59:59.999000+00:00,2492.26,2495.6,2486.24,2489.92,5660.3707
2026-08-28 04:00:00+00:00,2026-08-28 04:59:59.999000+00:00,2489.91,2496.17,2477.49,2486.18,8312.1118
2026-08-28 05:00:00+00:00,2026-08-28 05:59:59.999000+00:00,2486.18,2497.44,2482.23,2493.32,6358.9477
2026-08-28 06:00:00+00:00,2026-08-28 06:59:59.999000+00:00,2493.32,2505.37,2493.31,2503.0,7173.6332
2026-08-28 07:00:00+00:00,2026-08-28 07:59:59.999000+00:00,2503.01,2503.42,2494.1,2496.48,9300.5858
2026-08-28 08:00:00+00:00,2026-08-28 08:59:59.999000+00:00,2496.47,2503.66,2486.52,2488.05,10339.3477
2026-08-28 09:00:00+00:00,2026-08-28 09:59:59.999000+00:00,2488.05,2493.24,2483.4,2489.58,8732.645
2026-08-28 10:00:00+00:00,2026-08-28 10:59:59.999000+00:00,2489.57,2509.08,2482.17,2506.56,8473.1451
2026-08-28 11:00:00+00:00,2026-08-28 11:59:59.999000+00:00,2506.57,2511.51,2502.43,2505.1,7415.1881
2026-08-28 12:00:00+00:00,2026-08-28 12:59:59.999000+00:00,2505.1,2508.41,2495.29,2499.11,4979.1026
2026-08-28 13:00:00+00:00,2026-08-28 13:59:59.999000+00:00,2499.1,2518.26,2495.22,2509.17,18227.1282
2026-08-28 14:00:00+00:00,2026-08-28 14:59:59.999000+00:00,2509.17,2526.64,2468.0,2513.0,49210.4249
2026-08-28 15:00:00+00:00,2026-08-28 15:59:59.999000+00:00,2513.0,2519.25,2470.0,2471.89,33015.8405
2026-08-28 16:00:00+00:00,2026-08-28 16:59:59.999000+00:00,2471.89,2473.95,2405.97,2442.29,77040.49
2026-08-28 17:00:00+00:00,2026-08-28 17:59:59.999000+00:00,2442.3,2448.22,2437.43,2443.79,13245.1975
2026-08-28 18:00:00+00:00,2026-08-28 18:59:59.999000+00:00,2443.79,2445.02,2418.08,2428.68,20796.9807
2026-08-28 19:00:00+00:00,2026-08-28 19:59:59.999000+00:00,2428.67,2443.1,2428.62,2435.69,11643.3318
2026-08-28 20:00:00+00:00,2026-08-28 20:59:59.999000+00:00,2435.68,2436.12,2424.03,2427.61,5722.7458
2026-08-28 21:00:00+00:00,2026-08-28 21:59:59.999000+00:00,2427.61,2432.14,2422.36,2424.9,4722.7755
2026-08-28 22:00:00+00:00,2026-08-28 22:59:59.999000+00:00,2424.91,2445.0,2422.68,2442.01,9336.5578
2026-08-28 23:00:00+00:00,2026-08-28 23:59:59.999000+00:00,2442.01,2442.83,2436.47,2442.8,5671.1937
2026-08-29 00:00:00+00:00,2026-08-29 00:59:59.999000+00:00,2442.79,2448.05,2441.02,2442.47,5333.4464
2026-08-29 01:00:00+00:00,2026-08-29 01:59:59.999000+00:00,2442.47,2445.92,2439.18,2443.78,3843.4627
2026-08-29 02:00:00+00:00,2026-08-29 02:59:59.999000+00:00,2443.77,2444.95,2435.59,2438.73,3903.7061
2026-08-29 03:00:00+00:00,2026-08-29 03:59:59.999000+00:00,2438.72,2441.62,2434.56,2435.23,3828.7446
2026-08-29 04:00:00+00:00,2026-08-29 04:59:59.999000+00:00,2435.24,2441.13,2434.65,2440.45,3175.398
2026-08-29 05:00:00+00:00,2026-08-29 05:59:59.999000+00:00,2440.45,2442.03,2437.98,2438.62,3972.5746
2026-08-29 06:00:00+00:00,2026-08-29 06:59:59.999000+00:00,2438.62,2439.05,2430.45,2435.16,3603.2884
2026-08-29 07:00:00+00:00,2026-08-29 07:59:59.999000+00:00,2435.17,2438.0,2434.16,2436.41,3357.706
2026-08-29 08:00:00+00:00,2026-08-29 08:59:59.999000+00:00,2436.4,2436.4,2431.2,2434.15,3803.1816
2026-08-29 09:00:00+00:00,2026-08-29 09:59:59.999000+00:00,2434.14,2437.29,2433.65,2435.44,3585.173
2026-08-29 10:00:00+00:00,2026-08-29 10:59:59.999000+00:00,2435.43,2438.41,2431.43,2434.72,2840.5679
2026-08-29 11:00:00+00:00,2026-08-29 11:59:59.999000+00:00,2434.71,2438.5,2433.63,2435.87,2291.7896
2026-08-29 12:00:00+00:00,2026-08-29 12:59:59.999000+00:00,2435.88,2438.96,2433.14,2434.33,2306.1732
2026-08-29 13:00:00+00:00,2026-08-29 13:59:59.999000+00:00,2434.33,2436.51,2432.42,2435.63,5762.1485
2026-08-29 14:00:00+00:00,2026-08-29 14:59:59.999000+00:00,2435.63,2452.64,2435.05,2448.58,7417.4232
2026-08-29 15:00:00+00:00,2026-08-29 15:59:59.999000+00:00,2448.59,2449.35,2441.03,2444.76,4594.7812
2026-08-29 16:00:00+00:00,2026-08-29 16:59:59.999000+00:00,2444.75,2457.77,2444.52,2450.98,8805.9659
2026-08-29 17:00:00+00:00,2026-08-29 17:59:59.999000+00:00,2450.99,2455.44,2445.57,2450.74,8009.9475
2026-08-29 18:00:00+00:00,2026-08-29 18:59:59.999000+00:00,2450.74,2455.83,2445.6,2452.45,8539.113
2026-08-29 19:00:00+00:00,2026-08-29 19:59:59.999000+00:00,2452.45,2458.9,2451.7,2453.51,3897.5449
2026-08-29 20:00:00+00:00,2026-08-29 20:59:59.999000+00:00,2453.51,2458.24,2451.7,2452.82,2521.0013
2026-08-29 21:00:00+00:00,2026-08-29 21:59:59.999000+00:00,2452.82,2454.09,2449.08,2451.47,2265.0166
2026-08-29 22:00:00+00:00,2026-08-29 22:59:59.999000+00:00,2451.47,2453.25,2449.37,2452.64,1863.8534
2026-08-29 23:00:00+00:00,2026-08-29 23:59:59.999000+00:00,2452.63,2459.76,2452.63,2457.67,4001.9179
2026-08-30 00:00:00+00:00,2026-08-30 00:59:59.999000+00:00,2457.67,2467.93,2454.53,2458.95,5489.2364
2026-08-30 01:00:00+00:00,2026-08-30 01:59:59.999000+00:00,2458.94,2460.62,2453.08,2456.37,4329.9676
2026-08-30 02:00:00+00:00,2026-08-30 02:59:59.999000+00:00,2456.37,2458.99,2453.6,2454.97,3370.9771
2026-08-30 03:00:00+00:00,2026-08-30 03:59:59.999000+00:00,2454.97,2460.72,2454.17,2457.15,3413.0578
2026-08-30 04:00:00+00:00,2026-08-30 04:59:59.999000+00:00,2457.14,2458.75,2451.55,2455.87,6970.6771
2026-08-30 05:00:00+00:00,2026-08-30 05:59:59.999000+00:00,2455.86,2460.0,2455.11,2456.36,3102.5747
2026-08-30 06:00:00+00:00,2026-08-30 06:59:59.999000+00:00,2456.35,2461.52,2455.01,2461.07,3315.4443
2026-08-30 07:00:00+00:00,2026-08-30 07:59:59.999000+00:00,2461.07,2461.29,2455.0,2455.28,3413.3024
2026-08-30 08:00:00+00:00,2026-08-30 08:59:59.999000+00:00,2455.28,2459.9,2454.72,2456.86,2614.3275
2026-08-30 09:00:00+00:00,2026-08-30 09:59:59.999000+00:00,2456.87,2458.24,2451.79,2453.54,3814.7488
2026-08-30 10:00:00+00:00,2026-08-30 10:59:59.999000+00:00,2453.54,2459.8,2452.5,2459.68,3869.6043
2026-08-30 11:00:00+00:00,2026-08-30 11:59:59.999000+00:00,2459.68,2461.81,2456.51,2460.41,4487.7731
2026-08-30 12:00:00+00:00,2026-08-30 12:59:59.999000+00:00,2460.42,2473.3,2458.73,2469.47,13608.0752
2026-08-30 13:00:00+00:00,2026-08-30 13:59:59.999000+00:00,2469.47,2478.44,2460.87,2475.59,9825.3635
2026-08-30 14:00:00+00:00,2026-08-30 14:59:59.999000+00:00,2475.58,2479.71,2470.91,2477.12,11082.9787
2026-08-30 15:00:00+00:00,2026-08-30 15:59:59.999000+00:00,2477.13,2484.0,2471.86,2481.11,9469.9076
2026-08-30 16:00:00+00:00,2026-08-30 16:59:59.999000+00:00,2481.11,2534.98,2479.28,2529.28,40675.3274
2026-08-30 17:00:00+00:00,2026-08-30 17:59:59.999000+00:00,2529.27,2529.27,2494.36,2505.73,17579.3243
2026-08-30 18:00:00+00:00,2026-08-30 18:59:59.999000+00:00,2505.73,2517.54,2496.59,2510.64,8012.3212
2026-08-30 19:00:00+00:00,2026-08-30 19:59:59.999000+00:00,2510.64,2513.33,2496.25,2503.83,5231.1648
2026-08-30 20:00:00+00:00,2026-08-30 20:59:59.999000+00:00,2503.82,2508.6,2485.28,2490.81,9747.1558
2026-08-30 21:00:00+00:00,2026-08-30 21:59:59.999000+00:00,2490.82,2490.82,2460.18,2481.56,17580.4918
2026-08-30 22:00:00+00:00,2026-08-30 22:59:59.999000+00:00,2481.57,2488.77,2460.4,2470.63,11884.6268
2026-08-30 23:00:00+00:00,2026-08-30 23:59:59.999000+00:00,2470.62,2470.62,2387.28,2416.88,65409.5221
2026-08-31 00:00:00+00:00,2026-08-31 00:59:59.999000+00:00,2416.89,2441.9,2406.53,2428.25,21801.4593
2026-08-31 01:00:00+00:00,2026-08-31 01:59:59.999000+00:00,2428.24,2430.75,2409.49,2412.95,17449.6471
2026-08-31 02:00:00+00:00,2026-08-31 02:59:59.999000+00:00,2412.95,2425.31,2401.35,2407.9,9595.3566
2026-08-31 03:00:00+00:00,2026-08-31 03:59:59.999000+00:00,2407.91,2424.24,2405.03,2420.94,6133.5769
2026-08-31 04:00:00+00:00,2026-08-31 04:59:59.999000+00:00,2420.94,2421.29,2411.34,2417.68,8318.9572
2026-08-31 05:00:00+00:00,2026-08-31 05:59:59.999000+00:00,2417.67,2441.93,2414.1,2435.99,12360.5113
2026-08-31 06:00:00+00:00,2026-08-31 06:59:59.999000+00:00,2436.0,2444.83,2431.32,2438.66,9080.2755
2026-08-31 07:00:00+00:00,2026-08-31 07:59:59.999000+00:00,2438.66,2446.6,2436.17,2440.38,7598.4676
2026-08-31 08:00:00+00:00,2026-08-31 08:59:59.999000+00:00,2440.38,2449.69,2433.56,2446.14,10074.9945
2026-08-31 09:00:00+00:00,2026-08-31 09:59:59.999000+00:00,2446.15,2456.7,2443.03,2446.7,9353.1135
2026-08-31 10:00:00+00:00,2026-08-31 10:59:59.999000+00:00,2446.71,2456.9,2440.82,2455.63,12876.5817
2026-08-31 11:00:00+00:00,2026-08-31 11:59:59.999000+00:00,2455.64,2458.02,2444.02,2446.35,7395.4931
2026-08-31 12:00:00+00:00,2026-08-31 12:59:59.999000+00:00,2446.36,2464.27,2444.59,2451.55,13907.0494
2026-08-31 13:00:00+00:00,2026-08-31 13:59:59.999000+00:00,2451.55,2459.03,2437.05,2440.28,13172.5615
2026-08-31 14:00:00+00:00,2026-08-31 14:59:59.999000+00:00,2440.29,2475.0,2437.75,2467.56,24090.3456
2026-08-31 15:00:00+00:00,2026-08-31 15:59:59.999000+00:00,2467.57,2478.09,2458.28,2467.68,15473.6501
2026-08-31 16:00:00+00:00,2026-08-31 16:59:59.999000+00:00,2467.68,2477.24,2462.05,2469.2,11750.932
2026-08-31 17:00:00+00:00,2026-08-31 17:59:59.999000+00:00,2469.19,2477.37,2461.26,2475.42,9600.1435
2026-08-31 18:00:00+00:00,2026-08-31 18:59:59.999000+00:00,2475.41,2489.89,2468.98,2477.8,12840.7312
2026-08-31 19:00:00+00:00,2026-08-31 19:59:59.999000+00:00,2477.81,2489.95,2477.4,2481.84,12500.2288
2026-08-31 20:00:00+00:00,2026-08-31 20:59:59.999000+00:00,2481.84,2487.0,2470.06,2472.62,5780.9663
2026-08-31 21:00:00+00:00,2026-08-31 21:59:59.999000+00:00,2472.63,2483.51,2467.64,2478.27,6285.542
2026-08-31 22:00:00+00:00,2026-08-31 22:59:59.999000+00:00,2478.27,2480.91,2467.72,2469.45,3865.5252
2026-08-31 23:00:00+00:00,2026-08-31 23:59:59.999000+00:00,2469.45,2469.45,2462.0,2467.65,3915.7446
2026-09-01 00:00:00+00:00,2026-09-01 00:59:59.999000+00:00,2467.64,2477.55,2465.42,2471.61,6555.7578
2026-09-01 01:00:00+00:00,2026-09-01 01:59:59.999000+00:00,2471.62,2476.22,2458.18,2462.86,7182.2715
2026-09-01 02:00:00+00:00,2026-09-01 02:59:59.999000+00:00,2462.85,2465.34,2454.66,2465.08,7215.5597
2026-09-01 03:00:00+00:00,2026-09-01 03:59:59.999000+00:00,2465.09,2482.8,2463.3,2472.21,8543.4613
2026-09-01 04:00:00+00:00,2026-09-01 04:59:59.999000+00:00,2472.21,2478.2,2468.72,2470.02,5922.7902
2026-09-01 05:00:00+00:00,2026-09-01 05:59:59.999000+00:00,2470.02,2485.5,2468.73,2484.54,8773.2436
2026-09-01 06:00:00+00:00,2026-09-01 06:59:59.999000+00:00,2484.54,2484.55,2471.61,2471.61,6115.1352
2026-09-01 07:00:00+00:00,2026-09-01 07:59:59.999000+00:00,2471.61,2477.22,2466.57,2472.72,6434.0688
2026-09-01 08:00:00+00:00,2026-09-01 08:59:59.999000+00:00,2472.72,2473.62,2444.92,2448.17,21078.0254
2026-09-01 09:00:00+00:00,2026-09-01 09:59:59.999000+00:00,2448.18,2455.0,2443.44,2452.44,8281.8056
2026-09-01 10:00:00+00:00,2026-09-01 10:59:59.999000+00:00,2452.44,2463.55,2448.35,2456.97,9715.0517
2026-09-01 11:00:00+00:00,2026-09-01 11:59:59.999000+00:00,2456.97,2464.73,2452.77,2459.18,6384.3509
2026-09-01 12:00:00+00:00,2026-09-01 12:59:59.999000+00:00,2459.18,2459.32,2438.43,2446.61,12105.9852
2026-09-01 13:00:00+00:00,2026-09-01 13:59:59.999000+00:00,2446.62,2450.0,2426.58,2444.41,20969.2723
2026-09-01 14:00:00+00:00,2026-09-01 14:59:59.999000+00:00,2444.42,2457.64,2442.05,2449.29,16110.3873
2026-09-01 15:00:00+00:00,2026-09-01 15:59:59.999000+00:00,2449.3,2454.68,2435.0,2448.97,11376.7945
2026-09-01 16:00:00+00:00,2026-09-01 16:59:59.999000+00:00,2448.97,2449.6,2420.01,2432.83,15662.7999
2026-09-01 17:00:00+00:00,2026-09-01 17:59:59.999000+00:00,2432.83,2439.53,2416.85,2418.18,12086.2016
2026-09-01 18:00:00+00:00,2026-09-01 18:59:59.999000+00:00,2418.18,2421.98,2383.34,2412.83,36005.5501
2026-09-01 19:00:00+00:00,2026-09-01 19:59:59.999000+00:00,2412.83,2424.89,2412.24,2419.18,11583.273
2026-09-01 20:00:00+00:00,2026-09-01 20:59:59.999000+00:00,2419.19,2423.12,2413.07,2421.32,6994.2204
2026-09-01 21:00:00+00:00,2026-09-01 21:59:59.999000+00:00,2421.33,2423.39,2400.42,2415.46,11459.8559
2026-09-01 22:00:00+00:00,2026-09-01 22:59:59.999000+00:00,2415.46,2418.7,2405.85,2413.18,12277.7378
2026-09-01 23:00:00+00:00,2026-09-01 23:59:59.999000+00:00,2413.17,2427.15,2411.0,2418.57,7754.0827
2026-09-02 00:00:00+00:00,2026-09-02 00:59:59.999000+00:00,2418.58,2422.32,2405.87,2408.85,7274.2694
2026-09-02 01:00:00+00:00,2026-09-02 01:59:59.999000+00:00,2408.84,2415.0,2386.74,2399.32,14811.6916
2026-09-02 02:00:00+00:00,2026-09-02 02:59:59.999000+00:00,2399.32,2411.01,2395.0,2409.92,9401.4828
2026-09-02 03:00:00+00:00,2026-09-02 03:59:59.999000+00:00,2409.93,2424.3,2408.64,2414.42,12151.7278
2026-09-02 04:00:00+00:00,2026-09-02 04:59:59.999000+00:00,2414.42,2416.49,2405.44,2415.23,7359.4966
2026-09-02 05:00:00+00:00,2026-09-02 05:59:59.999000+00:00,2415.23,2425.0,2409.45,2422.53,6893.6865
2026-09-02 06:00:00+00:00,2026-09-02 06:59:59.999000+00:00,2422.53,2425.5,2414.98,2420.73,8489.7809
2026-09-02 07:00:00+00:00,2026-09-02 07:59:59.999000+00:00,2420.73,2429.0,2417.6,2417.9,6328.5646
2026-09-02 08:00:00+00:00,2026-09-02 08:59:59.999000+00:00,2417.9,2420.64,2390.09,2393.16,16675.4326
2026-09-02 09:00:00+00:00,2026-09-02 09:59:59.999000+00:00,2393.15,2400.0,2366.9,2376.61,28573.6103
2026-09-02 10:00:00+00:00,2026-09-02 10:59:59.999000+00:00,2376.62,2376.89,2356.41,2372.76,18785.4313
2026-09-02 11:00:00+00:00,2026-09-02 11:59:59.999000+00:00,2372.73,2382.28,2367.52,2381.88,16350.494
2026-09-02 12:00:00+00:00,2026-09-02 12:59:59.999000+00:00,2381.87,2390.0,2377.21,2377.65,13001.5802
2026-09-02 13:00:00+00:00,2026-09-02 13:59:59.999000+00:00,2377.65,2419.72,2377.64,2402.99,26280.6169
2026-09-02 14:00:00+00:00,2026-09-02 14:59:59.999000+00:00,2403.0,2410.9,2393.15,2394.45,13599.7026
2026-09-02 15:00:00+00:00,2026-09-02 15:59:59.999000+00:00,2394.46,2399.09,2379.01,2390.98,17063.4731
2026-09-02 16:00:00+00:00,2026-09-02 16:59:59.999000+00:00,2390.98,2404.8,2384.81,2386.2,12579.0998
2026-09-02 17:00:00+00:00,2026-09-02 17:59:59.999000+00:00,2386.21,2394.3,2372.55,2393.77,11843.1228
2026-09-02 18:00:00+00:00,2026-09-02 18:59:59.999000+00:00,2393.77,2399.91,2390.39,2394.93,7984.9934
2026-09-02 19:00:00+00:00,2026-09-02 19:59:59.999000+00:00,2394.92,2396.67,2383.14,2392.99,6876.8741
2026-09-02 20:00:00+00:00,2026-09-02 20:59:59.999000+00:00,2393.0,2399.74,2386.08,2393.56,7723.3638
2026-09-02 21:00:00+00:00,2026-09-02 21:59:59.999000+00:00,2393.56,2395.09,2389.38,2390.15,4092.8953
2026-09-02 22:00:00+00:00,2026-09-02 22:59:59.999000+00:00,2390.14,2390.15,2378.64,2379.81,6113.3481
2026-09-02 23:00:00+00:00,2026-09-02 23:59:59.999000+00:00,2379.81,2393.63,2377.77,2391.92,5354.9078
2026-09-03 00:00:00+00:00,2026-09-03 00:59:59.999000+00:00,2391.91,2395.41,2379.26,2379.84,6844.055
2026-09-03 01:00:00+00:00,2026-09-03 01:59:59.999000+00:00,2379.82,2394.61,2370.14,2386.81,10881.7295
2026-09-03 02:00:00+00:00,2026-09-03 02:59:59.999000+00:00,2386.8,2409.73,2382.53,2406.08,10233.8414
2026-09-03 03:00:00+00:00,2026-09-03 03:59:59.999000+00:00,2406.09,2410.94,2399.78,2403.3,7732.3578
2026-09-03 04:00:00+00:00,2026-09-03 04:59:59.999000+00:00,2403.29,2408.31,2396.94,2408.31,6243.5054
2026-09-03 05:00:00+00:00,2026-09-03 05:59:59.999000+00:00,2408.3,2410.0,2379.41,2404.81,11195.7719
2026-09-03 06:00:00+00:00,2026-09-03 06:59:59.999000+00:00,2404.82,2410.24,2400.37,2408.6,9065.6667
2026-09-03 07:00:00+00:00,2026-09-03 07:59:59.999000+00:00,2408.6,2419.33,2395.85,2398.68,14022.8773
2026-09-03 08:00:00+00:00,2026-09-03 08:59:59.999000+00:00,2398.68,2413.04,2398.67,2403.69,10453.2385
2026-09-03 09:00:00+00:00,2026-09-03 09:59:59.999000+00:00,2403.69,2407.64,2393.57,2393.58,8785.3227
2026-09-03 10:00:00+00:00,2026-09-03 10:59:59.999000+00:00,2393.57,2398.86,2390.0,2396.83,8074.5748
2026-09-03 11:00:00+00:00,2026-09-03 11:59:59.999000+00:00,2396.83,2411.35,2395.71,2407.2,9413.2046
2026-09-03 12:00:00+00:00,2026-09-03 12:59:59.999000+00:00,2407.2,2427.0,2405.09,2423.27,18391.3684
2026-09-03 13:00:00+00:00,2026-09-03 13:59:59.999000+00:00,2423.27,2436.21,2415.87,2430.17,21659.4411
2026-09-03 14:00:00+00:00,2026-09-03 14:59:59.999000+00:00,2430.17,2489.9,2425.71,2489.46,47006.2579
2026-09-03 15:00:00+00:00,2026-09-03 15:59:59.999000+00:00,2489.46,2517.17,2479.2,2516.58,42850.9652
2026-09-03 16:00:00+00:00,2026-09-03 16:59:59.999000+00:00,2516.58,2519.0,2488.38,2494.09,22057.2758
2026-09-03 17:00:00+00:00,2026-09-03 17:59:59.999000+00:00,2494.1,2506.0,2492.08,2500.49,10361.0627
2026-09-03 18:00:00+00:00,2026-09-03 18:59:59.999000+00:00,2500.49,2514.45,2498.37,2512.8,11556.1404
2026-09-03 19:00:00+00:00,2026-09-03 19:59:59.999000+00:00,2512.8,2529.84,2507.19,2518.18,22665.2886
2026-09-03 20:00:00+00:00,2026-09-03 20:59:59.999000+00:00,2518.18,2518.3,2502.37,2505.13,10814.7169
2026-09-03 21:00:00+00:00,2026-09-03 21:59:59.999000+00:00,2505.13,2526.19,2500.62,2511.19,14072.202
2026-09-03 22:00:00+00:00,2026-09-03 22:59:59.999000+00:00,2511.19,2512.57,2490.13,2496.54,9755.5402
2026-09-03 23:00:00+00:00,2026-09-03 23:59:59.999000+00:00,2496.54,2509.16,2495.5,2507.51,7010.8961
2026-09-04 00:00:00+00:00,2026-09-04 00:59:59.999000+00:00,2507.5,2515.76,2500.86,2501.48,10804.5221
2026-09-04 01:00:00+00:00,2026-09-04 01:59:59.999000+00:00,2501.48,2509.91,2497.26,2506.79,7309.6194
2026-09-04 02:00:00+00:00,2026-09-04 02:59:59.999000+00:00,2506.79,2507.74,2497.05,2507.74,7193.0964
2026-09-04 03:00:00+00:00,2026-09-04 03:59:59.999000+00:00,2507.74,2517.2,2505.13,2505.14,10488.2307
2026-09-04 04:00:00+00:00,2026-09-04 04:59:59.999000+00:00,2505.14,2525.0,2502.55,2509.4,13547.6521
2026-09-04 05:00:00+00:00,2026-09-04 05:59:59.999000+00:00,2509.41,2516.56,2504.52,2509.25,9901.2486
2026-09-04 06:00:00+00:00,2026-09-04 06:59:59.999000+00:00,2509.25,2519.08,2500.19,2508.19,10042.2299
2026-09-04 07:00:00+00:00,2026-09-04 07:59:59.999000+00:00,2508.19,2516.5,2503.86,2504.39,17960.4854
2026-09-04 08:00:00+00:00,2026-09-04 08:59:59.999000+00:00,2504.39,2534.47,2503.4,2527.15,24642.6367
2026-09-04 09:00:00+00:00,2026-09-04 09:59:59.999000+00:00,2527.16,2546.66,2519.5,2521.33,30131.7703
2026-09-04 10:00:00+00:00,2026-09-04 10:59:59.999000+00:00,2521.33,2528.51,2514.67,2526.52,12721.4511
2026-09-04 11:00:00+00:00,2026-09-04 11:59:59.999000+00:00,2526.52,2527.89,2520.43,2523.02,12251.9788
2026-09-04 12:00:00+00:00,2026-09-04 12:59:59.999000+00:00,2523.03,2532.21,2434.69,2451.24,103506.029
2026-09-04 13:00:00+00:00,2026-09-04 13:59:59.999000+00:00,2451.25,2463.86,2435.38,2452.27,33469.9511
2026-09-04 14:00:00+00:00,2026-09-04 14:59:59.999000+00:00,2452.26,2458.49,2431.61,2440.18,28405.8194
2026-09-04 15:00:00+00:00,2026-09-04 15:59:59.999000+00:00,2440.19,2458.76,2437.95,2451.98,12183.0817
2026-09-04 16:00:00+00:00,2026-09-04 16:59:59.999000+00:00,2451.98,2464.49,2450.1,2460.23,13654.4238
2026-09-04 17:00:00+00:00,2026-09-04 17:59:59.999000+00:00,2460.24,2460.81,2443.04,2445.36,16166.0912
2026-09-04 18:00:00+00:00,2026-09-04 18:59:59.999000+00:00,2445.35,2452.13,2444.66,2450.74,8866.9695
2026-09-04 19:00:00+00:00,2026-09-04 19:59:59.999000+00:00,2450.75,2457.75,2450.75,2455.84,10256.5399
2026-09-04 20:00:00+00:00,2026-09-04 20:59:59.999000+00:00,2455.85,2458.91,2450.8,2451.18,5300.3329
2026-09-04 21:00:00+00:00,2026-09-04 21:59:59.999000+00:00,2451.19,2456.84,2449.81,2451.8,6556.019
2026-09-04 22:00:00+00:00,2026-09-04 22:59:59.999000+00:00,2451.79,2454.57,2450.56,2451.31,3811.2075
2026-09-04 23:00:00+00:00,2026-09-04 23:59:59.999000+00:00,2451.32,2456.02,2450.0,2455.85,3096.3722
2026-09-05 00:00:00+00:00,2026-09-05 00:59:59.999000+00:00,2455.86,2456.58,2451.69,2452.14,3295.1922
2026-09-05 01:00:00+00:00,2026-09-05 01:59:59.999000+00:00,2452.15,2456.21,2451.51,2451.95,3684.7716
2026-09-05 02:00:00+00:00,2026-09-05 02:59:59.999000+00:00,2451.95,2453.17,2450.12,2453.17,2935.0736
2026-09-05 03:00:00+00:00,2026-09-05 03:59:59.999000+00:00,2453.17,2456.0,2451.09,2452.49,3389.7982
2026-09-05 04:00:00+00:00,2026-09-05 04:59:59.999000+00:00,2452.5,2453.0,2447.9,2448.95,5211.9413
2026-09-05 05:00:00+00:00,2026-09-05 05:59:59.999000+00:00,2448.95,2452.17,2444.47,2450.93,4838.6087
2026-09-05 06:00:00+00:00,2026-09-05 06:59:59.999000+00:00,2450.93,2454.71,2450.44,2453.4,3346.6174
2026-09-05 07:00:00+00:00,2026-09-05 07:59:59.999000+00:00,2453.41,2459.33,2452.94,2457.53,5021.8398
2026-09-05 08:00:00+00:00,2026-09-05 08:59:59.999000+00:00,2457.53,2457.6,2453.15,2456.84,5045.6368
2026-09-05 09:00:00+00:00,2026-09-05 09:59:59.999000+00:00,2456.85,2460.28,2456.83,2458.55,4246.8761
2026-09-05 10:00:00+00:00,2026-09-05 10:59:59.999000+00:00,2458.54,2458.55,2454.05,2454.15,4628.7032
2026-09-05 11:00:00+00:00,2026-09-05 11:59:59.999000+00:00,2454.15,2456.17,2453.0,2453.67,3148.2566
2026-09-05 12:00:00+00:00,2026-09-05 12:59:59.999000+00:00,2453.67,2461.69,2453.0,2458.94,6213.55
2026-09-05 13:00:00+00:00,2026-09-05 13:59:59.999000+00:00,2458.93,2462.0,2450.0,2454.15,7806.9039
2026-09-05 14:00:00+00:00,2026-09-05 14:59:59.999000+00:00,2454.15,2459.79,2453.93,2457.26,5733.3255
2026-09-05 15:00:00+00:00,2026-09-05 15:59:59.999000+00:00,2457.26,2460.12,2455.86,2460.0,5274.3836
2026-09-05 16:00:00+00:00,2026-09-05 16:59:59.999000+00:00,2459.99,2474.44,2458.89,2471.15,14615.2594
2026-09-05 17:00:00+00:00,2026-09-05 17:59:59.999000+00:00,2471.15,2485.34,2471.05,2481.01,10609.8259
2026-09-05 18:00:00+00:00,2026-09-05 18:59:59.999000+00:00,2481.01,2482.17,2475.59,2480.5,5263.8724
2026-09-05 19:00:00+00:00,2026-09-05 19:59:59.999000+00:00,2480.5,2482.65,2472.86,2477.57,5098.0072
2026-09-05 20:00:00+00:00,2026-09-05 20:59:59.999000+00:00,2477.57,2483.64,2475.0,2477.5,6379.9543
2026-09-05 21:00:00+00:00,2026-09-05 21:59:59.999000+00:00,2477.5,2493.57,2476.77,2489.12,5254.8057
2026-09-05 22:00:00+00:00,2026-09-05 22:59:59.999000+00:00,2489.13,2491.05,2478.9,2480.98,5254.4396
2026-09-05 23:00:00+00:00,2026-09-05 23:59:59.999000+00:00,2480.98,2483.66,2477.6,2480.34,3798.9191
2026-09-06 00:00:00+00:00,2026-09-06 00:59:59.999000+00:00,2480.33,2492.6,2479.27,2490.2,6312.725
2026-09-06 01:00:00+00:00,2026-09-06 01:59:59.999000+00:00,2490.21,2508.05,2489.3,2505.57,18052.1331
2026-09-06 02:00:00+00:00,2026-09-06 02:59:59.999000+00:00,2505.58,2511.2,2499.93,2503.38,13731.4794
2026-09-06 03:00:00+00:00,2026-09-06 03:59:59.999000+00:00,2503.38,2514.55,2500.35,2509.68,6283.7399
2026-09-06 04:00:00+00:00,2026-09-06 04:59:59.999000+00:00,2509.68,2510.52,2498.49,2504.44,6052.301
2026-09-06 05:00:00+00:00,2026-09-06 05:59:59.999000+00:00,2504.45,2523.97,2501.19,2513.5,12354.9383
2026-09-06 06:00:00+00:00,2026-09-06 06:59:59.999000+00:00,2513.52,2513.53,2503.3,2505.81,6546.9227
2026-09-06 07:00:00+00:00,2026-09-06 07:59:59.999000+00:00,2505.82,2507.98,2482.6,2496.79,13202.2096
2026-09-06 08:00:00+00:00,2026-09-06 08:59:59.999000+00:00,2496.8,2499.99,2491.95,2495.67,3982.366
2026-09-06 09:00:00+00:00,2026-09-06 09:59:59.999000+00:00,2495.66,2503.68,2493.88,2499.13,6705.0948
2026-09-06 10:00:00+00:00,2026-09-06 10:59:59.999000+00:00,2499.12,2502.6,2497.73,2501.7,4781.604
2026-09-06 11:00:00+00:00,2026-09-06 11:59:59.999000+00:00,2501.7,2504.25,2499.54,2501.93,4726.6657
2026-09-06 12:00:00+00:00,2026-09-06 12:59:59.999000+00:00,2501.94,2504.99,2497.52,2500.47,4819.1622
2026-09-06 13:00:00+00:00,2026-09-06 13:59:59.999000+00:00,2500.48,2500.94,2486.76,2494.85,7424.1827
2026-09-06 14:00:00+00:00,2026-09-06 14:59:59.999000+00:00,2494.84,2495.02,2460.92,2478.4,23430.2712
2026-09-06 15:00:00+00:00,2026-09-06 15:59:59.999000+00:00,2478.4,2482.74,2470.12,2479.79,8155.8788
2026-09-06 16:00:00+00:00,2026-09-06 16:59:59.999000+00:00,2479.78,2487.54,2475.26,2484.57,5831.7135
2026-09-06 17:00:00+00:00,2026-09-06 17:59:59.999000+00:00,2484.57,2494.68,2480.45,2491.25,6966.9309
2026-09-06 18:00:00+00:00,2026-09-06 18:59:59.999000+00:00,2491.25,2500.0,2491.25,2494.15,7061.5264
2026-09-06 19:00:00+00:00,2026-09-06 19:59:59.999000+00:00,2494.15,2494.42,2488.88,2490.42,7349.0752
2026-09-06 20:00:00+00:00,2026-09-06 20:59:59.999000+00:00,2490.42,2500.0,2488.55,2499.44,8435.5074
2026-09-06 21:00:00+00:00,2026-09-06 21:59:59.999000+00:00,2499.43,2515.69,2499.36,2508.09,10414.4886
2026-09-06 22:00:00+00:00,2026-09-06 22:59:59.999000+00:00,2508.08,2510.89,2488.8,2508.32,12177.0217
2026-09-06 23:00:00+00:00,2026-09-06 23:59:59.999000+00:00,2508.33,2526.2,2506.79,2514.48,12892.1462
2026-09-07 00:00:00+00:00,2026-09-07 00:59:59.999000+00:00,2514.48,2522.52,2509.38,2513.17,8399.6048
2026-09-07 01:00:00+00:00,2026-09-07 01:59:59.999000+00:00,2513.17,2516.34,2499.36,2503.87,11036.6179
2026-09-07 02:00:00+00:00,2026-09-07 02:59:59.999000+00:00,2503.87,2536.64,2498.56,2511.77,17172.5062
2026-09-07 03:00:00+00:00,2026-09-07 03:59:59.999000+00:00,2511.76,2516.23,2496.72,2497.43,12570.1104
2026-09-07 04:00:00+00:00,2026-09-07 04:59:59.999000+00:00,2497.43,2499.89,2492.39,2498.33,10256.4757
2026-09-07 05:00:00+00:00,2026-09-07 05:59:59.999000+00:00,2498.33,2514.03,2497.25,2504.8,11248.4805
2026-09-07 06:00:00+00:00,2026-09-07 06:59:59.999000+00:00,2504.81,2510.0,2497.69,2497.74,7795.5507
2026-09-07 07:00:00+00:00,2026-09-07 07:59:59.999000+00:00,2497.75,2502.0,2475.12,2489.35,22000.8597
2026-09-07 08:00:00+00:00,2026-09-07 08:59:59.999000+00:00,2489.34,2494.0,2488.85,2491.56,8887.7926
2026-09-07 09:00:00+00:00,2026-09-07 09:59:59.999000+00:00,2491.56,2497.46,2484.42,2484.76,9354.9067
2026-09-07 10:00:00+00:00,2026-09-07 10:59:59.999000+00:00,2484.76,2492.64,2484.76,2489.01,9291.1203
2026-09-07 11:00:00+00:00,2026-09-07 11:59:59.999000+00:00,2489.01,2493.62,2486.42,2489.15,8585.6358
2026-09-07 12:00:00+00:00,2026-09-07 12:59:59.999000+00:00,2489.16,2507.6,2488.5,2505.48,11240.7024
2026-09-07 13:00:00+00:00,2026-09-07 13:59:59.999000+00:00,2505.48,2511.4,2495.7,2498.86,9727.2203
2026-09-07 14:00:00+00:00,2026-09-07 14:59:59.999000+00:00,2498.87,2499.75,2476.4,2490.29,16693.8001
2026-09-07 15:00:00+00:00,2026-09-07 15:59:59.999000+00:00,2490.29,2490.29,2466.0,2470.43,19585.8585
2026-09-07 16:00:00+00:00,2026-09-07 16:59:59.999000+00:00,2470.44,2483.03,2470.3,2482.8,9548.433
2026-09-07 17:00:00+00:00,2026-09-07 17:59:59.999000+00:00,2482.81,2499.4,2482.23,2495.42,10696.2133
2026-09-07 18:00:00+00:00,2026-09-07 18:59:59.999000+00:00,2495.42,2497.31,2487.31,2491.79,5656.6396
2026-09-07 19:00:00+00:00,2026-09-07 19:59:59.999000+00:00,2491.79,2497.74,2489.2,2495.98,7987.0792
2026-09-07 20:00:00+00:00,2026-09-07 20:59:59.999000+00:00,2495.98,2497.3,2487.1,2494.76,10885.0718
2026-09-07 21:00:00+00:00,2026-09-07 21:59:59.999000+00:00,2494.76,2496.69,2490.3,2491.09,5497.8201
2026-09-07 22:00:00+00:00,2026-09-07 22:59:59.999000+00:00,2491.1,2492.13,2475.31,2483.06,7447.757
2026-09-07 23:00:00+00:00,2026-09-07 23:59:59.999000+00:00,2483.06,2493.91,2482.25,2490.16,4881.9264
2026-09-08 00:00:00+00:00,2026-09-08 00:59:59.999000+00:00,2490.16,2495.72,2483.45,2495.71,6506.1821
2026-09-08 01:00:00+00:00,2026-09-08 01:59:59.999000+00:00,2495.71,2505.46,2493.48,2504.31,8067.833
2026-09-08 02:00:00+00:00,2026-09-08 02:59:59.999000+00:00,2504.32,2507.99,2484.71,2484.72,7696.8175
2026-09-08 03:00:00+00:00,2026-09-08 03:59:59.999000+00:00,2484.72,2488.34,2478.0,2486.04,8947.1542
2026-09-08 04:00:00+00:00,2026-09-08 04:59:59.999000+00:00,2486.05,2486.33,2478.91,2478.99,5979.1886
2026-09-08 05:00:00+00:00,2026-09-08 05:59:59.999000+00:00,2478.99,2484.58,2472.5,2473.38,11039.273
2026-09-08 06:00:00+00:00,2026-09-08 06:59:59.999000+00:00,2473.39,2477.22,2463.0,2468.53,15556.6809
2026-09-08 07:00:00+00:00,2026-09-08 07:59:59.999000+00:00,2468.52,2485.0,2467.99,2479.63,11789.0989
2026-09-08 08:00:00+00:00,2026-09-08 08:59:59.999000+00:00,2479.63,2483.53,2469.08,2477.58,7648.0375
2026-09-08 09:00:00+00:00,2026-09-08 09:59:59.999000+00:00,2477.58,2495.56,2475.86,2492.01,10072.557
2026-09-08 10:00:00+00:00,2026-09-08 10:59:59.999000+00:00,2492.0,2500.0,2481.24,2481.24,10805.3144
2026-09-08 11:00:00+00:00,2026-09-08 11:59:59.999000+00:00,2481.25,2482.56,2471.63,2474.76,9686.7639
2026-09-08 12:00:00+00:00,2026-09-08 12:59:59.999000+00:00,2474.75,2476.24,2468.26,2472.79,8155.6911
2026-09-08 13:00:00+00:00,2026-09-08 13:59:59.999000+00:00,2472.8,2475.73,2441.68,2459.27,27139.2177
2026-09-08 14:00:00+00:00,2026-09-08 14:59:59.999000+00:00,2459.26,2486.66,2456.84,2485.76,17471.536
2026-09-08 15:00:00+00:00,2026-09-08 15:59:59.999000+00:00,2485.76,2501.74,2479.94,2498.62,15436.7925
2026-09-08 16:00:00+00:00,2026-09-08 16:59:59.999000+00:00,2498.62,2505.0,2486.98,2496.54,11041.6377
2026-09-08 17:00:00+00:00,2026-09-08 17:59:59.999000+00:00,2496.54,2502.54,2487.89,2488.07,8882.7558
2026-09-08 18:00:00+00:00,2026-09-08 18:59:59.999000+00:00,2488.07,2507.54,2476.77,2486.94,15575.9569
2026-09-08 19:00:00+00:00,2026-09-08 19:59:59.999000+00:00,2486.94,2491.91,2476.57,2482.32,10333.5229
2026-09-08 20:00:00+00:00,2026-09-08 20:59:59.999000+00:00,2482.31,2491.67,2480.56,2483.09,5152.5378
2026-09-08 21:00:00+00:00,2026-09-08 21:59:59.999000+00:00,2483.09,2487.48,2478.79,2482.93,3479.2084
2026-09-08 22:00:00+00:00,2026-09-08 22:59:59.999000+00:00,2482.92,2490.0,2481.74,2489.01,4129.6801
2026-09-08 23:00:00+00:00,2026-09-08 23:59:59.999000+00:00,2489.0,2490.52,2482.65,2485.06,3828.6893
2026-09-09 00:00:00+00:00,2026-09-09 00:59:59.999000+00:00,2485.07,2497.34,2485.07,2496.28,4765.2229
2026-09-09 01:00:00+00:00,2026-09-09 01:59:59.999000+00:00,2496.27,2499.7,2489.43,2497.8,5054.3741
2026-09-09 02:00:00+00:00,2026-09-09 02:59:59.999000+00:00,2497.79,2500.0,2490.0,2493.74,5394.5322
2026-09-09 03:00:00+00:00,2026-09-09 03:59:59.999000+00:00,2493.73,2493.74,2486.88,2488.9,5934.8177
2026-09-09 04:00:00+00:00,2026-09-09 04:59:59.999000+00:00,2488.91,2513.87,2488.91,2509.65,18657.3122
2026-09-09 05:00:00+00:00,2026-09-09 05:59:59.999000+00:00,2509.65,2511.35,2491.35,2496.56,10153.9212
2026-09-09 06:00:00+00:00,2026-09-09 06:59:59.999000+00:00,2496.56,2505.59,2492.52,2501.25,6149.0664
2026-09-09 07:00:00+00:00,2026-09-09 07:59:59.999000+00:00,2501.25,2517.0,2500.1,2510.53,17419.7439
2026-09-09 08:00:00+00:00,2026-09-09 08:59:59.999000+00:00,2510.53,2523.3,2509.95,2519.73,16536.2801
2026-09-09 09:00:00+00:00,2026-09-09 09:59:59.999000+00:00,2519.72,2520.44,2490.43,2490.62,12570.3623
2026-09-09 10:00:00+00:00,2026-09-09 10:59:59.999000+00:00,2490.61,2494.39,2482.56,2487.4,15825.7948
2026-09-09 11:00:00+00:00,2026-09-09 11:59:59.999000+00:00,2487.4,2505.88,2482.5,2501.0,11346.6383
2026-09-09 12:00:00+00:00,2026-09-09 12:59:59.999000+00:00,2501.01,2512.91,2498.7,2511.61,15653.9518
2026-09-09 13:00:00+00:00,2026-09-09 13:59:59.999000+00:00,2511.61,2521.48,2499.75,2502.52,18763.9299
2026-09-09 14:00:00+00:00,2026-09-09 14:59:59.999000+00:00,2502.52,2514.32,2495.16,2499.39,15872.5159
2026-09-09 15:00:00+00:00,2026-09-09 15:59:59.999000+00:00,2499.4,2512.7,2470.57,2490.26,32608.2525
2026-09-09 16:00:00+00:00,2026-09-09 16:59:59.999000+00:00,2490.26,2499.4,2484.81,2495.88,8353.4579
2026-09-09 17:00:00+00:00,2026-09-09 17:59:59.999000+00:00,2495.88,2499.74,2488.5,2493.62,6693.054
2026-09-09 18:00:00+00:00,2026-09-09 18:59:59.999000+00:00,2493.61,2495.81,2481.42,2481.43,5562.1976
2026-09-09 19:00:00+00:00,2026-09-09 19:59:59.999000+00:00,2481.43,2484.96,2462.52,2465.49,16619.2294
2026-09-09 20:00:00+00:00,2026-09-09 20:59:59.999000+00:00,2465.49,2472.72,2453.97,2471.82,15648.7826
2026-09-09 21:00:00+00:00,2026-09-09 21:59:59.999000+00:00,2471.82,2472.38,2456.57,2461.89,7937.2148
2026-09-09 22:00:00+00:00,2026-09-09 22:59:59.999000+00:00,2461.89,2463.46,2442.44,2450.37,23215.5956
2026-09-09 23:00:00+00:00,2026-09-09 23:59:59.999000+00:00,2450.36,2469.0,2450.12,2468.13,5009.622
2026-09-10 00:00:00+00:00,2026-09-10 00:59:59.999000+00:00,2468.14,2471.43,2462.88,2465.01,6514.3394
2026-09-10 01:00:00+00:00,2026-09-10 01:59:59.999000+00:00,2465.0,2479.29,2455.17,2463.73,13251.1072
2026-09-10 02:00:00+00:00,2026-09-10 02:59:59.999000+00:00,2463.73,2476.11,2459.74,2474.86,3595.8078
2026-09-10 03:00:00+00:00,2026-09-10 03:59:59.999000+00:00,2474.86,2479.14,2471.77,2475.41,6711.8811
2026-09-10 04:00:00+00:00,2026-09-10 04:59:59.999000+00:00,2475.4,2481.0,2474.4,2478.68,4959.8063
2026-09-10 05:00:00+00:00,2026-09-10 05:59:59.999000+00:00,2478.68,2483.83,2473.95,2482.13,4667.2936
2026-09-10 06:00:00+00:00,2026-09-10 06:59:59.999000+00:00,2482.12,2484.76,2472.0,2480.3,5077.4954
2026-09-10 07:00:00+00:00,2026-09-10 07:59:59.999000+00:00,2480.31,2480.31,2464.11,2472.97,9348.9038
2026-09-10 08:00:00+00:00,2026-09-10 08:59:59.999000+00:00,2472.96,2474.98,2468.86,2471.24,5750.8195
2026-09-10 09:00:00+00:00,2026-09-10 09:59:59.999000+00:00,2471.25,2478.0,2464.86,2468.7,7574.5915
2026-09-10 10:00:00+00:00,2026-09-10 10:59:59.999000+00:00,2468.7,2472.0,2463.0,2464.21,8572.6373
2026-09-10 11:00:00+00:00,2026-09-10 11:59:59.999000+00:00,2464.2,2470.08,2458.23,2462.21,9028.2895
2026-09-10 12:00:00+00:00,2026-09-10 12:59:59.999000+00:00,2462.21,2466.75,2408.01,2414.84,51011.6897
2026-09-10 13:00:00+00:00,2026-09-10 13:59:59.999000+00:00,2414.84,2436.9,2405.85,2435.43,62531.2622
2026-09-10 14:00:00+00:00,2026-09-10 14:59:59.999000+00:00,2435.42,2444.84,2427.15,2444.1,35327.7552
2026-09-10 15:00:00+00:00,2026-09-10 15:59:59.999000+00:00,2444.11,2445.0,2432.88,2441.54,19099.7046
2026-09-10 16:00:00+00:00,2026-09-10 16:59:59.999000+00:00,2441.54,2450.81,2432.91,2448.78,20101.5211
2026-09-10 17:00:00+00:00,2026-09-10 17:59:59.999000+00:00,2448.79,2475.03,2447.1,2466.08,18850.9906
2026-09-10 18:00:00+00:00,2026-09-10 18:59:59.999000+00:00,2466.09,2469.17,2455.0,2468.49,14175.0667
2026-09-10 19:00:00+00:00,2026-09-10 19:59:59.999000+00:00,2468.49,2472.0,2460.36,2462.54,16308.3357
2026-09-10 20:00:00+00:00,2026-09-10 20:59:59.999000+00:00,2462.55,2469.12,2460.98,2461.79,6932.756
2026-09-10 21:00:00+00:00,2026-09-10 21:59:59.999000+00:00,2461.79,2463.13,2457.88,2460.27,3179.6245
2026-09-10 22:00:00+00:00,2026-09-10 22:59:59.999000+00:00,2460.27,2462.24,2443.81,2445.08,6453.4298
2026-09-10 23:00:00+00:00,2026-09-10 23:59:59.999000+00:00,2445.08,2448.41,2435.0,2438.27,8409.1038
2026-09-11 00:00:00+00:00,2026-09-11 00:59:59.999000+00:00,2438.27,2458.62,2437.73,2456.81,8760.1084
2026-09-11 01:00:00+00:00,2026-09-11 01:59:59.999000+00:00,2456.81,2460.29,2446.52,2454.41,9025.3634
2026-09-11 02:00:00+00:00,2026-09-11 02:59:59.999000+00:00,2454.41,2455.25,2444.61,2446.91,8589.8355
2026-09-11 03:00:00+00:00,2026-09-11 03:59:59.999000+00:00,2446.91,2448.57,2440.19,2447.27,11754.9563
2026-09-11 04:00:00+00:00,2026-09-11 04:59:59.999000+00:00,2447.27,2464.23,2446.24,2459.05,16609.0815
2026-09-11 05:00:00+00:00,2026-09-11 05:59:59.999000+00:00,2459.06,2468.85,2457.54,2468.84,9331.5939
2026-09-11 06:00:00+00:00,2026-09-11 06:59:59.999000+00:00,2468.84,2471.26,2463.55,2467.03,7313.8246
2026-09-11 07:00:00+00:00,2026-09-11 07:59:59.999000+00:00,2467.04,2473.52,2466.28,2467.52,11184.2736
2026-09-11 08:00:00+00:00,2026-09-11 08:59:59.999000+00:00,2467.53,2484.62,2463.58,2476.72,12967.8561
2026-09-11 09:00:00+00:00,2026-09-11 09:59:59.999000+00:00,2476.71,2477.68,2462.08,2469.52,7406.5065
2026-09-11 10:00:00+00:00,2026-09-11 10:59:59.999000+00:00,2469.52,2475.27,2462.14,2462.14,6789.8397
2026-09-11 11:00:00+00:00,2026-09-11 11:59:59.999000+00:00,2462.14,2462.19,2452.56,2458.27,9046.6584
2026-09-11 12:00:00+00:00,2026-09-11 12:59:59.999000+00:00,2458.27,2515.25,2433.77,2511.22,76396.9639
2026-09-11 13:00:00+00:00,2026-09-11 13:59:59.999000+00:00,2511.22,2647.91,2490.49,2629.62,137923.4637
2026-09-11 14:00:00+00:00,2026-09-11 14:59:59.999000+00:00,2629.63,2665.99,2592.92,2607.93,102444.116
2026-09-11 15:00:00+00:00,2026-09-11 15:59:59.999000+00:00,2607.94,2617.03,2544.03,2559.42,63621.5085
2026-09-11 16:00:00+00:00,2026-09-11 16:59:59.999000+00:00,2559.43,2583.86,2544.0,2577.78,39391.7369
2026-09-11 17:00:00+00:00,2026-09-11 17:59:59.999000+00:00,2577.78,2582.01,2563.08,2566.72,14653.9796
2026-09-11 18:00:00+00:00,2026-09-11 18:59:59.999000+00:00,2566.72,2568.37,2529.0,2537.3,28173.9165
2026-09-11 19:00:00+00:00,2026-09-11 19:59:59.999000+00:00,2537.31,2548.34,2532.94,2539.49,10961.4259
2026-09-11 20:00:00+00:00,2026-09-11 20:59:59.999000+00:00,2539.49,2547.95,2523.15,2530.85,14127.9277
2026-09-11 21:00:00+00:00,2026-09-11 21:59:59.999000+00:00,2530.85,2540.63,2513.46,2516.69,9114.3931
2026-09-11 22:00:00+00:00,2026-09-11 22:59:59.999000+00:00,2516.68,2523.74,2506.3,2511.79,15879.1512
2026-09-11 23:00:00+00:00,2026-09-11 23:59:59.999000+00:00,2511.79,2516.59,2509.24,2516.43,8133.4519
2026-09-12 00:00:00+00:00,2026-09-12 00:59:59.999000+00:00,2516.44,2517.74,2510.76,2510.77,6819.4654
2026-09-12 01:00:00+00:00,2026-09-12 01:59:59.999000+00:00,2510.76,2517.07,2509.4,2513.71,5139.3367
2026-09-12 02:00:00+00:00,2026-09-12 02:59:59.999000+00:00,2513.71,2515.9,2512.13,2514.54,4107.2748
2026-09-12 03:00:00+00:00,2026-09-12 03:59:59.999000+00:00,2514.53,2516.29,2509.57,2513.29,3694.8275
2026-09-12 04:00:00+00:00,2026-09-12 04:59:59.999000+00:00,2513.29,2515.13,2510.0,2512.65,3756.7569
2026-09-12 05:00:00+00:00,2026-09-12 05:59:59.999000+00:00,2512.65,2513.04,2508.64,2511.7,6928.8695
2026-09-12 06:00:00+00:00,2026-09-12 06:59:59.999000+00:00,2511.7,2522.68,2510.4,2519.63,9290.9188
2026-09-12 07:00:00+00:00,2026-09-12 07:59:59.999000+00:00,2519.63,2525.39,2519.62,2524.19,8481.662
2026-09-12 08:00:00+00:00,2026-09-12 08:59:59.999000+00:00,2524.19,2536.63,2523.24,2533.27,8596.0151
2026-09-12 09:00:00+00:00,2026-09-12 09:59:59.999000+00:00,2533.28,2537.02,2529.21,2530.91,8202.1806
2026-09-12 10:00:00+00:00,2026-09-12 10:59:59.999000+00:00,2530.91,2536.12,2530.91,2533.42,4214.6889
2026-09-12 11:00:00+00:00,2026-09-12 11:59:59.999000+00:00,2533.42,2537.67,2531.03,2536.17,3180.8675
2026-09-12 12:00:00+00:00,2026-09-12 12:59:59.999000+00:00,2536.17,2537.08,2532.01,2535.54,4655.1421
2026-09-12 13:00:00+00:00,2026-09-12 13:59:59.999000+00:00,2535.53,2546.01,2533.56,2544.58,12674.0917
2026-09-12 14:00:00+00:00,2026-09-12 14:59:59.999000+00:00,2544.57,2545.55,2539.03,2539.85,10405.7112
2026-09-12 15:00:00+00:00,2026-09-12 15:59:59.999000+00:00,2539.85,2542.39,2532.0,2535.08,9293.9619
2026-09-12 16:00:00+00:00,2026-09-12 16:59:59.999000+00:00,2535.09,2536.45,2530.05,2531.78,8858.0345
2026-09-12 17:00:00+00:00,2026-09-12 17:59:59.999000+00:00,2531.78,2534.58,2524.77,2525.91,8079.3253
2026-09-12 18:00:00+00:00,2026-09-12 18:59:59.999000+00:00,2525.9,2528.01,2520.66,2522.38,9674.0957
2026-09-12 19:00:00+00:00,2026-09-12 19:59:59.999000+00:00,2522.38,2523.07,2515.16,2519.63,7990.3178
2026-09-12 20:00:00+00:00,2026-09-12 20:59:59.999000+00:00,2519.62,2524.23,2519.62,2520.82,6233.9022
2026-09-12 21:00:00+00:00,2026-09-12 21:59:59.999000+00:00,2520.83,2529.2,2520.03,2524.0,3731.3585
2026-09-12 22:00:00+00:00,2026-09-12 22:59:59.999000+00:00,2524.0,2526.19,2520.6,2523.0,3764.1967
2026-09-12 23:00:00+00:00,2026-09-12 23:59:59.999000+00:00,2522.99,2527.33,2522.5,2525.93,2145.3245
2026-09-13 00:00:00+00:00,2026-09-13 00:59:59.999000+00:00,2525.92,2527.24,2523.35,2525.23,1882.2226
2026-09-13 01:00:00+00:00,2026-09-13 01:59:59.999000+00:00,2525.22,2527.56,2522.49,2525.95,3880.0797
2026-09-13 02:00:00+00:00,2026-09-13 02:59:59.999000+00:00,2525.95,2525.95,2521.0,2521.71,4506.743
2026-09-13 03:00:00+00:00,2026-09-13 03:59:59.999000+00:00,2521.72,2522.78,2519.08,2520.82,3449.699
2026-09-13 04:00:00+00:00,2026-09-13 04:59:59.999000+00:00,2520.81,2523.3,2519.2,2520.03,2874.7856
2026-09-13 05:00:00+00:00,2026-09-13 05:59:59.999000+00:00,2520.04,2524.05,2520.03,2522.52,4588.632
2026-09-13 06:00:00+00:00,2026-09-13 06:59:59.999000+00:00,2522.52,2522.84,2509.63,2513.19,5568.658
2026-09-13 07:00:00+00:00,2026-09-13 07:59:59.999000+00:00,2513.19,2520.44,2511.92,2517.94,4831.4845
2026-09-13 08:00:00+00:00,2026-09-13 08:59:59.999000+00:00,2517.94,2519.68,2487.82,2494.29,22752.4822
2026-09-13 09:00:00+00:00,2026-09-13 09:59:59.999000+00:00,2494.3,2497.34,2470.78,2485.18,15251.5567
2026-09-13 10:00:00+00:00,2026-09-13 10:59:59.999000+00:00,2485.18,2486.1,2468.04,2472.18,12403.6504
2026-09-13 11:00:00+00:00,2026-09-13 11:59:59.999000+00:00,2472.19,2482.14,2467.5,2481.05,12836.0067
2026-09-13 12:00:00+00:00,2026-09-13 12:59:59.999000+00:00,2481.06,2483.31,2475.0,2477.56,7226.9555
2026-09-13 13:00:00+00:00,2026-09-13 13:59:59.999000+00:00,2477.56,2483.48,2462.02,2479.08,12731.4861
2026-09-13 14:00:00+00:00,2026-09-13 14:59:59.999000+00:00,2479.08,2495.68,2478.78,2492.76,11186.4199
2026-09-13 15:00:00+00:00,2026-09-13 15:59:59.999000+00:00,2492.76,2492.85,2482.86,2491.1,12711.2703
2026-09-13 16:00:00+00:00,2026-09-13 16:59:59.999000+00:00,2491.1,2505.97,2490.8,2504.59,17908.0152
2026-09-13 17:00:00+00:00,2026-09-13 17:59:59.999000+00:00,2504.6,2513.06,2503.01,2504.89,12252.8696
2026-09-13 18:00:00+00:00,2026-09-13 18:59:59.999000+00:00,2504.89,2509.64,2504.37,2509.49,7656.8326
2026-09-13 19:00:00+00:00,2026-09-13 19:59:59.999000+00:00,2509.48,2515.36,2503.19,2506.02,10191.9282
2026-09-13 20:00:00+00:00,2026-09-13 20:59:59.999000+00:00,2506.03,2515.2,2506.03,2512.85,2791.5752
2026-09-13 21:00:00+00:00,2026-09-13 21:59:59.999000+00:00,2512.86,2516.58,2508.63,2508.96,3116.5087
2026-09-13 22:00:00+00:00,2026-09-13 22:59:59.999000+00:00,2508.95,2508.95,2472.46,2475.57,15599.0038
2026-09-13 23:00:00+00:00,2026-09-13 23:59:59.999000+00:00,2475.56,2481.8,2470.68,2477.1,8271.8028
2026-09-14 00:00:00+00:00,2026-09-14 00:59:59.999000+00:00,2477.1,2491.63,2464.71,2484.42,11797.132
2026-09-14 01:00:00+00:00,2026-09-14 01:59:59.999000+00:00,2484.41,2495.97,2473.7,2493.56,5615.9957
2026-09-14 02:00:00+00:00,2026-09-14 02:59:59.999000+00:00,2493.56,2513.57,2490.77,2511.42,12447.9087
2026-09-14 03:00:00+00:00,2026-09-14 03:59:59.999000+00:00,2511.42,2520.0,2506.69,2512.96,9712.9319
2026-09-14 04:00:00+00:00,2026-09-14 04:59:59.999000+00:00,2512.96,2518.25,2511.15,2514.97,6870.8477
2026-09-14 05:00:00+00:00,2026-09-14 05:59:59.999000+00:00,2514.98,2516.3,2509.94,2516.28,5219.4826
2026-09-14 06:00:00+00:00,2026-09-14 06:59:59.999000+00:00,2516.29,2527.12,2508.12,2514.72,15248.0345
2026-09-14 07:00:00+00:00,2026-09-14 07:59:59.999000+00:00,2514.73,2526.66,2511.5,2523.47,12486.2288
2026-09-14 08:00:00+00:00,2026-09-14 08:59:59.999000+00:00,2523.48,2532.91,2516.06,2518.64,19424.7351
2026-09-14 09:00:00+00:00,2026-09-14 09:59:59.999000+00:00,2518.65,2535.0,2511.24,2523.94,11832.2762
2026-09-14 10:00:00+00:00,2026-09-14 10:59:59.999000+00:00,2523.93,2525.45,2513.0,2513.17,6248.3239
2026-09-14 11:00:00+00:00,2026-09-14 11:59:59.999000+00:00,2513.18,2516.55,2505.86,2509.21,6925.0473
2026-09-14 12:00:00+00:00,2026-09-14 12:59:59.999000+00:00,2509.21,2518.71,2499.53,2505.67,12822.6832
2026-09-14 13:00:00+00:00,2026-09-14 13:59:59.999000+00:00,2505.68,2517.77,2487.84,2500.64,22367.3815
2026-09-14 14:00:00+00:00,2026-09-14 14:59:59.999000+00:00,2500.63,2518.0,2495.0,2501.74,25705.1399
2026-09-14 15:00:00+00:00,2026-09-14 15:59:59.999000+00:00,2501.75,2513.32,2496.49,2508.48,14284.4973
2026-09-14 16:00:00+00:00,2026-09-14 16:59:59.999000+00:00,2508.49,2537.69,2504.48,2529.05,18083.5717
2026-09-14 17:00:00+00:00,2026-09-14 17:59:59.999000+00:00,2529.04,2535.57,2522.84,2533.37,11446.4946
2026-09-14 18:00:00+00:00,2026-09-14 18:59:59.999000+00:00,2533.37,2544.66,2529.78,2538.86,24141.6665
2026-09-14 19:00:00+00:00,2026-09-14 19:59:59.999000+00:00,2538.86,2549.61,2534.56,2540.0,14011.7822
2026-09-14 20:00:00+00:00,2026-09-14 20:59:59.999000+00:00,2540.01,2615.0,2540.0,2570.64,47220.5925
2026-09-14 21:00:00+00:00,2026-09-14 21:59:59.999000+00:00,2570.64,2571.64,2537.98,2547.13,20924.5372
2026-09-14 22:00:00+00:00,2026-09-14 22:59:59.999000+00:00,2547.14,2556.53,2532.56,2533.27,10323.1487
2026-09-14 23:00:00+00:00,2026-09-14 23:59:59.999000+00:00,2533.27,2534.7,2513.45,2515.75,10251.9556
2026-09-15 00:00:00+00:00,2026-09-15 00:59:59.999000+00:00,2515.72,2517.46,2506.8,2515.93,11955.0141
2026-09-15 01:00:00+00:00,2026-09-15 01:59:59.999000+00:00,2515.93,2520.0,2508.19,2515.36,11749.6357
2026-09-15 02:00:00+00:00,2026-09-15 02:59:59.999000+00:00,2515.36,2519.92,2509.48,2512.57,6552.6444
2026-09-15 03:00:00+00:00,2026-09-15 03:59:59.999000+00:00,2512.58,2512.58,2496.0,2498.62,13858.8186
2026-09-15 04:00:00+00:00,2026-09-15 04:59:59.999000+00:00,2498.63,2500.56,2490.0,2490.72,11625.2287
2026-09-15 05:00:00+00:00,2026-09-15 05:59:59.999000+00:00,2490.71,2498.0,2479.2,2496.53,14518.9822
2026-09-15 06:00:00+00:00,2026-09-15 06:59:59.999000+00:00,2496.53,2501.02,2481.72,2486.05,14085.3476
2026-09-15 07:00:00+00:00,2026-09-15 07:59:59.999000+00:00,2486.06,2486.06,2471.0,2474.3,15695.478
2026-09-15 08:00:00+00:00,2026-09-15 08:59:59.999000+00:00,2474.29,2477.58,2465.6,2477.36,12572.331
2026-09-15 09:00:00+00:00,2026-09-15 09:59:59.999000+00:00,2477.37,2480.5,2473.2,2474.33,5861.634
2026-09-15 10:00:00+00:00,2026-09-15 10:59:59.999000+00:00,2474.34,2486.33,2472.0,2483.68,9287.6093
2026-09-15 11:00:00+00:00,2026-09-15 11:59:59.999000+00:00,2483.68,2488.18,2472.56,2476.41,7929.0839
2026-09-15 12:00:00+00:00,2026-09-15 12:59:59.999000+00:00,2476.41,2485.99,2475.02,2479.19,11176.7508
2026-09-15 13:00:00+00:00,2026-09-15 13:59:59.999000+00:00,2479.18,2486.45,2433.0,2454.04,42103.599
2026-09-15 14:00:00+00:00,2026-09-15 14:59:59.999000+00:00,2454.05,2458.0,2389.72,2408.39,50330.9911
2026-09-15 15:00:00+00:00,2026-09-15 15:59:59.999000+00:00,2408.38,2432.27,2398.0,2424.46,22902.8433
2026-09-15 16:00:00+00:00,2026-09-15 16:59:59.999000+00:00,2424.47,2425.85,2412.87,2422.34,11143.1108
2026-09-15 17:00:00+00:00,2026-09-15 17:59:59.999000+00:00,2422.34,2449.0,2413.01,2441.21,19208.1756
2026-09-15 18:00:00+00:00,2026-09-15 18:59:59.999000+00:00,2441.2,2446.88,2358.88,2403.14,78043.2442
2026-09-15 19:00:00+00:00,2026-09-15 19:59:59.999000+00:00,2403.14,2420.13,2398.0,2416.65,26279.876
2026-09-15 20:00:00+00:00,2026-09-15 20:59:59.999000+00:00,2416.66,2418.63,2395.65,2407.96,13352.1263
2026-09-15 21:00:00+00:00,2026-09-15 21:59:59.999000+00:00,2407.97,2407.97,2390.41,2390.83,10490.4767
2026-09-15 22:00:00+00:00,2026-09-15 22:59:59.999000+00:00,2390.83,2402.32,2381.78,2396.95,12787.8648
2026-09-15 23:00:00+00:00,2026-09-15 23:59:59.999000+00:00,2396.94,2412.75,2396.58,2398.26,9109.893
2026-09-16 00:00:00+00:00,2026-09-16 00:59:59.999000+00:00,2398.26,2406.0,2397.44,2399.15,5792.053
2026-09-16 01:00:00+00:00,2026-09-16 01:59:59.999000+00:00,2399.14,2407.59,2390.55,2391.0,7096.7056
2026-09-16 02:00:00+00:00,2026-09-16 02:59:59.999000+00:00,2391.0,2411.31,2388.21,2403.0,7862.2532
2026-09-16 03:00:00+00:00,2026-09-16 03:59:59.999000+00:00,2403.01,2411.53,2400.15,2401.96,6759.9141
2026-09-16 04:00:00+00:00,2026-09-16 04:59:59.999000+00:00,2401.96,2410.45,2401.96,2403.89,5893.2703
2026-09-16 05:00:00+00:00,2026-09-16 05:59:59.999000+00:00,2403.88,2407.42,2393.61,2407.37,6006.6483
2026-09-16 06:00:00+00:00,2026-09-16 06:59:59.999000+00:00,2407.37,2409.0,2393.78,2406.77,5148.7045
2026-09-16 07:00:00+00:00,2026-09-16 07:59:59.999000+00:00,2406.77,2411.25,2396.72,2396.96,12461.5974
2026-09-16 08:00:00+00:00,2026-09-16 08:59:59.999000+00:00,2396.96,2403.52,2382.7,2402.97,19731.1776
2026-09-16 09:00:00+00:00,2026-09-16 09:59:59.999000+00:00,2402.97,2407.05,2399.12,2405.93,6227.1651
2026-09-16 10:00:00+00:00,2026-09-16 10:59:59.999000+00:00,2405.93,2407.21,2398.53,2406.55,6063.9353
2026-09-16 11:00:00+00:00,2026-09-16 11:59:59.999000+00:00,2406.55,2430.0,2402.99,2422.61,13762.9134
2026-09-16 12:00:00+00:00,2026-09-16 12:59:59.999000+00:00,2422.6,2423.68,2402.99,2406.77,12388.9182
2026-09-16 13:00:00+00:00,2026-09-16 13:59:59.999000+00:00,2406.76,2406.77,2390.0,2394.01,13701.1189
2026-09-16 14:00:00+00:00,2026-09-16 14:59:59.999000+00:00,2394.01,2398.87,2378.78,2390.43,17295.218
2026-09-16 15:00:00+00:00,2026-09-16 15:59:59.999000+00:00,2390.43,2402.17,2384.0,2392.76,10794.45
2026-09-16 16:00:00+00:00,2026-09-16 16:59:59.999000+00:00,2392.76,2399.51,2387.07,2392.05,7038.5583
2026-09-16 17:00:00+00:00,2026-09-16 17:59:59.999000+00:00,2392.06,2396.69,2371.62,2390.77,16435.5645
2026-09-16 18:00:00+00:00,2026-09-16 18:59:59.999000+00:00,2390.77,2430.64,2369.11,2398.05,77411.6843
2026-09-16 19:00:00+00:00,2026-09-16 19:59:59.999000+00:00,2398.07,2418.99,2377.27,2408.6,25441.5034
2026-09-16 20:00:00+00:00,2026-09-16 20:59:59.999000+00:00,2408.58,2419.9,2404.75,2411.04,10187.2402
2026-09-16 21:00:00+00:00,2026-09-16 21:59:59.999000+00:00,2411.04,2413.55,2400.01,2404.94,6842.0961
2026-09-16 22:00:00+00:00,2026-09-16 22:59:59.999000+00:00,2404.94,2405.67,2388.55,2392.63,8657.144
2026-09-16 23:00:00+00:00,2026-09-16 23:59:59.999000+00:00,2392.61,2422.65,2390.01,2418.26,12896.3043
2026-09-17 00:00:00+00:00,2026-09-17 00:59:59.999000+00:00,2418.26,2427.85,2415.87,2418.9,7956.4253
2026-09-17 01:00:00+00:00,2026-09-17 01:59:59.999000+00:00,2418.91,2445.3,2413.56,2427.57,15391.2125
2026-09-17 02:00:00+00:00,2026-09-17 02:59:59.999000+00:00,2427.58,2433.07,2416.21,2429.07,7687.732
2026-09-17 03:00:00+00:00,2026-09-17 03:59:59.999000+00:00,2429.08,2439.08,2429.08,2436.06,8751.6234
2026-09-17 04:00:00+00:00,2026-09-17 04:59:59.999000+00:00,2436.07,2444.52,2425.03,2442.21,6792.8916
2026-09-17 05:00:00+00:00,2026-09-17 05:59:59.999000+00:00,2442.21,2446.66,2436.26,2437.2,6820.6155
2026-09-17 06:00:00+00:00,2026-09-17 06:59:59.999000+00:00,2437.21,2446.83,2435.92,2441.57,5558.8776
2026-09-17 07:00:00+00:00,2026-09-17 07:59:59.999000+00:00,2441.57,2454.4,2441.34,2444.37,12204.3954
2026-09-17 08:00:00+00:00,2026-09-17 08:59:59.999000+00:00,2444.37,2446.91,2437.63,2445.65,6354.1494
2026-09-17 09:00:00+00:00,2026-09-17 09:59:59.999000+00:00,2445.66,2449.55,2438.27,2438.95,6829.9325
2026-09-17 10:00:00+00:00,2026-09-17 10:59:59.999000+00:00,2438.95,2439.4,2430.66,2435.66,5426.3059
2026-09-17 11:00:00+00:00,2026-09-17 11:59:59.999000+00:00,2435.66,2443.3,2428.12,2442.61,6071.7982
2026-09-17 12:00:00+00:00,2026-09-17 12:59:59.999000+00:00,2442.6,2479.99,2439.32,2460.08,28480.2411
2026-09-17 13:00:00+00:00,2026-09-17 13:59:59.999000+00:00,2460.08,2464.96,2432.82,2462.51,16260.3807
2026-09-17 14:00:00+00:00,2026-09-17 14:59:59.999000+00:00,2462.51,2483.74,2450.76,2461.42,27184.2208
2026-09-17 15:00:00+00:00,2026-09-17 15:59:59.999000+00:00,2461.41,2478.12,2448.62,2470.27,16883.7617
2026-09-17 16:00:00+00:00,2026-09-17 16:59:59.999000+00:00,2470.27,2473.38,2454.8,2470.65,10097.4829
2026-09-17 17:00:00+00:00,2026-09-17 17:59:59.999000+00:00,2470.64,2477.0,2460.01,2462.85,10403.7281
2026-09-17 18:00:00+00:00,2026-09-17 18:59:59.999000+00:00,2462.85,2463.74,2450.02,2452.05,6878.8247
2026-09-17 19:00:00+00:00,2026-09-17 19:59:59.999000+00:00,2452.05,2455.45,2445.08,2448.95,6036.9162
2026-09-17 20:00:00+00:00,2026-09-17 20:59:59.999000+00:00,2448.96,2458.99,2447.55,2453.64,3355.9784
2026-09-17 21:00:00+00:00,2026-09-17 21:59:59.999000+00:00,2453.63,2456.0,2447.63,2447.63,3527.8185
2026-09-17 22:00:00+00:00,2026-09-17 22:59:59.999000+00:00,2447.63,2449.76,2436.41,2445.86,8409.4225
2026-09-17 23:00:00+00:00,2026-09-17 23:59:59.999000+00:00,2445.86,2450.94,2444.63,2447.28,4515.257
2026-09-18 00:00:00+00:00,2026-09-18 00:59:59.999000+00:00,2447.28,2448.55,2436.89,2448.34,5702.1925
2026-09-18 01:00:00+00:00,2026-09-18 01:59:59.999000+00:00,2448.34,2460.23,2445.8,2457.62,10697.0295
2026-09-18 02:00:00+00:00,2026-09-18 02:59:59.999000+00:00,2457.62,2467.08,2452.71,2462.87,7295.2385
2026-09-18 03:00:00+00:00,2026-09-18 03:59:59.999000+00:00,2462.87,2485.82,2461.78,2479.44,19694.9993
2026-09-18 04:00:00+00:00,2026-09-18 04:59:59.999000+00:00,2479.44,2483.11,2470.0,2482.56,14295.3378
2026-09-18 05:00:00+00:00,2026-09-18 05:59:59.999000+00:00,2482.55,2493.0,2477.18,2480.62,17005.3408
2026-09-18 06:00:00+00:00,2026-09-18 06:59:59.999000+00:00,2480.62,2489.34,2480.61,2487.53,10416.4365
2026-09-18 07:00:00+00:00,2026-09-18 07:59:59.999000+00:00,2487.53,2498.68,2485.81,2490.0,14474.3691
2026-09-18 08:00:00+00:00,2026-09-18 08:59:59.999000+00:00,2489.99,2507.11,2485.54,2505.4,17493.8586
2026-09-18 09:00:00+00:00,2026-09-18 09:59:59.999000+00:00,2505.4,2521.65,2501.66,2508.42,32417.4596
2026-09-18 10:00:00+00:00,2026-09-18 10:59:59.999000+00:00,2508.41,2521.1,2507.81,2513.79,11218.3519
2026-09-18 11:00:00+00:00,2026-09-18 11:59:59.999000+00:00,2513.79,2518.28,2499.76,2508.12,13469.6692
2026-09-18 12:00:00+00:00,2026-09-18 12:59:59.999000+00:00,2508.12,2511.22,2500.4,2502.24,11306.4803
2026-09-18 13:00:00+00:00,2026-09-18 13:59:59.999000+00:00,2502.23,2578.0,2494.37,2554.63,54741.4793
2026-09-18 14:00:00+00:00,2026-09-18 14:59:59.999000+00:00,2554.63,2586.28,2554.47,2582.57,56383.7424
2026-09-18 15:00:00+00:00,2026-09-18 15:59:59.999000+00:00,2582.57,2597.66,2565.59,2584.06,33129.1085
2026-09-18 16:00:00+00:00,2026-09-18 16:59:59.999000+00:00,2584.07,2610.0,2578.93,2597.25,36481.5097
2026-09-18 17:00:00+00:00,2026-09-18 17:59:59.999000+00:00,2597.26,2610.0,2585.26,2607.44,19339.7904
2026-09-18 18:00:00+00:00,2026-09-18 18:59:59.999000+00:00,2607.44,2626.36,2601.48,2613.15,30243.9327
2026-09-18 19:00:00+00:00,2026-09-18 19:59:59.999000+00:00,2613.16,2646.0,2611.96,2636.71,33033.6693
2026-09-18 20:00:00+00:00,2026-09-18 20:59:59.999000+00:00,2636.71,2640.0,2624.64,2631.95,14297.7616
2026-09-18 21:00:00+00:00,2026-09-18 21:59:59.999000+00:00,2631.95,2640.21,2624.83,2626.68,13997.5231
2026-09-18 22:00:00+00:00,2026-09-18 22:59:59.999000+00:00,2626.69,2634.71,2617.64,2620.03,18439.1116
2026-09-18 23:00:00+00:00,2026-09-18 23:59:59.999000+00:00,2620.04,2622.38,2608.23,2612.14,11738.6971
2026-09-19 00:00:00+00:00,2026-09-19 00:59:59.999000+00:00,2612.14,2626.99,2606.87,2626.78,13955.592
2026-09-19 01:00:00+00:00,2026-09-19 01:59:59.999000+00:00,2626.79,2627.0,2602.94,2612.79,13814.2159
2026-09-19 02:00:00+00:00,2026-09-19 02:59:59.999000+00:00,2612.79,2623.74,2612.0,2623.31,5463.8355
2026-09-19 03:00:00+00:00,2026-09-19 03:59:59.999000+00:00,2623.31,2632.3,2619.41,2620.18,4198.6476
2026-09-19 04:00:00+00:00,2026-09-19 04:59:59.999000+00:00,2620.17,2627.68,2612.21,2619.66,6158.2074
2026-09-19 05:00:00+00:00,2026-09-19 05:59:59.999000+00:00,2619.67,2633.33,2619.66,2628.93,6261.1269
2026-09-19 06:00:00+00:00,2026-09-19 06:59:59.999000+00:00,2628.93,2630.56,2620.48,2627.29,3837.199
2026-09-19 07:00:00+00:00,2026-09-19 07:59:59.999000+00:00,2627.3,2636.0,2623.46,2626.95,5876.9395
2026-09-19 08:00:00+00:00,2026-09-19 08:59:59.999000+00:00,2626.96,2662.85,2623.95,2645.23,22200.3901
2026-09-19 09:00:00+00:00,2026-09-19 09:59:59.999000+00:00,2645.23,2660.0,2632.32,2640.88,10719.1682
2026-09-19 10:00:00+00:00,2026-09-19 10:59:59.999000+00:00,2640.88,2646.12,2637.92,2638.34,4453.4408
2026-09-19 11:00:00+00:00,2026-09-19 11:59:59.999000+00:00,2638.34,2643.02,2636.47,2639.67,4453.2327
2026-09-19 12:00:00+00:00,2026-09-19 12:59:59.999000+00:00,2639.67,2643.99,2637.0,2641.91,4844.6426
2026-09-19 13:00:00+00:00,2026-09-19 13:59:59.999000+00:00,2641.91,2643.5,2629.16,2638.47,7745.3725
2026-09-19 14:00:00+00:00,2026-09-19 14:59:59.999000+00:00,2638.47,2644.13,2634.93,2639.02,6684.6028
2026-09-19 15:00:00+00:00,2026-09-19 15:59:59.999000+00:00,2639.01,2652.1,2637.5,2641.16,8634.3148
2026-09-19 16:00:00+00:00,2026-09-19 16:59:59.999000+00:00,2641.17,2651.66,2636.0,2650.0,6451.5387
2026-09-19 17:00:00+00:00,2026-09-19 17:59:59.999000+00:00,2650.01,2668.0,2642.24,2645.41,10716.1997
2026-09-19 18:00:00+00:00,2026-09-19 18:59:59.999000+00:00,2645.42,2647.46,2635.06,2638.9,7187.6765
2026-09-19 19:00:00+00:00,2026-09-19 19:59:59.999000+00:00,2638.89,2640.56,2632.0,2634.88,4910.2309
2026-09-19 20:00:00+00:00,2026-09-19 20:59:59.999000+00:00,2634.88,2640.54,2632.3,2635.96,5698.0557
2026-09-19 21:00:00+00:00,2026-09-19 21:59:59.999000+00:00,2635.97,2639.17,2617.75,2627.98,7714.4908
2026-09-19 22:00:00+00:00,2026-09-19 22:59:59.999000+00:00,2627.97,2631.88,2619.5,2630.83,5157.2062
2026-09-19 23:00:00+00:00,2026-09-19 23:59:59.999000+00:00,2630.84,2637.99,2629.61,2632.69,4318.9797
2026-09-20 00:00:00+00:00,2026-09-20 00:59:59.999000+00:00,2632.7,2632.97,2625.98,2627.37,3607.1637
2026-09-20 01:00:00+00:00,2026-09-20 01:59:59.999000+00:00,2627.36,2627.37,2613.04,2619.8,5560.3965
2026-09-20 02:00:00+00:00,2026-09-20 02:59:59.999000+00:00,2619.8,2624.04,2566.54,2574.23,21229.0752
2026-09-20 03:00:00+00:00,2026-09-20 03:59:59.999000+00:00,2574.24,2591.25,2564.33,2588.03,15305.7718
2026-09-20 04:00:00+00:00,2026-09-20 04:59:59.999000+00:00,2588.03,2588.59,2575.81,2579.79,12258.6881
2026-09-20 05:00:00+00:00,2026-09-20 05:59:59.999000+00:00,2579.79,2586.0,2573.91,2578.31,9920.3639
2026-09-20 06:00:00+00:00,2026-09-20 06:59:59.999000+00:00,2578.31,2586.01,2570.0,2574.4,9598.0358
2026-09-20 07:00:00+00:00,2026-09-20 07:59:59.999000+00:00,2574.4,2578.63,2571.55,2576.76,5902.8042
2026-09-20 08:00:00+00:00,2026-09-20 08:59:59.999000+00:00,2576.76,2584.1,2570.0,2575.19,7585.9288
2026-09-20 09:00:00+00:00,2026-09-20 09:59:59.999000+00:00,2575.19,2587.39,2575.0,2579.77,5407.5044
2026-09-20 10:00:00+00:00,2026-09-20 10:59:59.999000+00:00,2579.77,2581.49,2570.7,2571.21,6506.1085
2026-09-20 11:00:00+00:00,2026-09-20 11:59:59.999000+00:00,2571.21,2580.82,2567.52,2579.08,4645.9855
2026-09-20 12:00:00+00:00,2026-09-20 12:59:59.999000+00:00,2579.09,2583.01,2571.96,2580.32,5277.5764
2026-09-20 13:00:00+00:00,2026-09-20 13:59:59.999000+00:00,2580.32,2586.61,2576.59,2580.78,5244.9497
2026-09-20 14:00:00+00:00,2026-09-20 14:59:59.999000+00:00,2580.79,2588.92,2573.78,2585.61,8160.4914
2026-09-20 15:00:00+00:00,2026-09-20 15:59:59.999000+00:00,2585.61,2616.0,2585.61,2613.11,15452.7449
2026-09-20 16:00:00+00:00,2026-09-20 16:59:59.999000+00:00,2613.11,2648.21,2606.69,2639.91,17520.7734
2026-09-20 17:00:00+00:00,2026-09-20 17:59:59.999000+00:00,2639.9,2649.89,2618.81,2626.41,11750.1797
2026-09-20 18:00:00+00:00,2026-09-20 18:59:59.999000+00:00,2626.4,2640.15,2621.98,2626.46,6055.4034
2026-09-20 19:00:00+00:00,2026-09-20 19:59:59.999000+00:00,2626.47,2638.72,2625.73,2633.34,5381.5325
2026-09-20 20:00:00+00:00,2026-09-20 20:59:59.999000+00:00,2633.35,2643.0,2630.05,2634.5,7084.0613
2026-09-20 21:00:00+00:00,2026-09-20 21:59:59.999000+00:00,2634.5,2635.68,2608.31,2631.06,14028.1113
2026-09-20 22:00:00+00:00,2026-09-20 22:59:59.999000+00:00,2631.07,2647.2,2624.11,2639.64,9550.0296
2026-09-20 23:00:00+00:00,2026-09-20 23:59:59.999000+00:00,2639.63,2649.14,2632.23,2645.21,8367.3423
2026-09-21 00:00:00+00:00,2026-09-21 00:59:59.999000+00:00,2645.21,2707.7,2643.99,2689.19,54303.54
2026-09-21 01:00:00+00:00,2026-09-21 01:59:59.999000+00:00,2689.18,2701.0,2643.71,2649.46,24806.4815
2026-09-21 02:00:00+00:00,2026-09-21 02:59:59.999000+00:00,2649.46,2669.54,2644.04,2661.7,13180.5321
2026-09-21 03:00:00+00:00,2026-09-21 03:59:59.999000+00:00,2661.7,2673.8,2658.33,2665.95,6447.9917
2026-09-21 04:00:00+00:00,2026-09-21 04:59:59.999000+00:00,2665.95,2670.36,2653.43,2664.06,7368.9152
2026-09-21 05:00:00+00:00,2026-09-21 05:59:59.999000+00:00,2664.05,2675.91,2658.83,2665.41,8827.0553
2026-09-21 06:00:00+00:00,2026-09-21 06:59:59.999000+00:00,2665.41,2678.7,2654.39,2662.88,13562.0926
2026-09-21 07:00:00+00:00,2026-09-21 07:59:59.999000+00:00,2662.89,2665.7,2646.58,2661.66,9810.7956
2026-09-21 08:00:00+00:00,2026-09-21 08:59:59.999000+00:00,2661.66,2713.14,2660.91,2696.28,48475.6724
2026-09-21 09:00:00+00:00,2026-09-21 09:59:59.999000+00:00,2696.27,2749.98,2691.94,2720.77,64736.5508
2026-09-21 10:00:00+00:00,2026-09-21 10:59:59.999000+00:00,2720.78,2726.51,2707.97,2715.96,21574.2797
2026-09-21 11:00:00+00:00,2026-09-21 11:59:59.999000+00:00,2715.96,2730.36,2713.3,2725.38,25405.1089
2026-09-21 12:00:00+00:00,2026-09-21 12:59:59.999000+00:00,2725.38,2740.23,2718.66,2735.15,20722.292
2026-09-21 13:00:00+00:00,2026-09-21 13:59:59.999000+00:00,2735.15,2744.88,2718.74,2732.26,30103.3157
2026-09-21 14:00:00+00:00,2026-09-21 14:59:59.999000+00:00,2732.27,2757.57,2712.2,2736.67,35963.8526
2026-09-21 15:00:00+00:00,2026-09-21 15:59:59.999000+00:00,2736.66,2765.43,2728.32,2755.27,36216.3365
2026-09-21 16:00:00+00:00,2026-09-21 16:59:59.999000+00:00,2755.28,2769.11,2742.85,2754.65,25874.9158
2026-09-21 17:00:00+00:00,2026-09-21 17:59:59.999000+00:00,2754.65,2758.52,2735.17,2743.26,20139.5658
2026-09-21 18:00:00+00:00,2026-09-21 18:59:59.999000+00:00,2743.26,2758.21,2738.18,2758.2,16940.1653
2026-09-21 19:00:00+00:00,2026-09-21 19:59:59.999000+00:00,2758.21,2776.31,2754.99,2761.83,22874.9297
2026-09-21 20:00:00+00:00,2026-09-21 20:59:59.999000+00:00,2761.84,2807.34,2761.84,2784.45,32981.3029
2026-09-21 21:00:00+00:00,2026-09-21 21:59:59.999000+00:00,2784.44,2784.44,2763.56,2768.71,11976.5823
2026-09-21 22:00:00+00:00,2026-09-21 22:59:59.999000+00:00,2768.72,2783.97,2768.0,2779.21,11449.3123
2026-09-21 23:00:00+00:00,2026-09-21 23:59:59.999000+00:00,2779.21,2788.0,2766.66,2776.19,9348.3505
2026-09-22 00:00:00+00:00,2026-09-22 00:59:59.999000+00:00,2776.2,2777.55,2752.96,2754.49,13713.7297
2026-09-22 01:00:00+00:00,2026-09-22 01:59:59.999000+00:00,2754.49,2756.87,2736.75,2748.87,15535.6931
2026-09-22 02:00:00+00:00,2026-09-22 02:59:59.999000+00:00,2748.86,2750.0,2736.73,2740.0,9690.7103
2026-09-22 03:00:00+00:00,2026-09-22 03:59:59.999000+00:00,2740.01,2743.49,2726.1,2739.65,17325.371
2026-09-22 04:00:00+00:00,2026-09-22 04:59:59.999000+00:00,2739.64,2743.2,2726.24,2729.41,10025.861
2026-09-22 05:00:00+00:00,2026-09-22 05:59:59.999000+00:00,2729.42,2739.2,2715.91,2733.54,12613.3399
2026-09-22 06:00:00+00:00,2026-09-22 06:59:59.999000+00:00,2733.55,2736.62,2725.0,2730.73,7315.9701
2026-09-22 07:00:00+00:00,2026-09-22 07:59:59.999000+00:00,2730.72,2734.67,2722.53,2726.34,6817.957
2026-09-22 08:00:00+00:00,2026-09-22 08:59:59.999000+00:00,2726.35,2755.68,2721.57,2749.02,17834.3475
2026-09-22 09:00:00+00:00,2026-09-22 09:59:59.999000+00:00,2749.01,2754.34,2730.49,2750.77,12022.7477
2026-09-22 10:00:00+00:00,2026-09-22 10:59:59.999000+00:00,2750.77,2752.33,2735.87,2742.27,7588.9588
2026-09-22 11:00:00+00:00,2026-09-22 11:59:59.999000+00:00,2742.26,2748.15,2734.74,2742.6,5930.9665
2026-09-22 12:00:00+00:00,2026-09-22 12:59:59.999000+00:00,2742.59,2756.79,2736.35,2756.61,10763.4549
2026-09-22 13:00:00+00:00,2026-09-22 13:59:59.999000+00:00,2756.6,2764.0,2739.02,2759.19,19624.3201
2026-09-22 14:00:00+00:00,2026-09-22 14:59:59.999000+00:00,2759.2,2760.27,2716.02,2742.73,27521.7152
2026-09-22 15:00:00+00:00,2026-09-22 15:59:59.999000+00:00,2742.73,2755.85,2736.88,2743.91,10507.2965
2026-09-22 16:00:00+00:00,2026-09-22 16:59:59.999000+00:00,2743.9,2751.0,2729.56,2746.13,10526.9838
2026-09-22 17:00:00+00:00,2026-09-22 17:59:59.999000+00:00,2746.13,2759.31,2742.83,2753.9,15534.5215
2026-09-22 18:00:00+00:00,2026-09-22 18:59:59.999000+00:00,2753.91,2757.01,2742.91,2752.36,8710.8901
2026-09-22 19:00:00+00:00,2026-09-22 19:59:59.999000+00:00,2752.37,2763.86,2745.1,2751.74,13334.7394
2026-09-22 20:00:00+00:00,2026-09-22 20:59:59.999000+00:00,2751.75,2758.74,2747.67,2751.53,8518.9581
2026-09-22 21:00:00+00:00,2026-09-22 21:59:59.999000+00:00,2751.53,2754.49,2746.96,2747.31,8557.0318
2026-09-22 22:00:00+00:00,2026-09-22 22:59:59.999000+00:00,2747.31,2760.0,2734.96,2753.08,16814.3309
2026-09-22 23:00:00+00:00,2026-09-22 23:59:59.999000+00:00,2753.08,2774.41,2748.86,2753.63,16185.7807
2026-09-23 00:00:00+00:00,2026-09-23 00:59:59.999000+00:00,2753.63,2766.99,2749.0,2760.0,8193.7863
2026-09-23 01:00:00+00:00,2026-09-23 01:59:59.999000+00:00,2760.01,2775.0,2745.99,2754.19,10028.0111
2026-09-23 02:00:00+00:00,2026-09-23 02:59:59.999000+00:00,2754.18,2763.0,2746.09,2762.2,6558.9222
2026-09-23 03:00:00+00:00,2026-09-23 03:59:59.999000+00:00,2762.21,2784.4,2758.2,2774.01,13812.0898
2026-09-23 04:00:00+00:00,2026-09-23 04:59:59.999000+00:00,2774.02,2789.0,2767.8,2779.65,13038.1789
2026-09-23 05:00:00+00:00,2026-09-23 05:59:59.999000+00:00,2779.65,2780.21,2755.57,2757.8,12107.6502
2026-09-23 06:00:00+00:00,2026-09-23 06:59:59.999000+00:00,2757.8,2762.07,2751.96,2754.29,11103.7763
2026-09-23 07:00:00+00:00,2026-09-23 07:59:59.999000+00:00,2754.3,2754.3,2735.2,2742.92,13069.5411
2026-09-23 08:00:00+00:00,2026-09-23 08:59:59.999000+00:00,2742.92,2750.71,2726.75,2734.99,10936.624
2026-09-23 09:00:00+00:00,2026-09-23 09:59:59.999000+00:00,2735.0,2743.71,2731.29,2733.61,7585.2508
2026-09-23 10:00:00+00:00,2026-09-23 10:59:59.999000+00:00,2733.61,2738.81,2726.0,2738.33,8822.1874
2026-09-23 11:00:00+00:00,2026-09-23 11:59:59.999000+00:00,2738.33,2739.67,2717.0,2727.96,15035.6586
2026-09-23 12:00:00+00:00,2026-09-23 12:59:59.999000+00:00,2727.95,2730.45,2712.86,2722.2,15884.267
2026-09-23 13:00:00+00:00,2026-09-23 13:59:59.999000+00:00,2722.19,2723.95,2707.72,2716.1,19574.873
2026-09-23 14:00:00+00:00,2026-09-23 14:59:59.999000+00:00,2716.11,2723.57,2647.66,2676.36,74316.81
2026-09-23 15:00:00+00:00,2026-09-23 15:59:59.999000+00:00,2676.37,2685.0,2654.78,2656.21,17387.3546
2026-09-23 16:00:00+00:00,2026-09-23 16:59:59.999000+00:00,2656.2,2667.86,2635.39,2660.93,22843.6596
2026-09-23 17:00:00+00:00,2026-09-23 17:59:59.999000+00:00,2660.92,2670.64,2648.47,2668.03,9801.699
2026-09-23 18:00:00+00:00,2026-09-23 18:59:59.999000+00:00,2668.02,2672.51,2659.44,2669.05,7430.559
2026-09-23 19:00:00+00:00,2026-09-23 19:59:59.999000+00:00,2669.05,2680.62,2664.34,2678.97,11209.5535
2026-09-23 20:00:00+00:00,2026-09-23 20:59:59.999000+00:00,2678.97,2680.18,2669.19,2671.36,5540.1241
2026-09-23 21:00:00+00:00,2026-09-23 21:59:59.999000+00:00,2671.37,2679.42,2668.45,2677.42,4865.0862
2026-09-23 22:00:00+00:00,2026-09-23 22:59:59.999000+00:00,2677.43,2698.99,2676.38,2690.27,8753.3691
2026-09-23 23:00:00+00:00,2026-09-23 23:59:59.999000+00:00,2690.27,2690.66,2681.24,2684.71,3812.0916
2026-09-24 00:00:00+00:00,2026-09-24 00:59:59.999000+00:00,2684.7,2692.74,2679.11,2682.29,4216.5147
2026-09-24 01:00:00+00:00,2026-09-24 01:59:59.999000+00:00,2682.29,2692.0,2674.66,2675.02,6030.9649
2026-09-24 02:00:00+00:00,2026-09-24 02:59:59.999000+00:00,2675.02,2688.43,2664.32,2685.72,5997.5393
2026-09-24 03:00:00+00:00,2026-09-24 03:59:59.999000+00:00,2685.72,2690.83,2671.43,2676.76,5069.2176
2026-09-24 04:00:00+00:00,2026-09-24 04:59:59.999000+00:00,2676.76,2683.63,2669.62,2682.14,5875.8005
2026-09-24 05:00:00+00:00,2026-09-24 05:59:59.999000+00:00,2682.15,2704.08,2681.65,2682.52,9016.574
2026-09-24 06:00:00+00:00,2026-09-24 06:59:59.999000+00:00,2682.52,2690.69,2679.11,2686.1,4303.9473
2026-09-24 07:00:00+00:00,2026-09-24 07:59:59.999000+00:00,2686.09,2700.0,2679.7,2693.5,8133.7037
2026-09-24 08:00:00+00:00,2026-09-24 08:59:59.999000+00:00,2693.5,2695.8,2655.5,2669.3,17140.667
2026-09-24 09:00:00+00:00,2026-09-24 09:59:59.999000+00:00,2669.3,2673.75,2600.15,2642.4,24958.8012
2026-09-24 10:00:00+00:00,2026-09-24 10:59:59.999000+00:00,2642.41,2649.46,2633.4,2648.19,10043.7994
2026-09-24 11:00:00+00:00,2026-09-24 11:59:59.999000+00:00,2648.2,2652.54,2643.38,2647.68,6350.1261
2026-09-24 12:00:00+00:00,2026-09-24 12:59:59.999000+00:00,2647.68,2654.08,2639.37,2648.8,12545.8072
2026-09-24 13:00:00+00:00,2026-09-24 13:59:59.999000+00:00,2648.8,2678.67,2648.8,2670.11,14965.3862
2026-09-24 14:00:00+00:00,2026-09-24 14:59:59.999000+00:00,2670.11,2699.76,2644.97,2657.87,28303.5034
2026-09-24 15:00:00+00:00,2026-09-24 15:59:59.999000+00:00,2657.86,2685.72,2652.32,2683.58,12563.0803
2026-09-24 16:00:00+00:00,2026-09-24 16:59:59.999000+00:00,2683.59,2706.0,2666.0,2687.63,21163.4634
2026-09-24 17:00:00+00:00,2026-09-24 17:59:59.999000+00:00,2687.62,2690.32,2666.96,2669.72,10502.1328
2026-09-24 18:00:00+00:00,2026-09-24 18:59:59.999000+00:00,2669.71,2694.62,2660.38,2690.12,13179.6913
2026-09-24 19:00:00+00:00,2026-09-24 19:59:59.999000+00:00,2690.13,2701.24,2682.91,2696.95,16362.5372
2026-09-24 20:00:00+00:00,2026-09-24 20:59:59.999000+00:00,2696.94,2697.38,2681.81,2688.27,10251.6823
2026-09-24 21:00:00+00:00,2026-09-24 21:59:59.999000+00:00,2688.28,2693.02,2685.45,2686.72,5544.1434
2026-09-24 22:00:00+00:00,2026-09-24 22:59:59.999000+00:00,2686.72,2688.28,2676.03,2685.53,9068.4852
2026-09-24 23:00:00+00:00,2026-09-24 23:59:59.999000+00:00,2685.53,2693.18,2685.02,2688.05,5220.6933
2026-09-25 00:00:00+00:00,2026-09-25 00:59:59.999000+00:00,2688.06,2697.78,2688.05,2690.78,5029.1041
2026-09-25 01:00:00+00:00,2026-09-25 01:59:59.999000+00:00,2690.78,2698.48,2682.5,2689.58,4732.5025
2026-09-25 02:00:00+00:00,2026-09-25 02:59:59.999000+00:00,2689.58,2700.21,2674.62,2676.79,9445.2496
2026-09-25 03:00:00+00:00,2026-09-25 03:59:59.999000+00:00,2676.8,2681.65,2673.0,2679.09,6244.9976
2026-09-25 04:00:00+00:00,2026-09-25 04:59:59.999000+00:00,2679.1,2686.05,2671.94,2680.3,5099.5004
2026-09-25 05:00:00+00:00,2026-09-25 05:59:59.999000+00:00,2680.29,2685.0,2675.61,2679.94,4684.4313
2026-09-25 06:00:00+00:00,2026-09-25 06:59:59.999000+00:00,2679.94,2682.99,2669.59,2674.52,6344.2249
2026-09-25 07:00:00+00:00,2026-09-25 07:59:59.999000+00:00,2674.52,2680.8,2667.33,2672.04,10480.3521
2026-09-25 08:00:00+00:00,2026-09-25 08:59:59.999000+00:00,2672.05,2696.98,2672.04,2690.91,10493.7754
2026-09-25 09:00:00+00:00,2026-09-25 09:59:59.999000+00:00,2690.9,2718.0,2690.74,2704.72,15922.8411
2026-09-25 10:00:00+00:00,2026-09-25 10:59:59.999000+00:00,2704.73,2719.28,2692.9,2713.98,9469.9105
2026-09-25 11:00:00+00:00,2026-09-25 11:59:59.999000+00:00,2713.97,2743.0,2713.1,2717.53,22424.7026
2026-09-25 12:00:00+00:00,2026-09-25 12:59:59.999000+00:00,2717.53,2724.0,2686.58,2717.72,20320.0779
2026-09-25 13:00:00+00:00,2026-09-25 13:59:59.999000+00:00,2717.71,2722.37,2680.0,2695.3,19983.8046
2026-09-25 14:00:00+00:00,2026-09-25 14:59:59.999000+00:00,2695.31,2698.21,2671.94,2695.82,23021.2135
2026-09-25 15:00:00+00:00,2026-09-25 15:59:59.999000+00:00,2695.83,2699.0,2668.84,2686.9,14861.2646
2026-09-25 16:00:00+00:00,2026-09-25 16:59:59.999000+00:00,2686.91,2698.25,2681.93,2683.71,12417.9809
2026-09-25 17:00:00+00:00,2026-09-25 17:59:59.999000+00:00,2683.72,2693.71,2678.28,2685.91,7513.6033
2026-09-25 18:00:00+00:00,2026-09-25 18:59:59.999000+00:00,2685.91,2699.5,2685.91,2693.37,7084.5597
2026-09-25 19:00:00+00:00,2026-09-25 19:59:59.999000+00:00,2693.38,2696.44,2690.43,2693.34,4271.2503
2026-09-25 20:00:00+00:00,2026-09-25 20:59:59.999000+00:00,2693.34,2696.41,2683.89,2684.74,4557.3516
2026-09-25 21:00:00+00:00,2026-09-25 21:59:59.999000+00:00,2684.74,2685.6,2677.16,2681.48,4752.2653
2026-09-25 22:00:00+00:00,2026-09-25 22:59:59.999000+00:00,2681.47,2694.4,2680.18,2692.14,3615.7417
2026-09-25 23:00:00+00:00,2026-09-25 23:59:59.999000+00:00,2692.14,2694.51,2690.7,2691.61,1926.9488
2026-09-26 00:00:00+00:00,2026-09-26 00:59:59.999000+00:00,2691.62,2694.6,2681.0,2687.31,4418.3769
2026-09-26 01:00:00+00:00,2026-09-26 01:59:59.999000+00:00,2687.31,2696.44,2687.1,2692.7,4083.4833
2026-09-26 02:00:00+00:00,2026-09-26 02:59:59.999000+00:00,2692.7,2695.81,2689.0,2691.15,2190.834
2026-09-26 03:00:00+00:00,2026-09-26 03:59:59.999000+00:00,2691.15,2691.51,2686.08,2687.98,1681.6161
2026-09-26 04:00:00+00:00,2026-09-26 04:59:59.999000+00:00,2687.98,2691.51,2685.0,2689.54,3069.0763
2026-09-26 05:00:00+00:00,2026-09-26 05:59:59.999000+00:00,2689.54,2690.55,2685.37,2686.47,3062.3566
2026-09-26 06:00:00+00:00,2026-09-26 06:59:59.999000+00:00,2686.47,2687.4,2683.46,2685.69,3705.4967
2026-09-26 07:00:00+00:00,2026-09-26 07:59:59.999000+00:00,2685.69,2691.57,2685.68,2691.16,2844.8476
2026-09-26 08:00:00+00:00,2026-09-26 08:59:59.999000+00:00,2691.15,2697.79,2687.37,2691.01,4595.8277
2026-09-26 09:00:00+00:00,2026-09-26 09:59:59.999000+00:00,2691.0,2691.01,2679.3,2682.6,4736.8771
2026-09-26 10:00:00+00:00,2026-09-26 10:59:59.999000+00:00,2682.6,2690.32,2682.6,2687.35,4798.5135
2026-09-26 11:00:00+00:00,2026-09-26 11:59:59.999000+00:00,2687.35,2690.71,2685.38,2689.49,2551.2744
2026-09-26 12:00:00+00:00,2026-09-26 12:59:59.999000+00:00,2689.48,2692.38,2686.7,2688.9,6392.0694
2026-09-26 13:00:00+00:00,2026-09-26 13:59:59.999000+00:00,2688.9,2691.95,2682.0,2686.73,4366.8652
2026-09-26 14:00:00+00:00,2026-09-26 14:59:59.999000+00:00,2686.72,2690.0,2685.6,2688.67,2538.4219
2026-09-26 15:00:00+00:00,2026-09-26 15:59:59.999000+00:00,2688.66,2696.0,2688.66,2692.97,3508.3882
2026-09-26 16:00:00+00:00,2026-09-26 16:59:59.999000+00:00,2692.97,2694.08,2689.34,2691.58,2392.5758
2026-09-26 17:00:00+00:00,2026-09-26 17:59:59.999000+00:00,2691.59,2691.8,2686.95,2690.57,2635.6134
2026-09-26 18:00:00+00:00,2026-09-26 18:59:59.999000+00:00,2690.56,2691.04,2683.56,2685.01,1834.5019
2026-09-26 19:00:00+00:00,2026-09-26 19:59:59.999000+00:00,2685.0,2686.64,2682.15,2684.64,1682.4582
2026-09-26 20:00:00+00:00,2026-09-26 20:59:59.999000+00:00,2684.63,2685.47,2664.79,2676.87,8512.7107
2026-09-26 21:00:00+00:00,2026-09-26 21:59:59.999000+00:00,2676.87,2693.77,2676.06,2686.31,4150.5881
2026-09-26 22:00:00+00:00,2026-09-26 22:59:59.999000+00:00,2686.32,2692.82,2684.43,2688.85,2591.2534
2026-09-26 23:00:00+00:00,2026-09-26 23:59:59.999000+00:00,2688.85,2697.07,2688.84,2696.33,4139.9837
2026-09-27 00:00:00+00:00,2026-09-27 00:59:59.999000+00:00,2696.33,2696.46,2690.11,2693.5,3224.0599
2026-09-27 01:00:00+00:00,2026-09-27 01:59:59.999000+00:00,2693.49,2705.55,2689.99,2701.55,9462.7331
2026-09-27 02:00:00+00:00,2026-09-27 02:59:59.999000+00:00,2701.56,2706.09,2697.18,2697.87,4267.0781
2026-09-27 03:00:00+00:00,2026-09-27 03:59:59.999000+00:00,2697.87,2700.85,2695.83,2696.69,4500.5623
2026-09-27 04:00:00+00:00,2026-09-27 04:59:59.999000+00:00,2696.69,2700.0,2691.42,2692.02,2767.3122
2026-09-27 05:00:00+00:00,2026-09-27 05:59:59.999000+00:00,2692.01,2712.13,2691.01,2705.03,6217.0025
2026-09-27 06:00:00+00:00,2026-09-27 06:59:59.999000+00:00,2705.03,2711.87,2704.95,2707.25,3794.5589
2026-09-27 07:00:00+00:00,2026-09-27 07:59:59.999000+00:00,2707.26,2718.89,2705.66,2718.27,6772.1512
2026-09-27 08:00:00+00:00,2026-09-27 08:59:59.999000+00:00,2718.27,2724.12,2713.59,2714.59,12517.8877
2026-09-27 09:00:00+00:00,2026-09-27 09:59:59.999000+00:00,2714.59,2716.85,2705.93,2716.15,8712.1409
2026-09-27 10:00:00+00:00,2026-09-27 10:59:59.999000+00:00,2716.14,2719.51,2708.61,2710.28,7508.2027
2026-09-27 11:00:00+00:00,2026-09-27 11:59:59.999000+00:00,2710.27,2711.88,2707.18,2709.8,5500.1574
2026-09-27 12:00:00+00:00,2026-09-27 12:59:59.999000+00:00,2709.81,2717.6,2707.35,2707.36,3703.6362
2026-09-27 13:00:00+00:00,2026-09-27 13:59:59.999000+00:00,2707.35,2715.7,2698.21,2709.67,11643.2363
2026-09-27 14:00:00+00:00,2026-09-27 14:59:59.999000+00:00,2709.68,2710.0,2682.67,2688.26,11837.6393
2026-09-27 15:00:00+00:00,2026-09-27 15:59:59.999000+00:00,2688.25,2694.02,2682.05,2689.76,9076.2458
2026-09-27 16:00:00+00:00,2026-09-27 16:59:59.999000+00:00,2689.76,2696.37,2684.81,2686.5,4202.606
2026-09-27 17:00:00+00:00,2026-09-27 17:59:59.999000+00:00,2686.5,2692.0,2685.81,2691.36,2782.2226
2026-09-27 18:00:00+00:00,2026-09-27 18:59:59.999000+00:00,2691.35,2699.67,2689.88,2698.26,6255.7864
2026-09-27 19:00:00+00:00,2026-09-27 19:59:59.999000+00:00,2698.27,2698.74,2690.45,2691.43,3388.7554
2026-09-27 20:00:00+00:00,2026-09-27 20:59:59.999000+00:00,2691.43,2696.23,2685.34,2686.13,5185.4579
2026-09-27 21:00:00+00:00,2026-09-27 21:59:59.999000+00:00,2686.13,2693.11,2675.28,2684.44,5329.4182
2026-09-27 22:00:00+00:00,2026-09-27 22:59:59.999000+00:00,2684.44,2686.46,2669.78,2675.71,9098.8795
2026-09-27 23:00:00+00:00,2026-09-27 23:59:59.999000+00:00,2675.7,2691.31,2673.89,2688.65,5618.1233
2026-09-28 00:00:00+00:00,2026-09-28 00:59:59.999000+00:00,2688.65,2703.51,2672.0,2673.51,12518.1463
2026-09-28 01:00:00+00:00,2026-09-28 01:59:59.999000+00:00,2673.57,2679.67,2650.0,2657.38,19436.6644
2026-09-28 02:00:00+00:00,2026-09-28 02:59:59.999000+00:00,2657.38,2662.5,2648.36,2653.01,11667.1366
2026-09-28 03:00:00+00:00,2026-09-28 03:59:59.999000+00:00,2653.02,2658.02,2642.0,2652.08,10867.517
2026-09-28 04:00:00+00:00,2026-09-28 04:59:59.999000+00:00,2652.08,2660.3,2646.94,2658.63,8712.5974
2026-09-28 05:00:00+00:00,2026-09-28 05:59:59.999000+00:00,2658.62,2661.02,2635.69,2651.63,12900.0757
2026-09-28 06:00:00+00:00,2026-09-28 06:59:59.999000+00:00,2651.64,2656.68,2646.21,2649.61,8237.9459
2026-09-28 07:00:00+00:00,2026-09-28 07:59:59.999000+00:00,2649.61,2656.51,2642.29,2644.31,12987.6078
2026-09-28 08:00:00+00:00,2026-09-28 08:59:59.999000+00:00,2644.31,2652.98,2640.1,2651.38,21713.2845
2026-09-28 09:00:00+00:00,2026-09-28 09:59:59.999000+00:00,2651.38,2654.59,2637.38,2641.55,12458.3793
2026-09-28 10:00:00+00:00,2026-09-28 10:59:59.999000+00:00,2641.56,2659.69,2641.56,2656.6,9568.4612
2026-09-28 11:00:00+00:00,2026-09-28 11:59:59.999000+00:00,2656.6,2669.53,2656.6,2669.0,8165.5762
2026-09-28 12:00:00+00:00,2026-09-28 12:59:59.999000+00:00,2668.99,2693.56,2664.82,2690.91,21422.7511
2026-09-28 13:00:00+00:00,2026-09-28 13:59:59.999000+00:00,2690.91,2698.68,2680.52,2690.65,12798.5502
2026-09-28 14:00:00+00:00,2026-09-28 14:59:59.999000+00:00,2690.65,2690.65,2651.68,2667.13,18630.5129
2026-09-28 15:00:00+00:00,2026-09-28 15:59:59.999000+00:00,2667.13,2680.75,2654.05,2677.95,14242.4671
2026-09-28 16:00:00+00:00,2026-09-28 16:59:59.999000+00:00,2677.94,2698.86,2671.0,2687.35,16592.4821
2026-09-28 17:00:00+00:00,2026-09-28 17:59:59.999000+00:00,2687.35,2721.42,2681.92,2695.71,22635.7215
2026-09-28 18:00:00+00:00,2026-09-28 18:59:59.999000+00:00,2695.71,2699.78,2687.54,2699.67,6146.4085
2026-09-28 19:00:00+00:00,2026-09-28 19:59:59.999000+00:00,2699.68,2700.31,2665.0,2673.5,9909.4311
2026-09-28 20:00:00+00:00,2026-09-28 20:59:59.999000+00:00,2673.49,2686.4,2670.96,2682.9,4918.4933
2026-09-28 21:00:00+00:00,2026-09-28 21:59:59.999000+00:00,2682.9,2690.0,2674.32,2674.36,5906.6473
2026-09-28 22:00:00+00:00,2026-09-28 22:59:59.999000+00:00,2674.37,2687.75,2667.86,2687.62,4747.0368
2026-09-28 23:00:00+00:00,2026-09-28 23:59:59.999000+00:00,2687.62,2694.41,2685.6,2688.71,4639.8877
2026-09-29 00:00:00+00:00,2026-09-29 00:59:59.999000+00:00,2688.71,2695.38,2677.23,2677.23,5865.9446
2026-09-29 01:00:00+00:00,2026-09-29 01:59:59.999000+00:00,2677.22,2681.24,2656.66,2665.61,11559.35
2026-09-29 02:00:00+00:00,2026-09-29 02:59:59.999000+00:00,2665.61,2667.85,2652.2,2657.63,7544.3068
2026-09-29 03:00:00+00:00,2026-09-29 03:59:59.999000+00:00,2657.63,2669.32,2655.4,2665.2,4717.908
2026-09-29 04:00:00+00:00,2026-09-29 04:59:59.999000+00:00,2665.21,2673.0,2661.65,2668.07,4000.9183
2026-09-29 05:00:00+00:00,2026-09-29 05:59:59.999000+00:00,2668.06,2677.87,2656.0,2676.54,6429.9094
2026-09-29 06:00:00+00:00,2026-09-29 06:59:59.999000+00:00,2676.54,2709.0,2676.27,2706.73,19073.4739
2026-09-29 07:00:00+00:00,2026-09-29 07:59:59.999000+00:00,2706.74,2719.96,2700.4,2712.36,29708.2581
2026-09-29 08:00:00+00:00,2026-09-29 08:59:59.999000+00:00,2712.35,2735.0,2706.33,2708.84,29023.6904
2026-09-29 09:00:00+00:00,2026-09-29 09:59:59.999000+00:00,2708.83,2722.0,2702.78,2717.63,17500.8689
2026-09-29 10:00:00+00:00,2026-09-29 10:59:59.999000+00:00,2717.63,2720.52,2709.78,2714.8,5002.3254
2026-09-29 11:00:00+00:00,2026-09-29 11:59:59.999000+00:00,2714.8,2738.51,2714.75,2732.47,15954.0448
2026-09-29 12:00:00+00:00,2026-09-29 12:59:59.999000+00:00,2732.47,2748.6,2729.63,2736.83,30201.375
2026-09-29 13:00:00+00:00,2026-09-29 13:59:59.999000+00:00,2736.83,2740.72,2721.5,2726.83,18022.9556
2026-09-29 14:00:00+00:00,2026-09-29 14:59:59.999000+00:00,2726.83,2732.48,2707.97,2710.99,19399.6165
2026-09-29 15:00:00+00:00,2026-09-29 15:59:59.999000+00:00,2710.99,2711.95,2668.5,2674.17,32271.8472
2026-09-29 16:00:00+00:00,2026-09-29 16:59:59.999000+00:00,2674.16,2684.36,2668.4,2675.99,9982.3243
2026-09-29 17:00:00+00:00,2026-09-29 17:59:59.999000+00:00,2675.99,2680.57,2669.59,2673.76,5889.8614
2026-09-29 18:00:00+00:00,2026-09-29 18:59:59.999000+00:00,2673.77,2697.92,2673.77,2695.86,7470.4582
2026-09-29 19:00:00+00:00,2026-09-29 19:59:59.999000+00:00,2695.85,2700.0,2686.59,2690.01,7122.2516
2026-09-29 20:00:00+00:00,2026-09-29 20:59:59.999000+00:00,2690.01,2694.19,2686.74,2689.26,3271.8848
2026-09-29 21:00:00+00:00,2026-09-29 21:59:59.999000+00:00,2689.25,2690.55,2676.96,2679.44,15446.8257
2026-09-29 22:00:00+00:00,2026-09-29 22:59:59.999000+00:00,2679.44,2686.17,2675.0,2681.83,5305.7878
2026-09-29 23:00:00+00:00,2026-09-29 23:59:59.999000+00:00,2681.84,2688.51,2675.8,2677.98,5170.251
2026-09-30 00:00:00+00:00,2026-09-30 00:59:59.999000+00:00,2677.98,2679.93,2668.08,2672.62,6346.5327
2026-09-30 01:00:00+00:00,2026-09-30 01:59:59.999000+00:00,2672.62,2677.08,2668.68,2672.57,7874.6547
2026-09-30 02:00:00+00:00,2026-09-30 02:59:59.999000+00:00,2672.58,2678.32,2666.19,2674.49,5707.0708
2026-09-30 03:00:00+00:00,2026-09-30 03:59:59.999000+00:00,2674.49,2676.35,2668.0,2671.55,6349.9849
2026-09-30 04:00:00+00:00,2026-09-30 04:59:59.999000+00:00,2671.54,2676.6,2669.99,2670.0,4264.2938
2026-09-30 05:00:00+00:00,2026-09-30 05:59:59.999000+00:00,2669.99,2680.62,2667.03,2675.09,6421.1085
2026-09-30 06:00:00+00:00,2026-09-30 06:59:59.999000+00:00,2675.09,2676.89,2656.92,2662.07,12363.0573
2026-09-30 07:00:00+00:00,2026-09-30 07:59:59.999000+00:00,2662.08,2677.98,2660.22,2674.87,7787.7084
2026-09-30 08:00:00+00:00,2026-09-30 08:59:59.999000+00:00,2674.87,2674.87,2665.0,2671.11,7031.8546
2026-09-30 09:00:00+00:00,2026-09-30 09:59:59.999000+00:00,2671.1,2699.85,2670.58,2688.67,11901.99
2026-09-30 10:00:00+00:00,2026-09-30 10:59:59.999000+00:00,2688.68,2697.7,2687.56,2695.61,7917.1029
2026-09-30 11:00:00+00:00,2026-09-30 11:59:59.999000+00:00,2695.6,2700.0,2685.37,2697.8,8295.8529
2026-09-30 12:00:00+00:00,2026-09-30 12:59:59.999000+00:00,2697.79,2738.51,2692.61,2731.01,46661.0606
2026-09-30 13:00:00+00:00,2026-09-30 13:59:59.999000+00:00,2731.0,2737.99,2690.0,2710.0,36900.2212
2026-09-30 14:00:00+00:00,2026-09-30 14:59:59.999000+00:00,2710.0,2713.52,2668.0,2678.2,34897.1764
2026-09-30 15:00:00+00:00,2026-09-30 15:59:59.999000+00:00,2678.2,2689.66,2671.72,2683.72,12780.3482
2026-09-30 16:00:00+00:00,2026-09-30 16:59:59.999000+00:00,2683.73,2696.0,2681.98,2695.83,7156.5012
2026-09-30 17:00:00+00:00,2026-09-30 17:59:59.999000+00:00,2695.83,2698.0,2676.45,2682.72,12476.5335
2026-09-30 18:00:00+00:00,2026-09-30 18:59:59.999000+00:00,2682.71,2684.7,2673.8,2679.15,5737.3515
2026-09-30 19:00:00+00:00,2026-09-30 19:59:59.999000+00:00,2679.16,2680.88,2667.94,2669.61,7313.5634
2026-09-30 20:00:00+00:00,2026-09-30 20:59:59.999000+00:00,2669.62,2682.52,2668.64,2682.52,4612.4989
2026-09-30 21:00:00+00:00,2026-09-30 21:59:59.999000+00:00,2682.51,2686.03,2682.0,2684.31,2830.6028
2026-09-30 22:00:00+00:00,2026-09-30 22:59:59.999000+00:00,2684.31,2692.56,2678.42,2687.0,4092.5852
2026-09-30 23:00:00+00:00,2026-09-30 23:59:59.999000+00:00,2687.0,2694.33,2684.52,2686.01,4215.2964
2026-10-01 00:00:00+00:00,2026-10-01 00:59:59.999000+00:00,2686.01,2688.12,2678.54,2684.96,6123.1644
2026-10-01 01:00:00+00:00,2026-10-01 01:59:59.999000+00:00,2684.95,2693.16,2684.4,2690.01,5249.0659
2026-10-01 02:00:00+00:00,2026-10-01 02:59:59.999000+00:00,2690.0,2694.61,2684.17,2687.02,8460.72
2026-10-01 03:00:00+00:00,2026-10-01 03:59:59.999000+00:00,2687.02,2696.94,2685.11,2696.07,5841.6964
2026-10-01 04:00:00+00:00,2026-10-01 04:59:59.999000+00:00,2696.08,2711.92,2693.46,2707.57,8537.0527
2026-10-01 05:00:00+00:00,2026-10-01 05:59:59.999000+00:00,2707.57,2719.96,2705.18,2717.96,7228.7817
2026-10-01 06:00:00+00:00,2026-10-01 06:59:59.999000+00:00,2717.96,2722.0,2712.04,2715.21,10046.8745
2026-10-01 07:00:00+00:00,2026-10-01 07:59:59.999000+00:00,2715.21,2721.01,2675.0,2677.48,24071.1691
2026-10-01 08:00:00+00:00,2026-10-01 08:59:59.999000+00:00,2677.47,2688.55,2673.13,2687.19,27349.6213
2026-10-01 09:00:00+00:00,2026-10-01 09:59:59.999000+00:00,2687.19,2699.0,2686.37,2691.18,8064.3247
2026-10-01 10:00:00+00:00,2026-10-01 10:59:59.999000+00:00,2691.18,2706.12,2677.0,2701.92,9316.3777
2026-10-01 11:00:00+00:00,2026-10-01 11:59:59.999000+00:00,2701.92,2708.63,2695.13,2706.56,6979.3011
2026-10-01 12:00:00+00:00,2026-10-01 12:59:59.999000+00:00,2706.56,2711.6,2688.52,2692.75,12190.9154
2026-10-01 13:00:00+00:00,2026-10-01 13:59:59.999000+00:00,2692.75,2702.04,2683.0,2697.67,13557.2367
2026-10-01 14:00:00+00:00,2026-10-01 14:59:59.999000+00:00,2697.66,2705.35,2681.6,2690.16,17869.6103
2026-10-01 15:00:00+00:00,2026-10-01 15:59:59.999000+00:00,2690.17,2696.38,2673.42,2682.69,25206.3288
2026-10-01 16:00:00+00:00,2026-10-01 16:59:59.999000+00:00,2682.68,2694.52,2676.35,2680.27,15940.3055
2026-10-01 17:00:00+00:00,2026-10-01 17:59:59.999000+00:00,2680.26,2713.0,2680.25,2701.05,17092.8051
2026-10-01 18:00:00+00:00,2026-10-01 18:59:59.999000+00:00,2701.05,2714.76,2693.28,2700.38,10187.2986
2026-10-01 19:00:00+00:00,2026-10-01 19:59:59.999000+00:00,2700.37,2706.24,2692.75,2700.7,5958.7332
2026-10-01 20:00:00+00:00,2026-10-01 20:59:59.999000+00:00,2700.7,2706.55,2695.99,2698.82,5198.2971
2026-10-01 21:00:00+00:00,2026-10-01 21:59:59.999000+00:00,2698.82,2699.19,2689.47,2693.45,5216.9454
2026-10-01 22:00:00+00:00,2026-10-01 22:59:59.999000+00:00,2693.44,2704.08,2692.88,2703.23,5056.8302
2026-10-01 23:00:00+00:00,2026-10-01 23:59:59.999000+00:00,2703.23,2707.22,2698.5,2706.42,2648.6171
2026-10-02 00:00:00+00:00,2026-10-02 00:59:59.999000+00:00,2706.43,2709.4,2701.35,2708.38,3868.7533
2026-10-02 01:00:00+00:00,2026-10-02 01:59:59.999000+00:00,2708.37,2719.09,2696.56,2716.03,5890.7617
2026-10-02 02:00:00+00:00,2026-10-02 02:59:59.999000+00:00,2716.03,2723.0,2708.95,2721.04,10481.9869
2026-10-02 03:00:00+00:00,2026-10-02 03:59:59.999000+00:00,2721.05,2728.0,2714.6,2719.65,16633.8055
2026-10-02 04:00:00+00:00,2026-10-02 04:59:59.999000+00:00,2719.65,2748.0,2714.39,2742.76,28262.0914
2026-10-02 05:00:00+00:00,2026-10-02 05:59:59.999000+00:00,2742.76,2742.76,2712.57,2720.65,19724.5652
2026-10-02 06:00:00+00:00,2026-10-02 06:59:59.999000+00:00,2720.65,2733.45,2720.0,2729.42,11567.6756
2026-10-02 07:00:00+00:00,2026-10-02 07:59:59.999000+00:00,2729.42,2740.96,2723.69,2737.29,16811.1013
2026-10-02 08:00:00+00:00,2026-10-02 08:59:59.999000+00:00,2737.29,2777.33,2737.16,2753.74,34020.6193
2026-10-02 09:00:00+00:00,2026-10-02 09:59:59.999000+00:00,2753.73,2754.49,2743.51,2747.19,21045.6699
2026-10-02 10:00:00+00:00,2026-10-02 10:59:59.999000+00:00,2747.19,2753.36,2736.25,2743.48,8707.8374
2026-10-02 11:00:00+00:00,2026-10-02 11:59:59.999000+00:00,2743.49,2752.0,2741.69,2746.63,6292.436
2026-10-02 12:00:00+00:00,2026-10-02 12:59:59.999000+00:00,2746.63,2766.66,2738.03,2755.18,22352.6002
2026-10-02 13:00:00+00:00,2026-10-02 13:59:59.999000+00:00,2755.19,2769.68,2742.0,2744.53,14614.0165
2026-10-02 14:00:00+00:00,2026-10-02 14:59:59.999000+00:00,2744.53,2751.15,2698.92,2709.77,55857.6413
2026-10-02 15:00:00+00:00,2026-10-02 15:59:59.999000+00:00,2709.77,2712.43,2692.0,2697.36,57756.6719
2026-10-02 16:00:00+00:00,2026-10-02 16:59:59.999000+00:00,2697.36,2704.07,2687.33,2690.08,13305.7623
2026-10-02 17:00:00+00:00,2026-10-02 17:59:59.999000+00:00,2690.08,2693.05,2677.47,2684.49,15390.8261
2026-10-02 18:00:00+00:00,2026-10-02 18:59:59.999000+00:00,2684.48,2689.3,2650.88,2664.98,30173.5986
2026-10-02 19:00:00+00:00,2026-10-02 19:59:59.999000+00:00,2664.98,2671.73,2657.2,2668.04,10835.1118
2026-10-02 20:00:00+00:00,2026-10-02 20:59:59.999000+00:00,2668.04,2671.35,2659.02,2661.74,5700.7391
2026-10-02 21:00:00+00:00,2026-10-02 21:59:59.999000+00:00,2661.73,2666.29,2657.2,2665.45,5675.2139
2026-10-02 22:00:00+00:00,2026-10-02 22:59:59.999000+00:00,2665.45,2668.64,2661.25,2668.01,4887.2063
2026-10-02 23:00:00+00:00,2026-10-02 23:59:59.999000+00:00,2668.0,2670.13,2665.81,2668.59,3807.2762
2026-10-03 00:00:00+00:00,2026-10-03 00:59:59.999000+00:00,2668.59,2678.76,2665.67,2676.75,6619.4555
2026-10-03 01:00:00+00:00,2026-10-03 01:59:59.999000+00:00,2676.82,2684.61,2674.65,2679.76,4588.2893
2026-10-03 02:00:00+00:00,2026-10-03 02:59:59.999000+00:00,2679.76,2683.2,2676.2,2677.14,2822.6114
2026-10-03 03:00:00+00:00,2026-10-03 03:59:59.999000+00:00,2677.15,2682.04,2676.12,2682.04,2263.3866
2026-10-03 04:00:00+00:00,2026-10-03 04:59:59.999000+00:00,2682.04,2682.81,2672.34,2676.01,2993.4771
2026-10-03 05:00:00+00:00,2026-10-03 05:59:59.999000+00:00,2676.02,2678.52,2674.01,2677.74,3159.1057
2026-10-03 06:00:00+00:00,2026-10-03 06:59:59.999000+00:00,2677.74,2682.63,2675.8,2680.09,3009.6705
2026-10-03 07:00:00+00:00,2026-10-03 07:59:59.999000+00:00,2680.1,2683.46,2677.94,2681.51,4779.7412
2026-10-03 08:00:00+00:00,2026-10-03 08:59:59.999000+00:00,2681.51,2684.05,2678.1,2683.01,4283.8413
2026-10-03 09:00:00+00:00,2026-10-03 09:59:59.999000+00:00,2683.01,2686.88,2680.28,2680.73,3254.7533
2026-10-03 10:00:00+00:00,2026-10-03 10:59:59.999000+00:00,2680.72,2685.28,2679.83,2683.46,3455.8441
2026-10-03 11:00:00+00:00,2026-10-03 11:59:59.999000+00:00,2683.47,2686.43,2681.71,2684.55,2694.9712
2026-10-03 12:00:00+00:00,2026-10-03 12:59:59.999000+00:00,2684.54,2687.5,2680.49,2682.67,3084.5239
2026-10-03 13:00:00+00:00,2026-10-03 13:59:59.999000+00:00,2682.67,2682.78,2677.41,2681.99,2754.1799
2026-10-03 14:00:00+00:00,2026-10-03 14:59:59.999000+00:00,2681.99,2684.66,2678.83,2683.56,2465.5365
2026-10-03 15:00:00+00:00,2026-10-03 15:59:59.999000+00:00,2683.56,2683.56,2679.04,2681.69,4209.8861
2026-10-03 16:00:00+00:00,2026-10-03 16:59:59.999000+00:00,2681.69,2682.87,2678.79,2681.68,3907.3777
2026-10-03 17:00:00+00:00,2026-10-03 17:59:59.999000+00:00,2681.67,2689.89,2681.62,2689.01,5796.8577
2026-10-03 18:00:00+00:00,2026-10-03 18:59:59.999000+00:00,2689.01,2690.0,2683.72,2685.14,2637.3503
2026-10-03 19:00:00+00:00,2026-10-03 19:59:59.999000+00:00,2685.15,2685.97,2680.9,2685.47,2725.6562
2026-10-03 20:00:00+00:00,2026-10-03 20:59:59.999000+00:00,2685.47,2689.06,2685.46,2686.74,2487.8759
2026-10-03 21:00:00+00:00,2026-10-03 21:59:59.999000+00:00,2686.74,2688.06,2683.14,2685.18,2055.9708
2026-10-03 22:00:00+00:00,2026-10-03 22:59:59.999000+00:00,2685.18,2689.52,2684.06,2686.58,1813.6695
2026-10-03 23:00:00+00:00,2026-10-03 23:59:59.999000+00:00,2686.59,2688.27,2685.09,2687.23,1296.7803
2026-10-04 00:00:00+00:00,2026-10-04 00:59:59.999000+00:00,2687.24,2694.0,2686.54,2693.49,3489.2175
2026-10-04 01:00:00+00:00,2026-10-04 01:59:59.999000+00:00,2693.5,2695.0,2689.79,2694.79,2281.0769
2026-10-04 02:00:00+00:00,2026-10-04 02:59:59.999000+00:00,2694.8,2696.54,2692.01,2692.62,2523.627
2026-10-04 03:00:00+00:00,2026-10-04 03:59:59.999000+00:00,2692.62,2697.0,2691.75,2694.44,1848.4312
2026-10-04 04:00:00+00:00,2026-10-04 04:59:59.999000+00:00,2694.45,2696.13,2691.4,2692.4,821.477
2026-10-04 05:00:00+00:00,2026-10-04 05:59:59.999000+00:00,2692.41,2697.9,2692.4,2694.74,2148.4432
2026-10-04 06:00:00+00:00,2026-10-04 06:59:59.999000+00:00,2694.74,2697.42,2691.23,2696.19,3410.2238
2026-10-04 07:00:00+00:00,2026-10-04 07:59:59.999000+00:00,2696.2,2707.38,2692.0,2705.56,5073.9748
2026-10-04 08:00:00+00:00,2026-10-04 08:59:59.999000+00:00,2705.57,2707.99,2698.17,2700.38,4482.7996
2026-10-04 09:00:00+00:00,2026-10-04 09:59:59.999000+00:00,2700.37,2706.2,2697.87,2701.52,3316.5131
2026-10-04 10:00:00+00:00,2026-10-04 10:59:59.999000+00:00,2701.53,2707.47,2701.47,2701.48,3884.0128
2026-10-04 11:00:00+00:00,2026-10-04 11:59:59.999000+00:00,2701.49,2704.38,2699.63,2699.99,2296.7219
2026-10-04 12:00:00+00:00,2026-10-04 12:59:59.999000+00:00,2700.0,2703.43,2694.68,2695.23,4567.3261
2026-10-04 13:00:00+00:00,2026-10-04 13:59:59.999000+00:00,2695.23,2701.53,2694.74,2699.05,3905.3999
2026-10-04 14:00:00+00:00,2026-10-04 14:59:59.999000+00:00,2699.05,2699.31,2692.0,2697.47,4028.712
2026-10-04 15:00:00+00:00,2026-10-04 15:59:59.999000+00:00,2697.46,2704.96,2696.2,2698.99,4495.8777
2026-10-04 16:00:00+00:00,2026-10-04 16:59:59.999000+00:00,2698.98,2707.01,2696.27,2703.22,2846.9288
2026-10-04 17:00:00+00:00,2026-10-04 17:59:59.999000+00:00,2703.22,2705.74,2701.75,2702.14,2045.082
2026-10-04 18:00:00+00:00,2026-10-04 18:59:59.999000+00:00,2702.14,2702.21,2700.71,2701.03,1374.6887
2026-10-04 19:00:00+00:00,2026-10-04 19:59:59.999000+00:00,2701.02,2705.67,2700.71,2701.64,3088.0875
2026-10-04 20:00:00+00:00,2026-10-04 20:59:59.999000+00:00,2701.64,2706.79,2699.65,2705.74,4048.8886
2026-10-04 21:00:00+00:00,2026-10-04 21:59:59.999000+00:00,2705.73,2710.23,2701.32,2702.47,3458.9145
2026-10-04 22:00:00+00:00,2026-10-04 22:59:59.999000+00:00,2702.47,2736.85,2702.47,2730.9,20504.2685
2026-10-04 23:00:00+00:00,2026-10-04 23:59:59.999000+00:00,2730.9,2739.5,2724.67,2726.94,7963.1687
2026-10-05 00:00:00+00:00,2026-10-05 00:59:59.999000+00:00,2726.93,2731.51,2717.68,2729.29,9187.6777
2026-10-05 01:00:00+00:00,2026-10-05 01:59:59.999000+00:00,2729.28,2733.5,2721.88,2724.7,8667.4589
2026-10-05 02:00:00+00:00,2026-10-05 02:59:59.999000+00:00,2724.7,2738.0,2724.69,2731.12,12134.3954
2026-10-05 03:00:00+00:00,2026-10-05 03:59:59.999000+00:00,2731.12,2731.12,2713.73,2716.16,10695.6095
2026-10-05 04:00:00+00:00,2026-10-05 04:59:59.999000+00:00,2716.16,2718.07,2698.47,2702.87,11183.1112
2026-10-05 05:00:00+00:00,2026-10-05 05:59:59.999000+00:00,2702.87,2707.6,2694.88,2706.48,8171.2953
2026-10-05 06:00:00+00:00,2026-10-05 06:59:59.999000+00:00,2706.47,2728.88,2706.47,2725.9,8876.5874
2026-10-05 07:00:00+00:00,2026-10-05 07:59:59.999000+00:00,2725.9,2731.48,2720.64,2726.49,18621.5391
2026-10-05 08:00:00+00:00,2026-10-05 08:59:59.999000+00:00,2726.49,2734.55,2713.1,2721.32,9832.642
2026-10-05 09:00:00+00:00,2026-10-05 09:59:59.999000+00:00,2721.33,2722.22,2716.42,2717.14,5405.8199
2026-10-05 10:00:00+00:00,2026-10-05 10:59:59.999000+00:00,2717.14,2720.82,2712.34,2717.5,4740.8548
2026-10-05 11:00:00+00:00,2026-10-05 11:59:59.999000+00:00,2717.5,2723.99,2711.22,2718.39,5057.1657
2026-10-05 12:00:00+00:00,2026-10-05 12:59:59.999000+00:00,2718.39,2720.68,2709.31,2711.06,3994.6211
2026-10-05 13:00:00+00:00,2026-10-05 13:59:59.999000+00:00,2711.06,2726.3,2711.05,2722.86,7911.6444
2026-10-05 14:00:00+00:00,2026-10-05 14:59:59.999000+00:00,2722.85,2730.28,2696.54,2704.57,16101.6344
2026-10-05 15:00:00+00:00,2026-10-05 15:59:59.999000+00:00,2704.57,2705.9,2695.33,2697.23,7570.4707
2026-10-05 16:00:00+00:00,2026-10-05 16:59:59.999000+00:00,2697.23,2715.8,2679.63,2696.21,98603.7222
2026-10-05 17:00:00+00:00,2026-10-05 17:59:59.999000+00:00,2696.21,2706.58,2693.45,2705.63,4549.7951
2026-10-05 18:00:00+00:00,2026-10-05 18:59:59.999000+00:00,2705.64,2710.98,2704.41,2710.56,3807.8546
2026-10-05 19:00:00+00:00,2026-10-05 19:59:59.999000+00:00,2710.56,2712.88,2706.6,2709.25,3427.6678
2026-10-05 20:00:00+00:00,2026-10-05 20:59:59.999000+00:00,2709.25,2715.33,2706.52,2712.58,3151.3853
2026-10-05 21:00:00+00:00,2026-10-05 21:59:59.999000+00:00,2712.58,2718.65,2710.9,2718.0,2523.8012
2026-10-05 22:00:00+00:00,2026-10-05 22:59:59.999000+00:00,2718.01,2722.0,2714.9,2716.0,3384.4893
2026-10-05 23:00:00+00:00,2026-10-05 23:59:59.999000+00:00,2715.99,2719.33,2709.51,2709.98,2866.6364
2026-10-06 00:00:00+00:00,2026-10-06 00:59:59.999000+00:00,2709.99,2718.45,2709.99,2718.44,3621.7663
2026-10-06 01:00:00+00:00,2026-10-06 01:59:59.999000+00:00,2718.45,2723.56,2706.78,2707.88,5275.6227
2026-10-06 02:00:00+00:00,2026-10-06 02:59:59.999000+00:00,2707.88,2710.5,2700.83,2702.14,4854.363
2026-10-06 03:00:00+00:00,2026-10-06 03:59:59.999000+00:00,2702.14,2703.79,2693.0,2699.32,5327.7987
2026-10-06 04:00:00+00:00,2026-10-06 04:59:59.999000+00:00,2699.33,2704.96,2698.4,2702.47,2877.125
2026-10-06 05:00:00+00:00,2026-10-06 05:59:59.999000+00:00,2702.46,2706.28,2699.35,2699.56,4100.2819
2026-10-06 06:00:00+00:00,2026-10-06 06:59:59.999000+00:00,2699.57,2699.6,2690.4,2697.71,6012.9425
2026-10-06 07:00:00+00:00,2026-10-06 07:59:59.999000+00:00,2697.71,2710.0,2695.48,2707.69,9940.2262
2026-10-06 08:00:00+00:00,2026-10-06 08:59:59.999000+00:00,2707.69,2716.85,2707.69,2716.85,12089.0421
2026-10-06 09:00:00+00:00,2026-10-06 09:59:59.999000+00:00,2716.85,2719.0,2694.26,2710.75,16622.819
2026-10-06 10:00:00+00:00,2026-10-06 10:59:59.999000+00:00,2710.74,2717.6,2708.99,2713.94,5563.4067
2026-10-06 11:00:00+00:00,2026-10-06 11:59:59.999000+00:00,2713.93,2717.88,2709.5,2714.09,5738.7753
2026-10-06 12:00:00+00:00,2026-10-06 12:59:59.999000+00:00,2714.09,2718.49,2707.17,2715.73,5062.015
2026-10-06 13:00:00+00:00,2026-10-06 13:59:59.999000+00:00,2715.72,2720.0,2709.21,2714.79,9902.9017
2026-10-06 14:00:00+00:00,2026-10-06 14:59:59.999000+00:00,2714.79,2723.0,2706.01,2722.24,10833.0428
2026-10-06 15:00:00+00:00,2026-10-06 15:59:59.999000+00:00,2722.25,2725.13,2701.55,2702.04,10917.4861
2026-10-06 16:00:00+00:00,2026-10-06 16:59:59.999000+00:00,2702.04,2707.57,2694.45,2695.58,34491.3999
2026-10-06 17:00:00+00:00,2026-10-06 17:59:59.999000+00:00,2695.59,2700.09,2689.26,2699.28,25867.7536
2026-10-06 18:00:00+00:00,2026-10-06 18:59:59.999000+00:00,2699.29,2702.63,2689.26,2690.45,16791.6372
2026-10-06 19:00:00+00:00,2026-10-06 19:59:59.999000+00:00,2690.45,2692.83,2683.73,2691.91,17262.4865
2026-10-06 20:00:00+00:00,2026-10-06 20:59:59.999000+00:00,2691.91,2698.57,2690.78,2698.46,9223.5356
2026-10-06 21:00:00+00:00,2026-10-06 21:59:59.999000+00:00,2698.46,2698.98,2694.63,2698.06,3014.6828
2026-10-06 22:00:00+00:00,2026-10-06 22:59:59.999000+00:00,2698.05,2699.99,2695.13,2696.62,2683.8806
2026-10-06 23:00:00+00:00,2026-10-06 23:59:59.999000+00:00,2696.61,2700.54,2693.78,2697.49,3600.4114
2026-10-07 00:00:00+00:00,2026-10-07 00:59:59.999000+00:00,2697.49,2699.8,2693.78,2696.93,2402.3136
2026-10-07 01:00:00+00:00,2026-10-07 01:59:59.999000+00:00,2696.92,2696.93,2657.27,2657.58,20826.883
2026-10-07 02:00:00+00:00,2026-10-07 02:59:59.999000+00:00,2657.58,2660.0,2591.71,2612.54,72788.369
2026-10-07 03:00:00+00:00,2026-10-07 03:59:59.999000+00:00,2612.54,2619.0,2603.79,2611.14,21694.3664
2026-10-07 04:00:00+00:00,2026-10-07 04:59:59.999000+00:00,2611.14,2614.66,2605.24,2610.31,16877.7228
2026-10-07 05:00:00+00:00,2026-10-07 05:59:59.999000+00:00,2610.32,2622.0,2609.84,2620.9,16750.7293
2026-10-07 06:00:00+00:00,2026-10-07 06:59:59.999000+00:00,2620.89,2623.83,2608.93,2618.0,17517.1179
2026-10-07 07:00:00+00:00,2026-10-07 07:59:59.999000+00:00,2618.0,2622.04,2615.5,2616.32,11345.677
2026-10-07 08:00:00+00:00,2026-10-07 08:59:59.999000+00:00,2616.33,2619.68,2609.27,2609.99,33190.4397
2026-10-07 09:00:00+00:00,2026-10-07 09:59:59.999000+00:00,2609.99,2611.85,2592.98,2596.99,16204.7204
2026-10-07 10:00:00+00:00,2026-10-07 10:59:59.999000+00:00,2597.0,2598.0,2565.01,2579.89,27889.3927
2026-10-07 11:00:00+00:00,2026-10-07 11:59:59.999000+00:00,2579.9,2583.46,2572.0,2578.94,12656.4318
2026-10-07 12:00:00+00:00,2026-10-07 12:59:59.999000+00:00,2578.94,2584.74,2566.69,2572.94,12837.5495
2026-10-07 13:00:00+00:00,2026-10-07 13:59:59.999000+00:00,2572.95,2577.0,2552.26,2569.44,29239.44
2026-10-07 14:00:00+00:00,2026-10-07 14:59:59.999000+00:00,2569.43,2570.62,2557.67,2563.8,14558.5139
2026-10-07 15:00:00+00:00,2026-10-07 15:59:59.999000+00:00,2563.8,2570.83,2559.0,2570.73,22388.4046
2026-10-07 16:00:00+00:00,2026-10-07 16:59:59.999000+00:00,2570.74,2579.59,2564.88,2568.52,17891.3154
2026-10-07 17:00:00+00:00,2026-10-07 17:59:59.999000+00:00,2568.51,2573.41,2538.06,2551.63,23206.3947
2026-10-07 18:00:00+00:00,2026-10-07 18:59:59.999000+00:00,2551.63,2566.52,2551.62,2562.98,8336.9122
2026-10-07 19:00:00+00:00,2026-10-07 19:59:59.999000+00:00,2562.98,2571.38,2560.85,2571.09,7810.0805
2026-10-07 20:00:00+00:00,2026-10-07 20:59:59.999000+00:00,2571.1,2578.51,2568.62,2574.52,8792.9089
2026-10-07 21:00:00+00:00,2026-10-07 21:59:59.999000+00:00,2574.52,2575.09,2565.47,2567.69,8946.1198
2026-10-07 22:00:00+00:00,2026-10-07 22:59:59.999000+00:00,2567.7,2571.15,2564.77,2569.8,5056.1816
2026-10-07 23:00:00+00:00,2026-10-07 23:59:59.999000+00:00,2569.8,2578.5,2567.02,2574.14,7199.8756
2026-10-08 00:00:00+00:00,2026-10-08 00:59:59.999000+00:00,2574.15,2577.63,2570.12,2575.75,10625.9767
2026-10-08 01:00:00+00:00,2026-10-08 01:59:59.999000+00:00,2575.75,2587.28,2575.0,2578.04,7874.0777
2026-10-08 02:00:00+00:00,2026-10-08 02:59:59.999000+00:00,2578.04,2585.91,2572.51,2580.32,8365.1282
2026-10-08 03:00:00+00:00,2026-10-08 03:59:59.999000+00:00,2580.31,2580.9,2563.55,2564.34,10284.8173
2026-10-08 04:00:00+00:00,2026-10-08 04:59:59.999000+00:00,2564.35,2575.11,2545.19,2562.56,18752.2392
