open_time,close_time,open,high,low,close,volume
2026-04-10 16:00:00+00:00,2026-04-10 19:59:59.999000+00:00,2.985e-05,3.027e-05,2.927e-05,2.986e-05,27061838969.0
2026-04-10 20:00:00+00:00,2026-04-10 23:59:59.999000+00:00,2.987e-05,2.993e-05,2.935e-05,2.944e-05,12594371668.0
2026-04-11 00:00:00+00:00,2026-04-11 03:59:59.999000+00:00,2.944e-05,2.949e-05,2.915e-05,2.921e-05,6514884183.0
2026-04-11 04:00:00+00:00,2026-04-11 07:59:59.999000+00:00,2.92e-05,2.925e-05,2.877e-05,2.892e-05,9601471033.0
2026-04-11 08:00:00+00:00,2026-04-11 11:59:59.999000+00:00,2.892e-05,2.919e-05,2.886e-05,2.905e-05,11482397090.0
2026-04-11 12:00:00+00:00,2026-04-11 15:59:59.999000+00:00,2.904e-05,2.923e-05,2.88e-05,2.921e-05,9587287744.0
2026-04-11 16:00:00+00:00,2026-04-11 19:59:59.999000+00:00,2.921e-05,2.998e-05,2.914e-05,2.996e-05,16588188595.0
2026-04-11 20:00:00+00:00,2026-04-11 23:59:59.999000+00:00,2.997e-05,3.014e-05,2.906e-05,2.919e-05,32134371191.0
2026-04-12 00:00:00+00:00,2026-04-12 03:59:59.999000+00:00,2.919e-05,2.921e-05,2.769e-05,2.783e-05,26556059384.0
2026-04-12 04:00:00+00:00,2026-04-12 07:59:59.999000+00:00,2.783e-05,2.823e-05,2.762e-05,2.798e-05,22501368070.0
2026-04-12 08:00:00+00:00,2026-04-12 11:59:59.999000+00:00,2.797e-05,2.803e-05,2.776e-05,2.788e-05,7645640193.0
2026-04-12 12:00:00+00:00,2026-04-12 15:59:59.999000+00:00,2.787e-05,2.81e-05,2.754e-05,2.767e-05,11082476149.0
2026-04-12 16:00:00+00:00,2026-04-12 19:59:59.999000+00:00,2.766e-05,2.811e-05,2.763e-05,2.78e-05,7202051364.0
2026-04-12 20:00:00+00:00,2026-04-12 23:59:59.999000+00:00,2.78e-05,2.801e-05,2.739e-05,2.748e-05,8375228669.0
2026-04-13 00:00:00+00:00,2026-04-13 03:59:59.999000+00:00,2.748e-05,2.78e-05,2.739e-05,2.767e-05,7242966516.0
2026-04-13 04:00:00+00:00,2026-04-13 07:59:59.999000+00:00,2.767e-05,2.785e-05,2.75e-05,2.75e-05,5576204317.0
2026-04-13 08:00:00+00:00,2026-04-13 11:59:59.999000+00:00,2.749e-05,2.77e-05,2.743e-05,2.755e-05,6832954743.0
2026-04-13 12:00:00+00:00,2026-04-13 15:59:59.999000+00:00,2.754e-05,2.832e-05,2.75e-05,2.8e-05,11685211998.0
2026-04-13 16:00:00+00:00,2026-04-13 19:59:59.999000+00:00,2.799e-05,2.86e-05,2.787e-05,2.857e-05,11262962919.0
2026-04-13 20:00:00+00:00,2026-04-13 23:59:59.999000+00:00,2.857e-05,2.976e-05,2.828e-05,2.971e-05,28109849968.0
2026-04-14 00:00:00+00:00,2026-04-14 03:59:59.999000+00:00,2.972e-05,2.998e-05,2.908e-05,2.909e-05,21983651009.0
2026-04-14 04:00:00+00:00,2026-04-14 07:59:59.999000+00:00,2.91e-05,2.931e-05,2.848e-05,2.869e-05,19228596897.0
2026-04-14 08:00:00+00:00,2026-04-14 11:59:59.999000+00:00,2.869e-05,2.914e-05,2.868e-05,2.883e-05,18990623278.0
2026-04-14 12:00:00+00:00,2026-04-14 15:59:59.999000+00:00,2.883e-05,2.95e-05,2.863e-05,2.874e-05,30037609857.0
2026-04-14 16:00:00+00:00,2026-04-14 19:59:59.999000+00:00,2.875e-05,2.893e-05,2.78e-05,2.809e-05,25664893082.0
2026-04-14 20:00:00+00:00,2026-04-14 23:59:59.999000+00:00,2.809e-05,2.82e-05,2.785e-05,2.799e-05,9531247856.0
2026-04-15 00:00:00+00:00,2026-04-15 03:59:59.999000+00:00,2.798e-05,2.839e-05,2.794e-05,2.827e-05,7544563629.0
2026-04-15 04:00:00+00:00,2026-04-15 07:59:59.999000+00:00,2.826e-05,2.844e-05,2.781e-05,2.787e-05,12873413596.0
2026-04-15 08:00:00+00:00,2026-04-15 11:59:59.999000+00:00,2.788e-05,2.848e-05,2.785e-05,2.837e-05,8022706581.0
2026-04-15 12:00:00+00:00,2026-04-15 15:59:59.999000+00:00,2.836e-05,2.877e-05,2.831e-05,2.854e-05,14795313177.0
2026-04-15 16:00:00+00:00,2026-04-15 19:59:59.999000+00:00,2.855e-05,2.938e-05,2.851e-05,2.922e-05,17836262444.0
2026-04-15 20:00:00+00:00,2026-04-15 23:59:59.999000+00:00,2.922e-05,2.938e-05,2.879e-05,2.898e-05,15836189988.0
2026-04-16 00:00:00+00:00,2026-04-16 03:59:59.999000+00:00,2.899e-05,3.083e-05,2.882e-05,3.068e-05,54881482689.0
2026-04-16 04:00:00+00:00,2026-04-16 07:59:59.999000+00:00,3.067e-05,3.11e-05,3.008e-05,3.03e-05,49290862470.0
2026-04-16 08:00:00+00:00,2026-04-16 11:59:59.999000+00:00,3.03e-05,3.037e-05,2.963e-05,2.991e-05,27751688407.0
2026-04-16 12:00:00+00:00,2026-04-16 15:59:59.999000+00:00,2.99e-05,3.092e-05,2.941e-05,3.088e-05,65895492856.0
2026-04-16 16:00:00+00:00,2026-04-16 19:59:59.999000+00:00,3.089e-05,3.265e-05,3.063e-05,3.23e-05,110525030430.0
2026-04-16 20:00:00+00:00,2026-04-16 23:59:59.999000+00:00,3.229e-05,3.274e-05,3.171e-05,3.207e-05,56728688076.0
2026-04-17 00:00:00+00:00,2026-04-17 03:59:59.999000+00:00,3.207e-05,3.275e-05,3.143e-05,3.153e-05,46690678205.0
2026-04-17 04:00:00+00:00,2026-04-17 07:59:59.999000+00:00,3.153e-05,3.176e-05,3.082e-05,3.171e-05,34966857430.0
2026-04-17 08:00:00+00:00,2026-04-17 11:59:59.999000+00:00,3.171e-05,3.2e-05,3.11e-05,3.17e-05,40224602812.0
2026-04-17 12:00:00+00:00,2026-04-17 15:59:59.999000+00:00,3.171e-05,3.341e-05,3.157e-05,3.259e-05,73319009027.0
2026-04-17 16:00:00+00:00,2026-04-17 19:59:59.999000+00:00,3.26e-05,3.319e-05,3.237e-05,3.262e-05,33590324870.0
2026-04-17 20:00:00+00:00,2026-04-17 23:59:59.999000+00:00,3.263e-05,3.287e-05,3.216e-05,3.225e-05,16124963273.0
2026-04-18 00:00:00+00:00,2026-04-18 03:59:59.999000+00:00,3.224e-05,3.242e-05,3.195e-05,3.202e-05,22276142028.0
2026-04-18 04:00:00+00:00,2026-04-18 07:59:59.999000+00:00,3.201e-05,3.249e-05,3.182e-05,3.24e-05,14998152589.0
2026-04-18 08:00:00+00:00,2026-04-18 11:59:59.999000+00:00,3.24e-05,3.243e-05,3.062e-05,3.082e-05,55588043187.0
2026-04-18 12:00:00+00:00,2026-04-18 15:59:59.999000+00:00,3.081e-05,3.142e-05,3.053e-05,3.12e-05,39771564679.0
2026-04-18 16:00:00+00:00,2026-04-18 19:59:59.999000+00:00,3.119e-05,3.132e-05,3.066e-05,3.08e-05,20028544290.0
2026-04-18 20:00:00+00:00,2026-04-18 23:59:59.999000+00:00,3.079e-05,3.099e-05,3.067e-05,3.071e-05,9159523961.0
2026-04-19 00:00:00+00:00,2026-04-19 03:59:59.999000+00:00,3.071e-05,3.08e-05,2.998e-05,3.041e-05,22545355299.0
2026-04-19 04:00:00+00:00,2026-04-19 07:59:59.999000+00:00,3.041e-05,3.06e-05,2.99e-05,3.022e-05,20127042234.0
2026-04-19 08:00:00+00:00,2026-04-19 11:59:59.999000+00:00,3.022e-05,3.053e-05,2.996e-05,3.039e-05,12473278199.0
2026-04-19 12:00:00+00:00,2026-04-19 15:59:59.999000+00:00,3.038e-05,3.255e-05,3.036e-05,3.15e-05,131438003708.0
2026-04-19 16:00:00+00:00,2026-04-19 19:59:59.999000+00:00,3.15e-05,3.157e-05,3.03e-05,3.145e-05,57904023705.0
2026-04-19 20:00:00+00:00,2026-04-19 23:59:59.999000+00:00,3.146e-05,3.147e-05,3.019e-05,3.039e-05,31074131619.0
2026-04-20 00:00:00+00:00,2026-04-20 03:59:59.999000+00:00,3.039e-05,3.141e-05,3.029e-05,3.131e-05,19267714395.0
2026-04-20 04:00:00+00:00,2026-04-20 07:59:59.999000+00:00,3.131e-05,3.18e-05,3.078e-05,3.15e-05,32171442417.0
2026-04-20 08:00:00+00:00,2026-04-20 11:59:59.999000+00:00,3.151e-05,3.19e-05,3.116e-05,3.159e-05,30965571437.0
2026-04-20 12:00:00+00:00,2026-04-20 15:59:59.999000+00:00,3.159e-05,3.178e-05,3.101e-05,3.138e-05,29915491688.0
2026-04-20 16:00:00+00:00,2026-04-20 19:59:59.999000+00:00,3.139e-05,3.173e-05,3.113e-05,3.157e-05,19365682277.0
2026-04-20 20:00:00+00:00,2026-04-20 23:59:59.999000+00:00,3.157e-05,3.203e-05,3.123e-05,3.135e-05,18480303857.0
2026-04-21 00:00:00+00:00,2026-04-21 03:59:59.999000+00:00,3.135e-05,3.163e-05,3.105e-05,3.114e-05,12706078737.0
2026-04-21 04:00:00+00:00,2026-04-21 07:59:59.999000+00:00,3.114e-05,3.158e-05,3.109e-05,3.133e-05,12942413673.0
2026-04-21 08:00:00+00:00,2026-04-21 11:59:59.999000+00:00,3.132e-05,3.187e-05,3.128e-05,3.16e-05,18310323279.0
2026-04-21 12:00:00+00:00,2026-04-21 15:59:59.999000+00:00,3.161e-05,3.172e-05,3.12e-05,3.144e-05,19947130044.0
2026-04-21 16:00:00+00:00,2026-04-21 19:59:59.999000+00:00,3.145e-05,3.163e-05,3.05e-05,3.059e-05,26747028851.0
2026-04-21 20:00:00+00:00,2026-04-21 23:59:59.999000+00:00,3.058e-05,3.134e-05,3.055e-05,3.131e-05,13798096711.0
2026-04-22 00:00:00+00:00,2026-04-22 03:59:59.999000+00:00,3.131e-05,3.207e-05,3.111e-05,3.181e-05,19480652609.0
2026-04-22 04:00:00+00:00,2026-04-22 07:59:59.999000+00:00,3.182e-05,3.252e-05,3.176e-05,3.246e-05,26083706620.0
2026-04-22 08:00:00+00:00,2026-04-22 11:59:59.999000+00:00,3.246e-05,3.397e-05,3.246e-05,3.394e-05,45253872985.0
2026-04-22 12:00:00+00:00,2026-04-22 15:59:59.999000+00:00,3.395e-05,3.424e-05,3.319e-05,3.372e-05,67547879720.0
2026-04-22 16:00:00+00:00,2026-04-22 19:59:59.999000+00:00,3.373e-05,3.404e-05,3.284e-05,3.308e-05,31716149269.0
2026-04-22 20:00:00+00:00,2026-04-22 23:59:59.999000+00:00,3.307e-05,3.31e-05,3.235e-05,3.236e-05,20878495776.0
2026-04-23 00:00:00+00:00,2026-04-23 03:59:59.999000+00:00,3.236e-05,3.253e-05,3.185e-05,3.203e-05,24097624190.0
2026-04-23 04:00:00+00:00,2026-04-23 07:59:59.999000+00:00,3.203e-05,3.281e-05,3.175e-05,3.267e-05,32571539325.0
2026-04-23 08:00:00+00:00,2026-04-23 11:59:59.999000+00:00,3.267e-05,3.323e-05,3.216e-05,3.297e-05,43633337383.0
2026-04-23 12:00:00+00:00,2026-04-23 15:59:59.999000+00:00,3.298e-05,3.455e-05,3.298e-05,3.395e-05,56070002188.0
2026-04-23 16:00:00+00:00,2026-04-23 19:59:59.999000+00:00,3.395e-05,3.405e-05,3.258e-05,3.329e-05,50809373912.0
2026-04-23 20:00:00+00:00,2026-04-23 23:59:59.999000+00:00,3.33e-05,3.389e-05,3.324e-05,3.378e-05,18123065773.0
2026-04-24 00:00:00+00:00,2026-04-24 03:59:59.999000+00:00,3.379e-05,3.395e-05,3.313e-05,3.33e-05,15469403428.0
2026-04-24 04:00:00+00:00,2026-04-24 07:59:59.999000+00:00,3.329e-05,3.352e-05,3.28e-05,3.339e-05,16103984750.0
2026-04-24 08:00:00+00:00,2026-04-24 11:59:59.999000+00:00,3.338e-05,3.378e-05,3.311e-05,3.357e-05,13693545200.0
2026-04-24 12:00:00+00:00,2026-04-24 15:59:59.999000+00:00,3.358e-05,3.374e-05,3.307e-05,3.352e-05,14006560401.0
2026-04-24 16:00:00+00:00,2026-04-24 19:59:59.999000+00:00,3.353e-05,3.353e-05,3.291e-05,3.328e-05,13341130786.0
2026-04-24 20:00:00+00:00,2026-04-24 23:59:59.999000+00:00,3.328e-05,3.362e-05,3.29e-05,3.3e-05,12976632847.0
2026-04-25 00:00:00+00:00,2026-04-25 03:59:59.999000+00:00,3.299e-05,3.32e-05,3.288e-05,3.311e-05,7477497898.0
2026-04-25 04:00:00+00:00,2026-04-25 07:59:59.999000+00:00,3.312e-05,3.319e-05,3.284e-05,3.294e-05,12824085697.0
2026-04-25 08:00:00+00:00,2026-04-25 11:59:59.999000+00:00,3.293e-05,3.326e-05,3.267e-05,3.274e-05,8891995634.0
2026-04-25 12:00:00+00:00,2026-04-25 15:59:59.999000+00:00,3.274e-05,3.286e-05,3.238e-05,3.25e-05,10695546502.0
2026-04-25 16:00:00+00:00,2026-04-25 19:59:59.999000+00:00,3.25e-05,3.255e-05,3.19e-05,3.196e-05,12431406771.0
2026-04-25 20:00:00+00:00,2026-04-25 23:59:59.999000+00:00,3.196e-05,3.231e-05,3.188e-05,3.225e-05,5848624200.0
2026-04-26 00:00:00+00:00,2026-04-26 03:59:59.999000+00:00,3.224e-05,3.227e-05,3.197e-05,3.208e-05,5381243258.0
2026-04-26 04:00:00+00:00,2026-04-26 07:59:59.999000+00:00,3.208e-05,3.276e-05,3.197e-05,3.265e-05,9573227083.0
2026-04-26 08:00:00+00:00,2026-04-26 11:59:59.999000+00:00,3.265e-05,3.323e-05,3.251e-05,3.314e-05,10474621310.0
2026-04-26 12:00:00+00:00,2026-04-26 15:59:59.999000+00:00,3.313e-05,3.334e-05,3.267e-05,3.309e-05,9343787658.0
2026-04-26 16:00:00+00:00,2026-04-26 19:59:59.999000+00:00,3.309e-05,3.322e-05,3.265e-05,3.312e-05,9995504036.0
2026-04-26 20:00:00+00:00,2026-04-26 23:59:59.999000+00:00,3.312e-05,3.331e-05,3.27e-05,3.297e-05,11464447126.0
2026-04-27 00:00:00+00:00,2026-04-27 03:59:59.999000+00:00,3.297e-05,3.388e-05,3.284e-05,3.347e-05,21004643391.0
2026-04-27 04:00:00+00:00,2026-04-27 07:59:59.999000+00:00,3.348e-05,3.353e-05,3.192e-05,3.2e-05,28932834151.0
2026-04-27 08:00:00+00:00,2026-04-27 11:59:59.999000+00:00,3.201e-05,3.226e-05,3.19e-05,3.218e-05,13300037251.0
2026-04-27 12:00:00+00:00,2026-04-27 15:59:59.999000+00:00,3.218e-05,3.284e-05,3.149e-05,3.17e-05,32862742017.0
2026-04-27 16:00:00+00:00,2026-04-27 19:59:59.999000+00:00,3.169e-05,3.189e-05,3.145e-05,3.171e-05,15171511906.0
2026-04-27 20:00:00+00:00,2026-04-27 23:59:59.999000+00:00,3.171e-05,3.229e-05,3.17e-05,3.223e-05,7075626271.0
2026-04-28 00:00:00+00:00,2026-04-28 03:59:59.999000+00:00,3.222e-05,3.232e-05,3.188e-05,3.201e-05,9051185965.0
2026-04-28 04:00:00+00:00,2026-04-28 07:59:59.999000+00:00,3.201e-05,3.254e-05,3.181e-05,3.203e-05,19929946012.0
2026-04-28 08:00:00+00:00,2026-04-28 11:59:59.999000+00:00,3.203e-05,3.23e-05,3.163e-05,3.17e-05,10066406437.0
2026-04-28 12:00:00+00:00,2026-04-28 15:59:59.999000+00:00,3.171e-05,3.205e-05,3.157e-05,3.202e-05,14384825231.0
2026-04-28 16:00:00+00:00,2026-04-28 19:59:59.999000+00:00,3.203e-05,3.224e-05,3.168e-05,3.214e-05,8983987471.0
2026-04-28 20:00:00+00:00,2026-04-28 23:59:59.999000+00:00,3.214e-05,3.221e-05,3.181e-05,3.192e-05,5951683826.0
2026-04-29 00:00:00+00:00,2026-04-29 03:59:59.999000+00:00,3.191e-05,3.242e-05,3.186e-05,3.241e-05,7193049618.0
2026-04-29 04:00:00+00:00,2026-04-29 07:59:59.999000+00:00,3.241e-05,3.278e-05,3.223e-05,3.259e-05,19103607440.0
2026-04-29 08:00:00+00:00,2026-04-29 11:59:59.999000+00:00,3.259e-05,3.437e-05,3.244e-05,3.348e-05,71588167484.0
2026-04-29 12:00:00+00:00,2026-04-29 15:59:59.999000+00:00,3.349e-05,3.355e-05,3.181e-05,3.188e-05,45207763261.0
2026-04-29 16:00:00+00:00,2026-04-29 19:59:59.999000+00:00,3.188e-05,3.232e-05,3.109e-05,3.159e-05,32209406376.0
2026-04-29 20:00:00+00:00,2026-04-29 23:59:59.999000+00:00,3.159e-05,3.237e-05,3.159e-05,3.232e-05,13808552778.0
2026-04-30 00:00:00+00:00,2026-04-30 03:59:59.999000+00:00,3.232e-05,3.284e-05,3.191e-05,3.227e-05,19368355720.0
2026-04-30 04:00:00+00:00,2026-04-30 07:59:59.999000+00:00,3.227e-05,3.236e-05,3.169e-05,3.234e-05,12975539172.0
2026-04-30 08:00:00+00:00,2026-04-30 11:59:59.999000+00:00,3.234e-05,3.269e-05,3.21e-05,3.228e-05,16301015853.0
2026-04-30 12:00:00+00:00,2026-04-30 15:59:59.999000+00:00,3.229e-05,3.26e-05,3.196e-05,3.252e-05,14058782369.0
2026-04-30 16:00:00+00:00,2026-04-30 19:59:59.999000+00:00,3.252e-05,3.265e-05,3.215e-05,3.218e-05,13830060202.0
2026-04-30 20:00:00+00:00,2026-04-30 23:59:59.999000+00:00,3.217e-05,3.224e-05,3.193e-05,3.207e-05,8290846372.0
2026-05-01 00:00:00+00:00,2026-05-01 03:59:59.999000+00:00,3.207e-05,3.302e-05,3.207e-05,3.28e-05,15671288728.0
2026-05-01 04:00:00+00:00,2026-05-01 07:59:59.999000+00:00,3.281e-05,3.296e-05,3.24e-05,3.25e-05,10244527766.0
2026-05-01 08:00:00+00:00,2026-05-01 11:59:59.999000+00:00,3.25e-05,3.274e-05,3.222e-05,3.253e-05,8063806689.0
2026-05-01 12:00:00+00:00,2026-05-01 15:59:59.999000+00:00,3.252e-05,3.31e-05,3.25e-05,3.294e-05,21809852785.0
2026-05-01 16:00:00+00:00,2026-05-01 19:59:59.999000+00:00,3.293e-05,3.302e-05,3.25e-05,3.253e-05,12516829698.0
2026-05-01 20:00:00+00:00,2026-05-01 23:59:59.999000+00:00,3.254e-05,3.26e-05,3.206e-05,3.223e-05,13477284536.0
2026-05-02 00:00:00+00:00,2026-05-02 03:59:59.999000+00:00,3.223e-05,3.251e-05,3.215e-05,3.222e-05,6293306641.0
2026-05-02 04:00:00+00:00,2026-05-02 07:59:59.999000+00:00,3.221e-05,3.23e-05,3.189e-05,3.216e-05,10595226614.0
2026-05-02 08:00:00+00:00,2026-05-02 11:59:59.999000+00:00,3.216e-05,3.235e-05,3.208e-05,3.214e-05,4583752368.0
2026-05-02 12:00:00+00:00,2026-05-02 15:59:59.999000+00:00,3.213e-05,3.254e-05,3.21e-05,3.251e-05,14696066110.0
2026-05-02 16:00:00+00:00,2026-05-02 19:59:59.999000+00:00,3.25e-05,3.263e-05,3.224e-05,3.247e-05,6513091597.0
2026-05-02 20:00:00+00:00,2026-05-02 23:59:59.999000+00:00,3.247e-05,3.267e-05,3.23e-05,3.243e-05,9086606490.0
2026-05-03 00:00:00+00:00,2026-05-03 03:59:59.999000+00:00,3.244e-05,3.249e-05,3.178e-05,3.191e-05,8931811354.0
2026-05-03 04:00:00+00:00,2026-05-03 07:59:59.999000+00:00,3.191e-05,3.196e-05,3.175e-05,3.179e-05,8514816363.0
2026-05-03 08:00:00+00:00,2026-05-03 11:59:59.999000+00:00,3.18e-05,3.201e-05,3.169e-05,3.188e-05,8460873459.0
2026-05-03 12:00:00+00:00,2026-05-03 15:59:59.999000+00:00,3.188e-05,3.213e-05,3.174e-05,3.178e-05,7553198221.0
2026-05-03 16:00:00+00:00,2026-05-03 19:59:59.999000+00:00,3.179e-05,3.206e-05,3.164e-05,3.198e-05,5509663551.0
2026-05-03 20:00:00+00:00,2026-05-03 23:59:59.999000+00:00,3.197e-05,3.231e-05,3.176e-05,3.189e-05,8939028273.0
2026-05-04 00:00:00+00:00,2026-05-04 03:59:59.999000+00:00,3.188e-05,3.302e-05,3.165e-05,3.281e-05,24279280340.0
2026-05-04 04:00:00+00:00,2026-05-04 07:59:59.999000+00:00,3.282e-05,3.304e-05,3.221e-05,3.241e-05,16724131336.0
2026-05-04 08:00:00+00:00,2026-05-04 11:59:59.999000+00:00,3.24e-05,3.274e-05,3.159e-05,3.183e-05,22926138253.0
2026-05-04 12:00:00+00:00,2026-05-04 15:59:59.999000+00:00,3.183e-05,3.256e-05,3.165e-05,3.2e-05,29049400168.0
2026-05-04 16:00:00+00:00,2026-05-04 19:59:59.999000+00:00,3.199e-05,3.237e-05,3.184e-05,3.2e-05,14926350938.0
2026-05-04 20:00:00+00:00,2026-05-04 23:59:59.999000+00:00,3.2e-05,3.221e-05,3.176e-05,3.182e-05,9103844038.0
2026-05-05 00:00:00+00:00,2026-05-05 03:59:59.999000+00:00,3.183e-05,3.258e-05,3.183e-05,3.246e-05,11152022800.0
2026-05-05 04:00:00+00:00,2026-05-05 07:59:59.999000+00:00,3.246e-05,3.299e-05,3.231e-05,3.286e-05,25635121718.0
2026-05-05 08:00:00+00:00,2026-05-05 11:59:59.999000+00:00,3.287e-05,3.337e-05,3.272e-05,3.304e-05,42585936684.0
2026-05-05 12:00:00+00:00,2026-05-05 15:59:59.999000+00:00,3.304e-05,3.333e-05,3.271e-05,3.298e-05,27287894747.0
2026-05-05 16:00:00+00:00,2026-05-05 19:59:59.999000+00:00,3.298e-05,3.328e-05,3.277e-05,3.323e-05,15673496884.0
2026-05-05 20:00:00+00:00,2026-05-05 23:59:59.999000+00:00,3.324e-05,3.36e-05,3.28e-05,3.299e-05,23806497652.0
2026-05-06 00:00:00+00:00,2026-05-06 03:59:59.999000+00:00,3.298e-05,3.391e-05,3.28e-05,3.379e-05,22496989747.0
2026-05-06 04:00:00+00:00,2026-05-06 07:59:59.999000+00:00,3.38e-05,3.399e-05,3.342e-05,3.372e-05,26564737269.0
2026-05-06 08:00:00+00:00,2026-05-06 11:59:59.999000+00:00,3.371e-05,3.431e-05,3.367e-05,3.425e-05,24177603403.0
2026-05-06 12:00:00+00:00,2026-05-06 15:59:59.999000+00:00,3.425e-05,3.435e-05,3.292e-05,3.348e-05,37414461404.0
2026-05-06 16:00:00+00:00,2026-05-06 19:59:59.999000+00:00,3.347e-05,3.371e-05,3.326e-05,3.345e-05,15270032014.0
2026-05-06 20:00:00+00:00,2026-05-06 23:59:59.999000+00:00,3.345e-05,3.38e-05,3.324e-05,3.358e-05,16966983787.0
2026-05-07 00:00:00+00:00,2026-05-07 03:59:59.999000+00:00,3.357e-05,3.362e-05,3.285e-05,3.322e-05,16734461231.0
2026-05-07 04:00:00+00:00,2026-05-07 07:59:59.999000+00:00,3.322e-05,3.511e-05,3.314e-05,3.499e-05,42567449854.0
2026-05-07 08:00:00+00:00,2026-05-07 11:59:59.999000+00:00,3.499e-05,3.564e-05,3.451e-05,3.523e-05,51347991721.0
2026-05-07 12:00:00+00:00,2026-05-07 15:59:59.999000+00:00,3.524e-05,3.605e-05,3.431e-05,3.446e-05,62679258035.0
2026-05-07 16:00:00+00:00,2026-05-07 19:59:59.999000+00:00,3.446e-05,3.56e-05,3.44e-05,3.542e-05,33564368849.0
2026-05-07 20:00:00+00:00,2026-05-07 23:59:59.999000+00:00,3.543e-05,3.576e-05,3.461e-05,3.503e-05,26214527488.0
2026-05-08 00:00:00+00:00,2026-05-08 03:59:59.999000+00:00,3.503e-05,3.56e-05,3.47e-05,3.541e-05,21449661234.0
2026-05-08 04:00:00+00:00,2026-05-08 07:59:59.999000+00:00,3.54e-05,3.571e-05,3.496e-05,3.545e-05,19724236151.0
2026-05-08 08:00:00+00:00,2026-05-08 11:59:59.999000+00:00,3.544e-05,3.643e-05,3.54e-05,3.632e-05,37211060419.0
2026-05-08 12:00:00+00:00,2026-05-08 15:59:59.999000+00:00,3.633e-05,3.721e-05,3.563e-05,3.713e-05,44635272280.0
2026-05-08 16:00:00+00:00,2026-05-08 19:59:59.999000+00:00,3.714e-05,3.743e-05,3.663e-05,3.672e-05,27995574793.0
2026-05-08 20:00:00+00:00,2026-05-08 23:59:59.999000+00:00,3.673e-05,3.709e-05,3.659e-05,3.692e-05,9905947317.0
2026-05-09 00:00:00+00:00,2026-05-09 03:59:59.999000+00:00,3.691e-05,3.744e-05,3.682e-05,3.704e-05,12929033394.0
2026-05-09 04:00:00+00:00,2026-05-09 07:59:59.999000+00:00,3.703e-05,3.72e-05,3.639e-05,3.649e-05,17203948414.0
2026-05-09 08:00:00+00:00,2026-05-09 11:59:59.999000+00:00,3.648e-05,3.667e-05,3.606e-05,3.636e-05,13354262857.0
2026-05-09 12:00:00+00:00,2026-05-09 15:59:59.999000+00:00,3.635e-05,3.639e-05,3.583e-05,3.596e-05,17369756920.0
2026-05-09 16:00:00+00:00,2026-05-09 19:59:59.999000+00:00,3.596e-05,3.63e-05,3.581e-05,3.62e-05,10537429711.0
2026-05-09 20:00:00+00:00,2026-05-09 23:59:59.999000+00:00,3.619e-05,3.626e-05,3.587e-05,3.599e-05,5637117745.0
2026-05-10 00:00:00+00:00,2026-05-10 03:59:59.999000+00:00,3.598e-05,3.611e-05,3.556e-05,3.595e-05,11770659741.0
2026-05-10 04:00:00+00:00,2026-05-10 07:59:59.999000+00:00,3.595e-05,3.627e-05,3.589e-05,3.605e-05,7200965006.0
2026-05-10 08:00:00+00:00,2026-05-10 11:59:59.999000+00:00,3.606e-05,3.666e-05,3.602e-05,3.609e-05,13262260310.0
2026-05-10 12:00:00+00:00,2026-05-10 15:59:59.999000+00:00,3.608e-05,3.71e-05,3.594e-05,3.709e-05,26153820963.0
2026-05-10 16:00:00+00:00,2026-05-10 19:59:59.999000+00:00,3.709e-05,3.834e-05,3.694e-05,3.773e-05,40089302155.0
2026-05-10 20:00:00+00:00,2026-05-10 23:59:59.999000+00:00,3.773e-05,3.792e-05,3.606e-05,3.734e-05,37559333472.0
2026-05-11 00:00:00+00:00,2026-05-11 03:59:59.999000+00:00,3.735e-05,3.75e-05,3.612e-05,3.649e-05,16826783169.0
2026-05-11 04:00:00+00:00,2026-05-11 07:59:59.999000+00:00,3.648e-05,3.696e-05,3.62e-05,3.663e-05,11803688751.0
2026-05-11 08:00:00+00:00,2026-05-11 11:59:59.999000+00:00,3.663e-05,3.72e-05,3.656e-05,3.701e-05,13371135679.0
2026-05-11 12:00:00+00:00,2026-05-11 15:59:59.999000+00:00,3.702e-05,3.735e-05,3.643e-05,3.732e-05,22743077592.0
2026-05-11 16:00:00+00:00,2026-05-11 19:59:59.999000+00:00,3.733e-05,3.766e-05,3.706e-05,3.732e-05,20859190842.0
2026-05-11 20:00:00+00:00,2026-05-11 23:59:59.999000+00:00,3.733e-05,3.741e-05,3.684e-05,3.705e-05,10853328608.0
2026-05-12 00:00:00+00:00,2026-05-12 03:59:59.999000+00:00,3.704e-05,3.706e-05,3.634e-05,3.654e-05,11540996420.0
2026-05-12 04:00:00+00:00,2026-05-12 07:59:59.999000+00:00,3.654e-05,3.694e-05,3.599e-05,3.626e-05,19439612592.0
2026-05-12 08:00:00+00:00,2026-05-12 11:59:59.999000+00:00,3.626e-05,3.633e-05,3.543e-05,3.57e-05,21501807480.0
2026-05-12 12:00:00+00:00,2026-05-12 15:59:59.999000+00:00,3.57e-05,3.596e-05,3.486e-05,3.514e-05,27963983660.0
2026-05-12 16:00:00+00:00,2026-05-12 19:59:59.999000+00:00,3.514e-05,3.546e-05,3.465e-05,3.532e-05,20678561548.0
2026-05-12 20:00:00+00:00,2026-05-12 23:59:59.999000+00:00,3.532e-05,3.564e-05,3.526e-05,3.531e-05,8405888678.0
2026-05-13 00:00:00+00:00,2026-05-13 03:59:59.999000+00:00,3.531e-05,3.617e-05,3.523e-05,3.611e-05,8207376555.0
2026-05-13 04:00:00+00:00,2026-05-13 07:59:59.999000+00:00,3.611e-05,3.688e-05,3.597e-05,3.607e-05,20981644439.0
2026-05-13 08:00:00+00:00,2026-05-13 11:59:59.999000+00:00,3.608e-05,3.703e-05,3.603e-05,3.612e-05,16282492502.0
2026-05-13 12:00:00+00:00,2026-05-13 15:59:59.999000+00:00,3.612e-05,3.625e-05,3.368e-05,3.379e-05,51336750743.0
2026-05-13 16:00:00+00:00,2026-05-13 19:59:59.999000+00:00,3.378e-05,3.459e-05,3.375e-05,3.404e-05,18900825632.0
2026-05-13 20:00:00+00:00,2026-05-13 23:59:59.999000+00:00,3.404e-05,3.419e-05,3.376e-05,3.399e-05,9633807659.0
2026-05-14 00:00:00+00:00,2026-05-14 03:59:59.999000+00:00,3.398e-05,3.435e-05,3.353e-05,3.362e-05,9300253726.0
2026-05-14 04:00:00+00:00,2026-05-14 07:59:59.999000+00:00,3.362e-05,3.432e-05,3.352e-05,3.419e-05,10922568089.0
2026-05-14 08:00:00+00:00,2026-05-14 11:59:59.999000+00:00,3.42e-05,3.468e-05,3.402e-05,3.41e-05,10591379029.0
2026-05-14 12:00:00+00:00,2026-05-14 15:59:59.999000+00:00,3.41e-05,3.538e-05,3.408e-05,3.509e-05,22412518810.0
2026-05-14 16:00:00+00:00,2026-05-14 19:59:59.999000+00:00,3.509e-05,3.597e-05,3.505e-05,3.546e-05,34506089328.0
2026-05-14 20:00:00+00:00,2026-05-14 23:59:59.999000+00:00,3.546e-05,3.554e-05,3.483e-05,3.495e-05,9257367093.0
2026-05-15 00:00:00+00:00,2026-05-15 03:59:59.999000+00:00,3.495e-05,3.525e-05,3.43e-05,3.458e-05,20696530591.0
2026-05-15 04:00:00+00:00,2026-05-15 07:59:59.999000+00:00,3.457e-05,3.48e-05,3.367e-05,3.434e-05,25419075770.0
2026-05-15 08:00:00+00:00,2026-05-15 11:59:59.999000+00:00,3.433e-05,3.438e-05,3.397e-05,3.418e-05,9692052202.0
2026-05-15 12:00:00+00:00,2026-05-15 15:59:59.999000+00:00,3.417e-05,3.42e-05,3.239e-05,3.28e-05,45369719511.0
2026-05-15 16:00:00+00:00,2026-05-15 19:59:59.999000+00:00,3.279e-05,3.339e-05,3.277e-05,3.312e-05,12308272741.0
2026-05-15 20:00:00+00:00,2026-05-15 23:59:59.999000+00:00,3.312e-05,3.313e-05,3.285e-05,3.294e-05,5651011661.0
2026-05-16 00:00:00+00:00,2026-05-16 03:59:59.999000+00:00,3.294e-05,3.315e-05,3.283e-05,3.285e-05,4127347603.0
2026-05-16 04:00:00+00:00,2026-05-16 07:59:59.999000+00:00,3.285e-05,3.286e-05,3.141e-05,3.181e-05,25242548743.0
2026-05-16 08:00:00+00:00,2026-05-16 11:59:59.999000+00:00,3.181e-05,3.192e-05,3.111e-05,3.149e-05,23035733169.0
2026-05-16 12:00:00+00:00,2026-05-16 15:59:59.999000+00:00,3.149e-05,3.204e-05,3.143e-05,3.199e-05,11551542554.0
2026-05-16 16:00:00+00:00,2026-05-16 19:59:59.999000+00:00,3.198e-05,3.224e-05,3.191e-05,3.194e-05,11188706807.0
2026-05-16 20:00:00+00:00,2026-05-16 23:59:59.999000+00:00,3.195e-05,3.209e-05,3.171e-05,3.172e-05,5020378275.0
2026-05-17 00:00:00+00:00,2026-05-17 03:59:59.999000+00:00,3.172e-05,3.179e-05,3.134e-05,3.167e-05,9336199425.0
2026-05-17 04:00:00+00:00,2026-05-17 07:59:59.999000+00:00,3.167e-05,3.205e-05,3.165e-05,3.194e-05,5801434508.0
2026-05-17 08:00:00+00:00,2026-05-17 11:59:59.999000+00:00,3.195e-05,3.214e-05,3.174e-05,3.197e-05,7461034244.0
2026-05-17 12:00:00+00:00,2026-05-17 15:59:59.999000+00:00,3.197e-05,3.208e-05,3.152e-05,3.161e-05,8896420498.0
2026-05-17 16:00:00+00:00,2026-05-17 19:59:59.999000+00:00,3.161e-05,3.178e-05,3.129e-05,3.171e-05,6464172371.0
2026-05-17 20:00:00+00:00,2026-05-17 23:59:59.999000+00:00,3.171e-05,3.18e-05,2.985e-05,3.066e-05,26475417871.0
2026-05-18 00:00:00+00:00,2026-05-18 03:59:59.999000+00:00,3.066e-05,3.066e-05,3.014e-05,3.022e-05,17239351510.0
2026-05-18 04:00:00+00:00,2026-05-18 07:59:59.999000+00:00,3.022e-05,3.046e-05,2.987e-05,3.009e-05,14109567918.0
2026-05-18 08:00:00+00:00,2026-05-18 11:59:59.999000+00:00,3.009e-05,3.033e-05,2.977e-05,3.02e-05,14101028360.0
2026-05-18 12:00:00+00:00,2026-05-18 15:59:59.999000+00:00,3.021e-05,3.054e-05,2.948e-05,2.977e-05,25912024192.0
2026-05-18 16:00:00+00:00,2026-05-18 19:59:59.999000+00:00,2.978e-05,3.027e-05,2.948e-05,3.018e-05,14649603900.0
2026-05-18 20:00:00+00:00,2026-05-18 23:59:59.999000+00:00,3.018e-05,3.049e-05,3.002e-05,3.032e-05,6853575701.0
2026-05-19 00:00:00+00:00,2026-05-19 03:59:59.999000+00:00,3.033e-05,3.06e-05,2.999e-05,3.019e-05,8602744368.0
2026-05-19 04:00:00+00:00,2026-05-19 07:59:59.999000+00:00,3.019e-05,3.059e-05,3.009e-05,3.052e-05,8367222289.0
2026-05-19 08:00:00+00:00,2026-05-19 11:59:59.999000+00:00,3.052e-05,3.053e-05,2.983e-05,2.987e-05,10854612263.0
2026-05-19 12:00:00+00:00,2026-05-19 15:59:59.999000+00:00,2.986e-05,3.021e-05,2.962e-05,2.98e-05,19050141345.0
2026-05-19 16:00:00+00:00,2026-05-19 19:59:59.999000+00:00,2.981e-05,3.002e-05,2.96e-05,2.964e-05,11637586945.0
2026-05-19 20:00:00+00:00,2026-05-19 23:59:59.999000+00:00,2.964e-05,2.988e-05,2.949e-05,2.963e-05,4501235389.0
2026-05-20 00:00:00+00:00,2026-05-20 03:59:59.999000+00:00,2.962e-05,2.98e-05,2.94e-05,2.971e-05,5424163984.0
2026-05-20 04:00:00+00:00,2026-05-20 07:59:59.999000+00:00,2.972e-05,3.053e-05,2.966e-05,3.021e-05,22616577176.0
2026-05-20 08:00:00+00:00,2026-05-20 11:59:59.999000+00:00,3.02e-05,3.049e-05,3.007e-05,3.012e-05,9341616792.0
2026-05-20 12:00:00+00:00,2026-05-20 15:59:59.999000+00:00,3.011e-05,3.062e-05,2.99e-05,3.048e-05,16737034539.0
2026-05-20 16:00:00+00:00,2026-05-20 19:59:59.999000+00:00,3.049e-05,3.058e-05,3.017e-05,3.036e-05,10841158833.0
2026-05-20 20:00:00+00:00,2026-05-20 23:59:59.999000+00:00,3.036e-05,3.039e-05,2.999e-05,3.013e-05,6824678634.0
2026-05-21 00:00:00+00:00,2026-05-21 03:59:59.999000+00:00,3.013e-05,3.073e-05,3.012e-05,3.069e-05,8973573067.0
2026-05-21 04:00:00+00:00,2026-05-21 07:59:59.999000+00:00,3.07e-05,3.078e-05,3.04e-05,3.07e-05,8835409859.0
2026-05-21 08:00:00+00:00,2026-05-21 11:59:59.999000+00:00,3.07e-05,3.089e-05,3e-05,3.008e-05,14763881084.0
2026-05-21 12:00:00+00:00,2026-05-21 15:59:59.999000+00:00,3.008e-05,3.05e-05,2.994e-05,3.04e-05,14609482119.0
2026-05-21 16:00:00+00:00,2026-05-21 19:59:59.999000+00:00,3.04e-05,3.101e-05,3.021e-05,3.096e-05,16686816931.0
2026-05-21 20:00:00+00:00,2026-05-21 23:59:59.999000+00:00,3.095e-05,3.098e-05,3.058e-05,3.082e-05,4550399585.0
2026-05-22 00:00:00+00:00,2026-05-22 03:59:59.999000+00:00,3.082e-05,3.085e-05,3.056e-05,3.079e-05,5942769745.0
2026-05-22 04:00:00+00:00,2026-05-22 07:59:59.999000+00:00,3.079e-05,3.099e-05,3.056e-05,3.074e-05,7321734770.0
2026-05-22 08:00:00+00:00,2026-05-22 11:59:59.999000+00:00,3.074e-05,3.104e-05,3.064e-05,3.091e-05,9167633548.0
2026-05-22 12:00:00+00:00,2026-05-22 15:59:59.999000+00:00,3.091e-05,3.11e-05,3.018e-05,3.057e-05,14923742864.0
2026-05-22 16:00:00+00:00,2026-05-22 19:59:59.999000+00:00,3.056e-05,3.067e-05,2.914e-05,2.938e-05,32796324203.0
2026-05-22 20:00:00+00:00,2026-05-22 23:59:59.999000+00:00,2.938e-05,2.96e-05,2.867e-05,2.893e-05,19915244664.0
2026-05-23 00:00:00+00:00,2026-05-23 03:59:59.999000+00:00,2.894e-05,2.911e-05,2.866e-05,2.902e-05,8285675680.0
2026-05-23 04:00:00+00:00,2026-05-23 07:59:59.999000+00:00,2.902e-05,2.906e-05,2.797e-05,2.818e-05,15150875655.0
2026-05-23 08:00:00+00:00,2026-05-23 11:59:59.999000+00:00,2.818e-05,2.837e-05,2.796e-05,2.833e-05,11074322946.0
2026-05-23 12:00:00+00:00,2026-05-23 15:59:59.999000+00:00,2.832e-05,2.907e-05,2.82e-05,2.885e-05,13518478534.0
2026-05-23 16:00:00+00:00,2026-05-23 19:59:59.999000+00:00,2.886e-05,2.95e-05,2.881e-05,2.934e-05,9669757884.0
2026-05-23 20:00:00+00:00,2026-05-23 23:59:59.999000+00:00,2.934e-05,3.045e-05,2.933e-05,2.983e-05,17510543030.0
2026-05-24 00:00:00+00:00,2026-05-24 03:59:59.999000+00:00,2.983e-05,3.015e-05,2.967e-05,2.977e-05,7387987106.0
2026-05-24 04:00:00+00:00,2026-05-24 07:59:59.999000+00:00,2.977e-05,2.985e-05,2.956e-05,2.968e-05,4220995646.0
2026-05-24 08:00:00+00:00,2026-05-24 11:59:59.999000+00:00,2.968e-05,2.989e-05,2.964e-05,2.977e-05,5769028079.0
2026-05-24 12:00:00+00:00,2026-05-24 15:59:59.999000+00:00,2.978e-05,2.978e-05,2.894e-05,2.921e-05,11176294898.0
2026-05-24 16:00:00+00:00,2026-05-24 19:59:59.999000+00:00,2.92e-05,2.944e-05,2.916e-05,2.932e-05,4070000433.0
2026-05-24 20:00:00+00:00,2026-05-24 23:59:59.999000+00:00,2.933e-05,2.938e-05,2.875e-05,2.929e-05,7469202233.0
2026-05-25 00:00:00+00:00,2026-05-25 03:59:59.999000+00:00,2.929e-05,2.943e-05,2.915e-05,2.926e-05,4533282483.0
2026-05-25 04:00:00+00:00,2026-05-25 07:59:59.999000+00:00,2.926e-05,2.973e-05,2.922e-05,2.962e-05,4760281141.0
2026-05-25 08:00:00+00:00,2026-05-25 11:59:59.999000+00:00,2.962e-05,2.97e-05,2.945e-05,2.946e-05,5999981531.0
2026-05-25 12:00:00+00:00,2026-05-25 15:59:59.999000+00:00,2.946e-05,3.003e-05,2.941e-05,2.99e-05,10596531303.0
2026-05-25 16:00:00+00:00,2026-05-25 19:59:59.999000+00:00,2.991e-05,3.008e-05,2.961e-05,2.972e-05,10555446421.0
2026-05-25 20:00:00+00:00,2026-05-25 23:59:59.999000+00:00,2.972e-05,2.977e-05,2.931e-05,2.956e-05,7632364767.0
2026-05-26 00:00:00+00:00,2026-05-26 03:59:59.999000+00:00,2.956e-05,2.957e-05,2.897e-05,2.913e-05,5841391270.0
2026-05-26 04:00:00+00:00,2026-05-26 07:59:59.999000+00:00,2.912e-05,2.954e-05,2.91e-05,2.922e-05,5596367490.0
2026-05-26 08:00:00+00:00,2026-05-26 11:59:59.999000+00:00,2.922e-05,2.99e-05,2.921e-05,2.979e-05,8249973683.0
2026-05-26 12:00:00+00:00,2026-05-26 15:59:59.999000+00:00,2.978e-05,3.023e-05,2.936e-05,2.953e-05,14403912322.0
2026-05-26 16:00:00+00:00,2026-05-26 19:59:59.999000+00:00,2.953e-05,2.953e-05,2.884e-05,2.922e-05,23801594569.0
2026-05-26 20:00:00+00:00,2026-05-26 23:59:59.999000+00:00,2.922e-05,2.925e-05,2.902e-05,2.909e-05,5412305525.0
2026-05-27 00:00:00+00:00,2026-05-27 03:59:59.999000+00:00,2.908e-05,2.942e-05,2.889e-05,2.896e-05,8190757018.0
2026-05-27 04:00:00+00:00,2026-05-27 07:59:59.999000+00:00,2.896e-05,2.939e-05,2.872e-05,2.936e-05,12217220037.0
2026-05-27 08:00:00+00:00,2026-05-27 11:59:59.999000+00:00,2.936e-05,2.949e-05,2.912e-05,2.913e-05,4710444057.0
2026-05-27 12:00:00+00:00,2026-05-27 15:59:59.999000+00:00,2.913e-05,2.951e-05,2.877e-05,2.921e-05,22138719319.0
2026-05-27 16:00:00+00:00,2026-05-27 19:59:59.999000+00:00,2.922e-05,2.938e-05,2.877e-05,2.915e-05,9582490581.0
2026-05-27 20:00:00+00:00,2026-05-27 23:59:59.999000+00:00,2.915e-05,2.92e-05,2.82e-05,2.835e-05,19002670431.0
2026-05-28 00:00:00+00:00,2026-05-28 03:59:59.999000+00:00,2.835e-05,2.845e-05,2.735e-05,2.745e-05,21819224510.0
2026-05-28 04:00:00+00:00,2026-05-28 07:59:59.999000+00:00,2.744e-05,2.751e-05,2.694e-05,2.749e-05,24301582087.0
2026-05-28 08:00:00+00:00,2026-05-28 11:59:59.999000+00:00,2.749e-05,2.753e-05,2.707e-05,2.715e-05,12922093437.0
2026-05-28 12:00:00+00:00,2026-05-28 15:59:59.999000+00:00,2.714e-05,2.73e-05,2.675e-05,2.716e-05,16416947879.0
2026-05-28 16:00:00+00:00,2026-05-28 19:59:59.999000+00:00,2.715e-05,2.791e-05,2.708e-05,2.751e-05,9121341312.0
2026-05-28 20:00:00+00:00,2026-05-28 23:59:59.999000+00:00,2.752e-05,2.772e-05,2.733e-05,2.75e-05,6384968480.0
2026-05-29 00:00:00+00:00,2026-05-29 03:59:59.999000+00:00,2.751e-05,2.77e-05,2.734e-05,2.738e-05,5551277643.0
2026-05-29 04:00:00+00:00,2026-05-29 07:59:59.999000+00:00,2.739e-05,2.773e-05,2.721e-05,2.761e-05,6781601771.0
2026-05-29 08:00:00+00:00,2026-05-29 11:59:59.999000+00:00,2.76e-05,2.774e-05,2.742e-05,2.753e-05,7509718316.0
2026-05-29 12:00:00+00:00,2026-05-29 15:59:59.999000+00:00,2.754e-05,2.811e-05,2.688e-05,2.797e-05,21580557038.0
2026-05-29 16:00:00+00:00,2026-05-29 19:59:59.999000+00:00,2.797e-05,2.805e-05,2.747e-05,2.765e-05,13298077073.0
2026-05-29 20:00:00+00:00,2026-05-29 23:59:59.999000+00:00,2.766e-05,2.787e-05,2.749e-05,2.761e-05,7492384565.0
2026-05-30 00:00:00+00:00,2026-05-30 03:59:59.999000+00:00,2.762e-05,2.825e-05,2.755e-05,2.806e-05,6985530130.0
2026-05-30 04:00:00+00:00,2026-05-30 07:59:59.999000+00:00,2.807e-05,2.822e-05,2.771e-05,2.807e-05,9510680879.0
2026-05-30 08:00:00+00:00,2026-05-30 11:59:59.999000+00:00,2.806e-05,2.806e-05,2.782e-05,2.789e-05,3479890231.0
2026-05-30 12:00:00+00:00,2026-05-30 15:59:59.999000+00:00,2.79e-05,2.822e-05,2.776e-05,2.812e-05,9613254616.0
2026-05-30 16:00:00+00:00,2026-05-30 19:59:59.999000+00:00,2.812e-05,2.865e-05,2.809e-05,2.85e-05,14663781784.0
2026-05-30 20:00:00+00:00,2026-05-30 23:59:59.999000+00:00,2.85e-05,2.86e-05,2.808e-05,2.828e-05,7413361718.0
2026-05-31 00:00:00+00:00,2026-05-31 03:59:59.999000+00:00,2.83e-05,2.949e-05,2.818e-05,2.937e-05,19566551347.0
2026-05-31 04:00:00+00:00,2026-05-31 07:59:59.999000+00:00,2.936e-05,2.985e-05,2.856e-05,2.868e-05,22227099106.0
2026-05-31 08:00:00+00:00,2026-05-31 11:59:59.999000+00:00,2.869e-05,2.891e-05,2.849e-05,2.872e-05,9693612919.0
2026-05-31 12:00:00+00:00,2026-05-31 15:59:59.999000+00:00,2.873e-05,2.884e-05,2.809e-05,2.827e-05,16727589234.0
2026-05-31 16:00:00+00:00,2026-05-31 19:59:59.999000+00:00,2.828e-05,2.829e-05,2.795e-05,2.814e-05,8503987908.0
2026-05-31 20:00:00+00:00,2026-05-31 23:59:59.999000+00:00,2.814e-05,2.884e-05,2.814e-05,2.874e-05,11528735963.0
2026-06-01 00:00:00+00:00,2026-06-01 03:59:59.999000+00:00,2.875e-05,2.933e-05,2.855e-05,2.915e-05,16124267155.0
2026-06-01 04:00:00+00:00,2026-06-01 07:59:59.999000+00:00,2.915e-05,2.922e-05,2.821e-05,2.825e-05,10102857160.0
2026-06-01 08:00:00+00:00,2026-06-01 11:59:59.999000+00:00,2.825e-05,2.878e-05,2.811e-05,2.827e-05,14629101197.0
2026-06-01 12:00:00+00:00,2026-06-01 15:59:59.999000+00:00,2.828e-05,2.844e-05,2.775e-05,2.8e-05,23127809783.0
2026-06-01 16:00:00+00:00,2026-06-01 19:59:59.999000+00:00,2.8e-05,2.879e-05,2.781e-05,2.87e-05,14227175993.0
2026-06-01 20:00:00+00:00,2026-06-01 23:59:59.999000+00:00,2.871e-05,2.88e-05,2.824e-05,2.874e-05,10384042716.0
2026-06-02 00:00:00+00:00,2026-06-02 03:59:59.999000+00:00,2.873e-05,2.874e-05,2.782e-05,2.855e-05,8542374318.0
2026-06-02 04:00:00+00:00,2026-06-02 07:59:59.999000+00:00,2.855e-05,2.86e-05,2.782e-05,2.805e-05,10867618115.0
2026-06-02 08:00:00+00:00,2026-06-02 11:59:59.999000+00:00,2.805e-05,2.819e-05,2.781e-05,2.798e-05,5114926426.0
2026-06-02 12:00:00+00:00,2026-06-02 15:59:59.999000+00:00,2.797e-05,2.824e-05,2.631e-05,2.671e-05,29853363775.0
2026-06-02 16:00:00+00:00,2026-06-02 19:59:59.999000+00:00,2.67e-05,2.718e-05,2.62e-05,2.682e-05,27117400702.0
2026-06-02 20:00:00+00:00,2026-06-02 23:59:59.999000+00:00,2.682e-05,2.723e-05,2.592e-05,2.648e-05,26569657327.0
2026-06-03 00:00:00+00:00,2026-06-03 03:59:59.999000+00:00,2.649e-05,2.672e-05,2.59e-05,2.605e-05,14109306521.0
2026-06-03 04:00:00+00:00,2026-06-03 07:59:59.999000+00:00,2.605e-05,2.733e-05,2.605e-05,2.723e-05,17626325241.0
2026-06-03 08:00:00+00:00,2026-06-03 11:59:59.999000+00:00,2.722e-05,2.76e-05,2.711e-05,2.736e-05,13769164128.0
2026-06-03 12:00:00+00:00,2026-06-03 15:59:59.999000+00:00,2.735e-05,2.745e-05,2.686e-05,2.689e-05,14687500961.0
2026-06-03 16:00:00+00:00,2026-06-03 19:59:59.999000+00:00,2.689e-05,2.692e-05,2.632e-05,2.65e-05,15520991811.0
2026-06-03 20:00:00+00:00,2026-06-03 23:59:59.999000+00:00,2.65e-05,2.704e-05,2.602e-05,2.641e-05,16604976555.0
2026-06-04 00:00:00+00:00,2026-06-04 03:59:59.999000+00:00,2.64e-05,2.666e-05,2.411e-05,2.579e-05,49423823841.0
2026-06-04 04:00:00+00:00,2026-06-04 07:59:59.999000+00:00,2.58e-05,2.592e-05,2.487e-05,2.488e-05,23717038086.0
2026-06-04 08:00:00+00:00,2026-06-04 11:59:59.999000+00:00,2.489e-05,2.5e-05,2.414e-05,2.469e-05,37459838894.0
2026-06-04 12:00:00+00:00,2026-06-04 15:59:59.999000+00:00,2.47e-05,2.568e-05,2.459e-05,2.548e-05,27092683791.0
2026-06-04 16:00:00+00:00,2026-06-04 19:59:59.999000+00:00,2.547e-05,2.562e-05,2.506e-05,2.53e-05,12140214027.0
2026-06-04 20:00:00+00:00,2026-06-04 23:59:59.999000+00:00,2.53e-05,2.532e-05,2.454e-05,2.501e-05,14762828644.0
2026-06-05 00:00:00+00:00,2026-06-05 03:59:59.999000+00:00,2.501e-05,2.501e-05,2.405e-05,2.412e-05,17579346222.0
2026-06-05 04:00:00+00:00,2026-06-05 07:59:59.999000+00:00,2.413e-05,2.459e-05,2.298e-05,2.416e-05,43624803548.0
2026-06-05 08:00:00+00:00,2026-06-05 11:59:59.999000+00:00,2.415e-05,2.423e-05,2.362e-05,2.401e-05,19484983596.0
2026-06-05 12:00:00+00:00,2026-06-05 15:59:59.999000+00:00,2.401e-05,2.431e-05,2.306e-05,2.322e-05,44699223451.0
2026-06-05 16:00:00+00:00,2026-06-05 19:59:59.999000+00:00,2.322e-05,2.385e-05,2.237e-05,2.304e-05,41781702546.0
2026-06-05 20:00:00+00:00,2026-06-05 23:59:59.999000+00:00,2.304e-05,2.398e-05,2.277e-05,2.334e-05,22863410075.0
2026-06-06 00:00:00+00:00,2026-06-06 03:59:59.999000+00:00,2.334e-05,2.371e-05,2.298e-05,2.315e-05,8006505232.0
2026-06-06 04:00:00+00:00,2026-06-06 07:59:59.999000+00:00,2.314e-05,2.345e-05,2.2e-05,2.336e-05,26098733626.0
2026-06-06 08:00:00+00:00,2026-06-06 11:59:59.999000+00:00,2.336e-05,2.376e-05,2.285e-05,2.307e-05,17555815364.0
2026-06-06 12:00:00+00:00,2026-06-06 15:59:59.999000+00:00,2.308e-05,2.354e-05,2.297e-05,2.32e-05,10951498804.0
2026-06-06 16:00:00+00:00,2026-06-06 19:59:59.999000+00:00,2.32e-05,2.336e-05,2.287e-05,2.299e-05,6781886553.0
2026-06-06 20:00:00+00:00,2026-06-06 23:59:59.999000+00:00,2.299e-05,2.332e-05,2.292e-05,2.33e-05,6452626183.0
2026-06-07 00:00:00+00:00,2026-06-07 03:59:59.999000+00:00,2.33e-05,2.413e-05,2.326e-05,2.405e-05,10745381432.0
2026-06-07 04:00:00+00:00,2026-06-07 07:59:59.999000+00:00,2.405e-05,2.446e-05,2.387e-05,2.434e-05,8526540355.0
2026-06-07 08:00:00+00:00,2026-06-07 11:59:59.999000+00:00,2.435e-05,2.555e-05,2.422e-05,2.458e-05,20880049989.0
2026-06-07 12:00:00+00:00,2026-06-07 15:59:59.999000+00:00,2.458e-05,2.464e-05,2.399e-05,2.445e-05,17815397861.0
2026-06-07 16:00:00+00:00,2026-06-07 19:59:59.999000+00:00,2.446e-05,2.461e-05,2.37e-05,2.383e-05,14708237292.0
2026-06-07 20:00:00+00:00,2026-06-07 23:59:59.999000+00:00,2.382e-05,2.541e-05,2.375e-05,2.48e-05,15852220170.0
2026-06-08 00:00:00+00:00,2026-06-08 03:59:59.999000+00:00,2.48e-05,2.51e-05,2.44e-05,2.466e-05,7778439027.0
2026-06-08 04:00:00+00:00,2026-06-08 07:59:59.999000+00:00,2.467e-05,2.468e-05,2.407e-05,2.449e-05,8156039090.0
2026-06-08 08:00:00+00:00,2026-06-08 11:59:59.999000+00:00,2.449e-05,2.513e-05,2.427e-05,2.51e-05,12635715074.0
2026-06-08 12:00:00+00:00,2026-06-08 15:59:59.999000+00:00,2.51e-05,2.52e-05,2.476e-05,2.49e-05,14341445494.0
2026-06-08 16:00:00+00:00,2026-06-08 19:59:59.999000+00:00,2.491e-05,2.511e-05,2.474e-05,2.478e-05,7901510448.0
2026-06-08 20:00:00+00:00,2026-06-08 23:59:59.999000+00:00,2.478e-05,2.49e-05,2.423e-05,2.43e-05,13554542864.0
2026-06-09 00:00:00+00:00,2026-06-09 03:59:59.999000+00:00,2.43e-05,2.434e-05,2.382e-05,2.412e-05,10541646140.0
2026-06-09 04:00:00+00:00,2026-06-09 07:59:59.999000+00:00,2.412e-05,2.473e-05,2.408e-05,2.453e-05,6628151445.0
2026-06-09 08:00:00+00:00,2026-06-09 11:59:59.999000+00:00,2.453e-05,2.454e-05,2.41e-05,2.429e-05,13659236459.0
2026-06-09 12:00:00+00:00,2026-06-09 15:59:59.999000+00:00,2.428e-05,2.461e-05,2.385e-05,2.386e-05,13039808847.0
2026-06-09 16:00:00+00:00,2026-06-09 19:59:59.999000+00:00,2.385e-05,2.441e-05,2.358e-05,2.434e-05,14649897100.0
2026-06-09 20:00:00+00:00,2026-06-09 23:59:59.999000+00:00,2.434e-05,2.45e-05,2.408e-05,2.421e-05,4576430133.0
2026-06-10 00:00:00+00:00,2026-06-10 03:59:59.999000+00:00,2.421e-05,2.437e-05,2.397e-05,2.411e-05,4088074140.0
2026-06-10 04:00:00+00:00,2026-06-10 07:59:59.999000+00:00,2.411e-05,2.418e-05,2.388e-05,2.405e-05,4840811936.0
2026-06-10 08:00:00+00:00,2026-06-10 11:59:59.999000+00:00,2.406e-05,2.412e-05,2.359e-05,2.372e-05,6966554708.0
2026-06-10 12:00:00+00:00,2026-06-10 15:59:59.999000+00:00,2.372e-05,2.479e-05,2.366e-05,2.472e-05,13143531167.0
2026-06-10 16:00:00+00:00,2026-06-10 19:59:59.999000+00:00,2.473e-05,2.494e-05,2.398e-05,2.405e-05,18429389375.0
2026-06-10 20:00:00+00:00,2026-06-10 23:59:59.999000+00:00,2.405e-05,2.424e-05,2.365e-05,2.417e-05,11245886901.0
2026-06-11 00:00:00+00:00,2026-06-11 03:59:59.999000+00:00,2.417e-05,2.511e-05,2.417e-05,2.501e-05,9750456468.0
2026-06-11 04:00:00+00:00,2026-06-11 07:59:59.999000+00:00,2.501e-05,2.508e-05,2.459e-05,2.469e-05,7900361235.0
2026-06-11 08:00:00+00:00,2026-06-11 11:59:59.999000+00:00,2.47e-05,2.5e-05,2.464e-05,2.478e-05,7991583081.0
2026-06-11 12:00:00+00:00,2026-06-11 15:59:59.999000+00:00,2.477e-05,2.485e-05,2.438e-05,2.464e-05,10956069468.0
2026-06-11 16:00:00+00:00,2026-06-11 19:59:59.999000+00:00,2.465e-05,2.517e-05,2.431e-05,2.485e-05,13596393702.0
2026-06-11 20:00:00+00:00,2026-06-11 23:59:59.999000+00:00,2.485e-05,2.49e-05,2.462e-05,2.472e-05,5598957507.0
2026-06-12 00:00:00+00:00,2026-06-12 03:59:59.999000+00:00,2.472e-05,2.497e-05,2.47e-05,2.481e-05,3546331832.0
2026-06-12 04:00:00+00:00,2026-06-12 07:59:59.999000+00:00,2.481e-05,2.491e-05,2.433e-05,2.457e-05,6394755313.0
2026-06-12 08:00:00+00:00,2026-06-12 11:59:59.999000+00:00,2.458e-05,2.506e-05,2.458e-05,2.492e-05,8442839628.0
2026-06-12 12:00:00+00:00,2026-06-12 15:59:59.999000+00:00,2.491e-05,2.572e-05,2.452e-05,2.489e-05,22710092305.0
2026-06-12 16:00:00+00:00,2026-06-12 19:59:59.999000+00:00,2.49e-05,2.527e-05,2.48e-05,2.506e-05,9972659025.0
2026-06-12 20:00:00+00:00,2026-06-12 23:59:59.999000+00:00,2.507e-05,2.519e-05,2.47e-05,2.485e-05,5333130060.0
2026-06-13 00:00:00+00:00,2026-06-13 03:59:59.999000+00:00,2.485e-05,2.504e-05,2.463e-05,2.468e-05,4609856909.0
2026-06-13 04:00:00+00:00,2026-06-13 07:59:59.999000+00:00,2.468e-05,2.498e-05,2.455e-05,2.492e-05,5887971640.0
2026-06-13 08:00:00+00:00,2026-06-13 11:59:59.999000+00:00,2.493e-05,2.52e-05,2.481e-05,2.519e-05,3249738919.0
2026-06-13 12:00:00+00:00,2026-06-13 15:59:59.999000+00:00,2.52e-05,2.523e-05,2.496e-05,2.514e-05,5682986086.0
2026-06-13 16:00:00+00:00,2026-06-13 19:59:59.999000+00:00,2.513e-05,2.521e-05,2.493e-05,2.507e-05,6333516418.0
2026-06-13 20:00:00+00:00,2026-06-13 23:59:59.999000+00:00,2.507e-05,2.537e-05,2.494e-05,2.514e-05,6326463990.0
2026-06-14 00:00:00+00:00,2026-06-14 03:59:59.999000+00:00,2.513e-05,2.537e-05,2.508e-05,2.534e-05,2792485672.0
2026-06-14 04:00:00+00:00,2026-06-14 07:59:59.999000+00:00,2.534e-05,2.537e-05,2.501e-05,2.512e-05,3938453059.0
2026-06-14 08:00:00+00:00,2026-06-14 11:59:59.999000+00:00,2.512e-05,2.518e-05,2.486e-05,2.489e-05,6042343646.0
2026-06-14 12:00:00+00:00,2026-06-14 15:59:59.999000+00:00,2.489e-05,2.491e-05,2.453e-05,2.465e-05,5392101837.0
2026-06-14 16:00:00+00:00,2026-06-14 19:59:59.999000+00:00,2.465e-05,2.478e-05,2.442e-05,2.45e-05,4034340414.0
2026-06-14 20:00:00+00:00,2026-06-14 23:59:59.999000+00:00,2.45e-05,2.551e-05,2.442e-05,2.55e-05,11020927975.0
2026-06-15 00:00:00+00:00,2026-06-15 03:59:59.999000+00:00,2.55e-05,2.592e-05,2.548e-05,2.58e-05,7034358830.0
2026-06-15 04:00:00+00:00,2026-06-15 07:59:59.999000+00:00,2.579e-05,2.592e-05,2.561e-05,2.561e-05,6032696641.0
2026-06-15 08:00:00+00:00,2026-06-15 11:59:59.999000+00:00,2.561e-05,2.633e-05,2.552e-05,2.629e-05,12832778682.0
2026-06-15 12:00:00+00:00,2026-06-15 15:59:59.999000+00:00,2.63e-05,2.78e-05,2.622e-05,2.739e-05,45434047652.0
2026-06-15 16:00:00+00:00,2026-06-15 19:59:59.999000+00:00,2.74e-05,2.755e-05,2.651e-05,2.666e-05,18103345665.0
2026-06-15 20:00:00+00:00,2026-06-15 23:59:59.999000+00:00,2.669e-05,2.681e-05,2.612e-05,2.63e-05,8103024349.0
2026-06-16 00:00:00+00:00,2026-06-16 03:59:59.999000+00:00,2.63e-05,2.649e-05,2.591e-05,2.639e-05,5313813184.0
2026-06-16 04:00:00+00:00,2026-06-16 07:59:59.999000+00:00,2.639e-05,2.671e-05,2.615e-05,2.657e-05,8386299408.0
2026-06-16 08:00:00+00:00,2026-06-16 11:59:59.999000+00:00,2.657e-05,2.692e-05,2.622e-05,2.645e-05,9235317301.0
2026-06-16 12:00:00+00:00,2026-06-16 15:59:59.999000+00:00,2.645e-05,2.673e-05,2.56e-05,2.602e-05,14288848359.0
2026-06-16 16:00:00+00:00,2026-06-16 19:59:59.999000+00:00,2.602e-05,2.633e-05,2.586e-05,2.601e-05,5502478589.0
2026-06-16 20:00:00+00:00,2026-06-16 23:59:59.999000+00:00,2.601e-05,2.682e-05,2.595e-05,2.637e-05,30230024509.0
2026-06-17 00:00:00+00:00,2026-06-17 03:59:59.999000+00:00,2.638e-05,2.695e-05,2.637e-05,2.679e-05,9274351324.0
2026-06-17 04:00:00+00:00,2026-06-17 07:59:59.999000+00:00,2.68e-05,2.694e-05,2.641e-05,2.653e-05,9673655897.0
2026-06-17 08:00:00+00:00,2026-06-17 11:59:59.999000+00:00,2.653e-05,2.653e-05,2.6e-05,2.609e-05,6417177006.0
2026-06-17 12:00:00+00:00,2026-06-17 15:59:59.999000+00:00,2.609e-05,2.67e-05,2.595e-05,2.669e-05,16621842726.0
2026-06-17 16:00:00+00:00,2026-06-17 19:59:59.999000+00:00,2.669e-05,2.687e-05,2.571e-05,2.581e-05,25658976348.0
2026-06-17 20:00:00+00:00,2026-06-17 23:59:59.999000+00:00,2.58e-05,2.606e-05,2.55e-05,2.599e-05,12247358963.0
2026-06-18 00:00:00+00:00,2026-06-18 03:59:59.999000+00:00,2.599e-05,2.662e-05,2.587e-05,2.59e-05,21611890630.0
2026-06-18 04:00:00+00:00,2026-06-18 07:59:59.999000+00:00,2.591e-05,2.598e-05,2.549e-05,2.576e-05,13280102411.0
2026-06-18 08:00:00+00:00,2026-06-18 11:59:59.999000+00:00,2.577e-05,2.638e-05,2.575e-05,2.59e-05,18316769564.0
2026-06-18 12:00:00+00:00,2026-06-18 15:59:59.999000+00:00,2.591e-05,2.721e-05,2.553e-05,2.564e-05,57269715921.0
2026-06-18 16:00:00+00:00,2026-06-18 19:59:59.999000+00:00,2.563e-05,2.78e-05,2.555e-05,2.655e-05,30943665213.0
2026-06-18 20:00:00+00:00,2026-06-18 23:59:59.999000+00:00,2.655e-05,2.785e-05,2.655e-05,2.741e-05,45497032523.0
2026-06-19 00:00:00+00:00,2026-06-19 03:59:59.999000+00:00,2.742e-05,2.76e-05,2.655e-05,2.689e-05,23089035765.0
2026-06-19 04:00:00+00:00,2026-06-19 07:59:59.999000+00:00,2.689e-05,2.693e-05,2.588e-05,2.595e-05,19107565257.0
2026-06-19 08:00:00+00:00,2026-06-19 11:59:59.999000+00:00,2.595e-05,2.624e-05,2.582e-05,2.602e-05,14112590101.0
2026-06-19 12:00:00+00:00,2026-06-19 15:59:59.999000+00:00,2.602e-05,2.661e-05,2.579e-05,2.649e-05,12914241101.0
2026-06-19 16:00:00+00:00,2026-06-19 19:59:59.999000+00:00,2.649e-05,2.656e-05,2.531e-05,2.557e-05,25068473296.0
2026-06-19 20:00:00+00:00,2026-06-19 23:59:59.999000+00:00,2.558e-05,2.597e-05,2.555e-05,2.593e-05,8205928893.0
2026-06-20 00:00:00+00:00,2026-06-20 03:59:59.999000+00:00,2.593e-05,2.604e-05,2.54e-05,2.543e-05,7735592561.0
2026-06-20 04:00:00+00:00,2026-06-20 07:59:59.999000+00:00,2.543e-05,2.586e-05,2.535e-05,2.562e-05,7385839080.0
2026-06-20 08:00:00+00:00,2026-06-20 11:59:59.999000+00:00,2.563e-05,2.614e-05,2.546e-05,2.57e-05,13021912340.0
2026-06-20 12:00:00+00:00,2026-06-20 15:59:59.999000+00:00,2.57e-05,2.6e-05,2.528e-05,2.584e-05,8600257701.0
2026-06-20 16:00:00+00:00,2026-06-20 19:59:59.999000+00:00,2.584e-05,2.584e-05,2.549e-05,2.561e-05,4305923004.0
2026-06-20 20:00:00+00:00,2026-06-20 23:59:59.999000+00:00,2.562e-05,2.587e-05,2.557e-05,2.579e-05,1764283097.0
2026-06-21 00:00:00+00:00,2026-06-21 03:59:59.999000+00:00,2.579e-05,2.594e-05,2.573e-05,2.587e-05,1863449006.0
2026-06-21 04:00:00+00:00,2026-06-21 07:59:59.999000+00:00,2.587e-05,2.591e-05,2.565e-05,2.579e-05,3510851985.0
2026-06-21 08:00:00+00:00,2026-06-21 11:59:59.999000+00:00,2.579e-05,2.598e-05,2.559e-05,2.567e-05,3848571766.0
2026-06-21 12:00:00+00:00,2026-06-21 15:59:59.999000+00:00,2.567e-05,2.592e-05,2.561e-05,2.586e-05,6493651955.0
2026-06-21 16:00:00+00:00,2026-06-21 19:59:59.999000+00:00,2.586e-05,2.587e-05,2.56e-05,2.571e-05,4617071279.0
2026-06-21 20:00:00+00:00,2026-06-21 23:59:59.999000+00:00,2.57e-05,2.572e-05,2.513e-05,2.516e-05,6886671688.0
2026-06-22 00:00:00+00:00,2026-06-22 03:59:59.999000+00:00,2.516e-05,2.578e-05,2.512e-05,2.526e-05,6869334049.0
2026-06-22 04:00:00+00:00,2026-06-22 07:59:59.999000+00:00,2.526e-05,2.552e-05,2.522e-05,2.548e-05,4084201835.0
2026-06-22 08:00:00+00:00,2026-06-22 11:59:59.999000+00:00,2.549e-05,2.563e-05,2.532e-05,2.56e-05,4178855840.0
2026-06-22 12:00:00+00:00,2026-06-22 15:59:59.999000+00:00,2.561e-05,2.609e-05,2.542e-05,2.548e-05,19768993078.0
2026-06-22 16:00:00+00:00,2026-06-22 19:59:59.999000+00:00,2.549e-05,2.567e-05,2.518e-05,2.531e-05,9787140731.0
2026-06-22 20:00:00+00:00,2026-06-22 23:59:59.999000+00:00,2.531e-05,2.545e-05,2.47e-05,2.497e-05,11831704038.0
2026-06-23 00:00:00+00:00,2026-06-23 03:59:59.999000+00:00,2.497e-05,2.508e-05,2.48e-05,2.508e-05,3638131473.0
2026-06-23 04:00:00+00:00,2026-06-23 07:59:59.999000+00:00,2.509e-05,2.555e-05,2.412e-05,2.432e-05,17941555752.0
2026-06-23 08:00:00+00:00,2026-06-23 11:59:59.999000+00:00,2.433e-05,2.44e-05,2.346e-05,2.375e-05,19869259230.0
2026-06-23 12:00:00+00:00,2026-06-23 15:59:59.999000+00:00,2.376e-05,2.414e-05,2.362e-05,2.387e-05,16282447620.0
2026-06-23 16:00:00+00:00,2026-06-23 19:59:59.999000+00:00,2.387e-05,2.406e-05,2.36e-05,2.38e-05,12357855053.0
2026-06-23 20:00:00+00:00,2026-06-23 23:59:59.999000+00:00,2.38e-05,2.402e-05,2.379e-05,2.398e-05,4955593701.0
2026-06-24 00:00:00+00:00,2026-06-24 03:59:59.999000+00:00,2.398e-05,2.42e-05,2.384e-05,2.386e-05,2811402610.0
2026-06-24 04:00:00+00:00,2026-06-24 07:59:59.999000+00:00,2.385e-05,2.404e-05,2.37e-05,2.373e-05,3075311916.0
2026-06-24 08:00:00+00:00,2026-06-24 11:59:59.999000+00:00,2.374e-05,2.396e-05,2.346e-05,2.385e-05,8993216796.0
2026-06-24 12:00:00+00:00,2026-06-24 15:59:59.999000+00:00,2.385e-05,2.392e-05,2.282e-05,2.288e-05,13070921210.0
2026-06-24 16:00:00+00:00,2026-06-24 19:59:59.999000+00:00,2.288e-05,2.307e-05,2.188e-05,2.262e-05,24973090489.0
2026-06-24 20:00:00+00:00,2026-06-24 23:59:59.999000+00:00,2.262e-05,2.321e-05,2.258e-05,2.308e-05,8775700458.0
2026-06-25 00:00:00+00:00,2026-06-25 03:59:59.999000+00:00,2.307e-05,2.314e-05,2.299e-05,2.31e-05,2386924202.0
2026-06-25 04:00:00+00:00,2026-06-25 07:59:59.999000+00:00,2.31e-05,2.372e-05,2.299e-05,2.35e-05,8656766995.0
2026-06-25 08:00:00+00:00,2026-06-25 11:59:59.999000+00:00,2.35e-05,2.354e-05,2.281e-05,2.294e-05,8046981086.0
2026-06-25 12:00:00+00:00,2026-06-25 15:59:59.999000+00:00,2.295e-05,2.315e-05,2.113e-05,2.2e-05,42814977593.0
2026-06-25 16:00:00+00:00,2026-06-25 19:59:59.999000+00:00,2.201e-05,2.218e-05,2.152e-05,2.157e-05,23164673193.0
2026-06-25 20:00:00+00:00,2026-06-25 23:59:59.999000+00:00,2.158e-05,2.223e-05,2.158e-05,2.207e-05,16517333305.0
2026-06-26 00:00:00+00:00,2026-06-26 03:59:59.999000+00:00,2.207e-05,2.214e-05,2.132e-05,2.202e-05,9164647842.0
2026-06-26 04:00:00+00:00,2026-06-26 07:59:59.999000+00:00,2.201e-05,2.245e-05,2.19e-05,2.238e-05,6072459299.0
2026-06-26 08:00:00+00:00,2026-06-26 11:59:59.999000+00:00,2.238e-05,2.238e-05,2.171e-05,2.179e-05,5263923590.0
2026-06-26 12:00:00+00:00,2026-06-26 15:59:59.999000+00:00,2.179e-05,2.235e-05,2.151e-05,2.22e-05,14914490878.0
2026-06-26 16:00:00+00:00,2026-06-26 19:59:59.999000+00:00,2.22e-05,2.236e-05,2.193e-05,2.208e-05,26907987406.0
2026-06-26 20:00:00+00:00,2026-06-26 23:59:59.999000+00:00,2.209e-05,2.232e-05,2.2e-05,2.218e-05,6656842980.0
2026-06-27 00:00:00+00:00,2026-06-27 03:59:59.999000+00:00,2.219e-05,2.23e-05,2.206e-05,2.207e-05,2690018836.0
2026-06-27 04:00:00+00:00,2026-06-27 07:59:59.999000+00:00,2.208e-05,2.222e-05,2.198e-05,2.208e-05,3571761278.0
2026-06-27 08:00:00+00:00,2026-06-27 11:59:59.999000+00:00,2.208e-05,2.214e-05,2.163e-05,2.199e-05,23594459632.0
2026-06-27 12:00:00+00:00,2026-06-27 15:59:59.999000+00:00,2.199e-05,2.225e-05,2.193e-05,2.218e-05,4065798779.0
2026-06-27 16:00:00+00:00,2026-06-27 19:59:59.999000+00:00,2.218e-05,2.224e-05,2.165e-05,2.178e-05,5806460013.0
2026-06-27 20:00:00+00:00,2026-06-27 23:59:59.999000+00:00,2.178e-05,2.185e-05,2.149e-05,2.164e-05,5413080343.0
2026-06-28 00:00:00+00:00,2026-06-28 03:59:59.999000+00:00,2.163e-05,2.176e-05,2.156e-05,2.16e-05,2231219986.0
2026-06-28 04:00:00+00:00,2026-06-28 07:59:59.999000+00:00,2.16e-05,2.169e-05,2.142e-05,2.169e-05,5329887237.0
2026-06-28 08:00:00+00:00,2026-06-28 11:59:59.999000+00:00,2.169e-05,2.185e-05,2.155e-05,2.177e-05,3993740840.0
2026-06-28 12:00:00+00:00,2026-06-28 15:59:59.999000+00:00,2.177e-05,2.188e-05,2.154e-05,2.166e-05,5966375485.0
2026-06-28 16:00:00+00:00,2026-06-28 19:59:59.999000+00:00,2.167e-05,2.17e-05,2.132e-05,2.15e-05,5600186259.0
2026-06-28 20:00:00+00:00,2026-06-28 23:59:59.999000+00:00,2.149e-05,2.168e-05,2.118e-05,2.148e-05,5574418660.0
2026-06-29 00:00:00+00:00,2026-06-29 03:59:59.999000+00:00,2.148e-05,2.2e-05,2.131e-05,2.19e-05,4956782298.0
2026-06-29 04:00:00+00:00,2026-06-29 07:59:59.999000+00:00,2.19e-05,2.198e-05,2.153e-05,2.186e-05,3507179535.0
2026-06-29 08:00:00+00:00,2026-06-29 11:59:59.999000+00:00,2.186e-05,2.208e-05,2.178e-05,2.189e-05,5768653374.0
2026-06-29 12:00:00+00:00,2026-06-29 15:59:59.999000+00:00,2.189e-05,2.221e-05,2.171e-05,2.21e-05,9794441549.0
2026-06-29 16:00:00+00:00,2026-06-29 19:59:59.999000+00:00,2.211e-05,2.265e-05,2.204e-05,2.252e-05,13056521582.0
2026-06-29 20:00:00+00:00,2026-06-29 23:59:59.999000+00:00,2.252e-05,2.256e-05,2.217e-05,2.225e-05,4123334061.0
2026-06-30 00:00:00+00:00,2026-06-30 03:59:59.999000+00:00,2.225e-05,2.231e-05,2.196e-05,2.216e-05,6062372981.0
2026-06-30 04:00:00+00:00,2026-06-30 07:59:59.999000+00:00,2.216e-05,2.239e-05,2.21e-05,2.223e-05,5332916685.0
2026-06-30 08:00:00+00:00,2026-06-30 11:59:59.999000+00:00,2.223e-05,2.225e-05,2.172e-05,2.181e-05,5489854852.0
2026-06-30 12:00:00+00:00,2026-06-30 15:59:59.999000+00:00,2.181e-05,2.196e-05,2.145e-05,2.172e-05,9646111500.0
2026-06-30 16:00:00+00:00,2026-06-30 19:59:59.999000+00:00,2.172e-05,2.19e-05,2.16e-05,2.178e-05,6543564981.0
2026-06-30 20:00:00+00:00,2026-06-30 23:59:59.999000+00:00,2.177e-05,2.18e-05,2.149e-05,2.153e-05,2488891504.0
2026-07-01 00:00:00+00:00,2026-07-01 03:59:59.999000+00:00,2.154e-05,2.195e-05,2.103e-05,2.188e-05,11403972452.0
2026-07-01 04:00:00+00:00,2026-07-01 07:59:59.999000+00:00,2.188e-05,2.198e-05,2.148e-05,2.161e-05,3309359049.0
2026-07-01 08:00:00+00:00,2026-07-01 11:59:59.999000+00:00,2.161e-05,2.175e-05,2.143e-05,2.152e-05,6870226831.0
2026-07-01 12:00:00+00:00,2026-07-01 15:59:59.999000+00:00,2.152e-05,2.218e-05,2.137e-05,2.204e-05,9503711936.0
2026-07-01 16:00:00+00:00,2026-07-01 19:59:59.999000+00:00,2.204e-05,2.208e-05,2.162e-05,2.167e-05,5608465545.0
2026-07-01 20:00:00+00:00,2026-07-01 23:59:59.999000+00:00,2.168e-05,2.215e-05,2.161e-05,2.166e-05,5285869733.0
2026-07-02 00:00:00+00:00,2026-07-02 03:59:59.999000+00:00,2.167e-05,2.2e-05,2.15e-05,2.199e-05,3262307910.0
2026-07-02 04:00:00+00:00,2026-07-02 07:59:59.999000+00:00,2.199e-05,2.224e-05,2.173e-05,2.181e-05,7118421670.0
2026-07-02 08:00:00+00:00,2026-07-02 11:59:59.999000+00:00,2.181e-05,2.222e-05,2.179e-05,2.217e-05,10235171749.0
2026-07-02 12:00:00+00:00,2026-07-02 15:59:59.999000+00:00,2.217e-05,2.265e-05,2.217e-05,2.224e-05,24461274425.0
2026-07-02 16:00:00+00:00,2026-07-02 19:59:59.999000+00:00,2.225e-05,2.231e-05,2.207e-05,2.211e-05,11732550553.0
2026-07-02 20:00:00+00:00,2026-07-02 23:59:59.999000+00:00,2.211e-05,2.226e-05,2.199e-05,2.215e-05,3828721164.0
2026-07-03 00:00:00+00:00,2026-07-03 03:59:59.999000+00:00,2.216e-05,2.242e-05,2.207e-05,2.239e-05,3372658731.0
2026-07-03 04:00:00+00:00,2026-07-03 07:59:59.999000+00:00,2.238e-05,2.263e-05,2.231e-05,2.256e-05,6451456007.0
2026-07-03 08:00:00+00:00,2026-07-03 11:59:59.999000+00:00,2.257e-05,2.32e-05,2.253e-05,2.291e-05,15736804603.0
2026-07-03 12:00:00+00:00,2026-07-03 15:59:59.999000+00:00,2.292e-05,2.318e-05,2.282e-05,2.295e-05,12245306163.0
2026-07-03 16:00:00+00:00,2026-07-03 19:59:59.999000+00:00,2.295e-05,2.329e-05,2.282e-05,2.318e-05,7500337504.0
2026-07-03 20:00:00+00:00,2026-07-03 23:59:59.999000+00:00,2.317e-05,2.455e-05,2.317e-05,2.419e-05,31911969671.0
2026-07-04 00:00:00+00:00,2026-07-04 03:59:59.999000+00:00,2.418e-05,2.427e-05,2.372e-05,2.418e-05,11967883218.0
2026-07-04 04:00:00+00:00,2026-07-04 07:59:59.999000+00:00,2.419e-05,2.46e-05,2.367e-05,2.377e-05,21100466044.0
2026-07-04 08:00:00+00:00,2026-07-04 11:59:59.999000+00:00,2.377e-05,2.386e-05,2.357e-05,2.371e-05,5432140187.0
2026-07-04 12:00:00+00:00,2026-07-04 15:59:59.999000+00:00,2.37e-05,2.408e-05,2.368e-05,2.407e-05,8248733817.0
2026-07-04 16:00:00+00:00,2026-07-04 19:59:59.999000+00:00,2.408e-05,2.466e-05,2.397e-05,2.409e-05,17184876683.0
2026-07-04 20:00:00+00:00,2026-07-04 23:59:59.999000+00:00,2.408e-05,2.415e-05,2.371e-05,2.382e-05,6984676512.0
2026-07-05 00:00:00+00:00,2026-07-05 03:59:59.999000+00:00,2.383e-05,2.389e-05,2.343e-05,2.348e-05,6400095948.0
2026-07-05 04:00:00+00:00,2026-07-05 07:59:59.999000+00:00,2.347e-05,2.367e-05,2.338e-05,2.364e-05,5220974057.0
2026-07-05 08:00:00+00:00,2026-07-05 11:59:59.999000+00:00,2.364e-05,2.389e-05,2.325e-05,2.384e-05,10100301172.0
2026-07-05 12:00:00+00:00,2026-07-05 15:59:59.999000+00:00,2.383e-05,2.426e-05,2.355e-05,2.377e-05,19339417553.0
2026-07-05 16:00:00+00:00,2026-07-05 19:59:59.999000+00:00,2.377e-05,2.404e-05,2.349e-05,2.357e-05,15564818066.0
2026-07-05 20:00:00+00:00,2026-07-05 23:59:59.999000+00:00,2.357e-05,2.415e-05,2.355e-05,2.392e-05,8635916731.0
2026-07-06 00:00:00+00:00,2026-07-06 03:59:59.999000+00:00,2.393e-05,2.4e-05,2.345e-05,2.355e-05,5013369217.0
2026-07-06 04:00:00+00:00,2026-07-06 07:59:59.999000+00:00,2.355e-05,2.361e-05,2.33e-05,2.349e-05,5959064552.0
2026-07-06 08:00:00+00:00,2026-07-06 11:59:59.999000+00:00,2.348e-05,2.353e-05,2.319e-05,2.32e-05,4137053023.0
2026-07-06 12:00:00+00:00,2026-07-06 15:59:59.999000+00:00,2.319e-05,2.34e-05,2.267e-05,2.337e-05,15361836905.0
2026-07-06 16:00:00+00:00,2026-07-06 19:59:59.999000+00:00,2.337e-05,2.367e-05,2.325e-05,2.363e-05,17645413970.0
2026-07-06 20:00:00+00:00,2026-07-06 23:59:59.999000+00:00,2.362e-05,2.405e-05,2.349e-05,2.349e-05,7797669725.0
2026-07-07 00:00:00+00:00,2026-07-07 03:59:59.999000+00:00,2.35e-05,2.364e-05,2.31e-05,2.314e-05,5233454344.0
2026-07-07 04:00:00+00:00,2026-07-07 07:59:59.999000+00:00,2.315e-05,2.348e-05,2.304e-05,2.318e-05,7692067637.0
2026-07-07 08:00:00+00:00,2026-07-07 11:59:59.999000+00:00,2.318e-05,2.322e-05,2.3e-05,2.308e-05,9398745086.0
2026-07-07 12:00:00+00:00,2026-07-07 15:59:59.999000+00:00,2.308e-05,2.335e-05,2.282e-05,2.324e-05,7892361953.0
2026-07-07 16:00:00+00:00,2026-07-07 19:59:59.999000+00:00,2.325e-05,2.355e-05,2.293e-05,2.317e-05,12116990727.0
2026-07-07 20:00:00+00:00,2026-07-07 23:59:59.999000+00:00,2.317e-05,2.322e-05,2.272e-05,2.286e-05,19926358753.0
2026-07-08 00:00:00+00:00,2026-07-08 03:59:59.999000+00:00,2.287e-05,2.303e-05,2.253e-05,2.271e-05,5328522337.0
2026-07-08 04:00:00+00:00,2026-07-08 07:59:59.999000+00:00,2.272e-05,2.279e-05,2.236e-05,2.249e-05,8587022289.0
2026-07-08 08:00:00+00:00,2026-07-08 11:59:59.999000+00:00,2.249e-05,2.259e-05,2.21e-05,2.248e-05,7930206365.0
2026-07-08 12:00:00+00:00,2026-07-08 15:59:59.999000+00:00,2.247e-05,2.271e-05,2.217e-05,2.223e-05,9638603511.0
2026-07-08 16:00:00+00:00,2026-07-08 19:59:59.999000+00:00,2.223e-05,2.243e-05,2.22e-05,2.233e-05,2505712328.0
2026-07-08 20:00:00+00:00,2026-07-08 23:59:59.999000+00:00,2.232e-05,2.249e-05,2.218e-05,2.247e-05,8168828788.0
2026-07-09 00:00:00+00:00,2026-07-09 03:59:59.999000+00:00,2.248e-05,2.267e-05,2.223e-05,2.24e-05,7231635179.0
2026-07-09 04:00:00+00:00,2026-07-09 07:59:59.999000+00:00,2.241e-05,2.312e-05,2.237e-05,2.286e-05,6988152882.0
2026-07-09 08:00:00+00:00,2026-07-09 11:59:59.999000+00:00,2.286e-05,2.308e-05,2.27e-05,2.281e-05,5371335515.0
2026-07-09 12:00:00+00:00,2026-07-09 15:59:59.999000+00:00,2.281e-05,2.302e-05,2.262e-05,2.265e-05,10076276759.0
2026-07-09 16:00:00+00:00,2026-07-09 19:59:59.999000+00:00,2.266e-05,2.284e-05,2.255e-05,2.264e-05,4727563197.0
2026-07-09 20:00:00+00:00,2026-07-09 23:59:59.999000+00:00,2.265e-05,2.277e-05,2.256e-05,2.256e-05,3210021492.0
2026-07-10 00:00:00+00:00,2026-07-10 03:59:59.999000+00:00,2.256e-05,2.304e-05,2.248e-05,2.286e-05,5302421278.0
2026-07-10 04:00:00+00:00,2026-07-10 07:59:59.999000+00:00,2.285e-05,2.296e-05,2.276e-05,2.278e-05,2664316777.0
2026-07-10 08:00:00+00:00,2026-07-10 11:59:59.999000+00:00,2.277e-05,2.317e-05,2.275e-05,2.299e-05,5850281375.0
2026-07-10 12:00:00+00:00,2026-07-10 15:59:59.999000+00:00,2.3e-05,2.31e-05,2.256e-05,2.279e-05,7544388019.0
2026-07-10 16:00:00+00:00,2026-07-10 19:59:59.999000+00:00,2.279e-05,2.362e-05,2.275e-05,2.358e-05,18895567029.0
2026-07-10 20:00:00+00:00,2026-07-10 23:59:59.999000+00:00,2.358e-05,2.381e-05,2.322e-05,2.345e-05,16288998515.0
2026-07-11 00:00:00+00:00,2026-07-11 03:59:59.999000+00:00,2.344e-05,2.349e-05,2.32e-05,2.325e-05,3574810484.0
2026-07-11 04:00:00+00:00,2026-07-11 07:59:59.999000+00:00,2.324e-05,2.332e-05,2.314e-05,2.321e-05,2629382424.0
2026-07-11 08:00:00+00:00,2026-07-11 11:59:59.999000+00:00,2.322e-05,2.343e-05,2.316e-05,2.327e-05,2559051065.0
2026-07-11 12:00:00+00:00,2026-07-11 15:59:59.999000+00:00,2.327e-05,2.362e-05,2.318e-05,2.343e-05,6728517382.0
2026-07-11 16:00:00+00:00,2026-07-11 19:59:59.999000+00:00,2.343e-05,2.347e-05,2.329e-05,2.334e-05,2653730005.0
2026-07-11 20:00:00+00:00,2026-07-11 23:59:59.999000+00:00,2.334e-05,2.336e-05,2.273e-05,2.273e-05,4770333394.0
2026-07-12 00:00:00+00:00,2026-07-12 03:59:59.999000+00:00,2.273e-05,2.293e-05,2.26e-05,2.284e-05,5561471200.0
2026-07-12 04:00:00+00:00,2026-07-12 07:59:59.999000+00:00,2.284e-05,2.289e-05,2.259e-05,2.274e-05,1776653114.0
2026-07-12 08:00:00+00:00,2026-07-12 11:59:59.999000+00:00,2.273e-05,2.285e-05,2.25e-05,2.265e-05,7012993031.0
2026-07-12 12:00:00+00:00,2026-07-12 15:59:59.999000+00:00,2.264e-05,2.282e-05,2.255e-05,2.276e-05,5078128929.0
2026-07-12 16:00:00+00:00,2026-07-12 19:59:59.999000+00:00,2.276e-05,2.281e-05,2.256e-05,2.271e-05,3181578619.0
2026-07-12 20:00:00+00:00,2026-07-12 23:59:59.999000+00:00,2.27e-05,2.272e-05,2.225e-05,2.239e-05,3914576241.0
2026-07-13 00:00:00+00:00,2026-07-13 03:59:59.999000+00:00,2.238e-05,2.276e-05,2.193e-05,2.209e-05,6494288117.0
2026-07-13 04:00:00+00:00,2026-07-13 07:59:59.999000+00:00,2.208e-05,2.225e-05,2.2e-05,2.221e-05,3006448804.0
2026-07-13 08:00:00+00:00,2026-07-13 11:59:59.999000+00:00,2.221e-05,2.226e-05,2.202e-05,2.205e-05,3144343926.0
2026-07-13 12:00:00+00:00,2026-07-13 15:59:59.999000+00:00,2.205e-05,2.221e-05,2.192e-05,2.195e-05,7100923141.0
2026-07-13 16:00:00+00:00,2026-07-13 19:59:59.999000+00:00,2.196e-05,2.22e-05,2.167e-05,2.208e-05,13990620529.0
2026-07-13 20:00:00+00:00,2026-07-13 23:59:59.999000+00:00,2.207e-05,2.21e-05,2.166e-05,2.195e-05,4856648618.0
2026-07-14 00:00:00+00:00,2026-07-14 03:59:59.999000+00:00,2.195e-05,2.204e-05,2.18e-05,2.187e-05,2927665824.0
2026-07-14 04:00:00+00:00,2026-07-14 07:59:59.999000+00:00,2.188e-05,2.21e-05,2.185e-05,2.194e-05,6422103419.0
2026-07-14 08:00:00+00:00,2026-07-14 11:59:59.999000+00:00,2.194e-05,2.201e-05,2.18e-05,2.185e-05,3664778853.0
2026-07-14 12:00:00+00:00,2026-07-14 15:59:59.999000+00:00,2.186e-05,2.261e-05,2.18e-05,2.238e-05,12111011236.0
2026-07-14 16:00:00+00:00,2026-07-14 19:59:59.999000+00:00,2.239e-05,2.25e-05,2.222e-05,2.232e-05,4924589829.0
2026-07-14 20:00:00+00:00,2026-07-14 23:59:59.999000+00:00,2.232e-05,2.242e-05,2.221e-05,2.238e-05,2539596204.0
2026-07-15 00:00:00+00:00,2026-07-15 03:59:59.999000+00:00,2.239e-05,2.241e-05,2.216e-05,2.226e-05,1479215554.0
2026-07-15 04:00:00+00:00,2026-07-15 07:59:59.999000+00:00,2.225e-05,2.257e-05,2.219e-05,2.226e-05,4615607269.0
2026-07-15 08:00:00+00:00,2026-07-15 11:59:59.999000+00:00,2.226e-05,2.245e-05,2.224e-05,2.239e-05,2678108273.0
2026-07-15 12:00:00+00:00,2026-07-15 15:59:59.999000+00:00,2.24e-05,2.272e-05,2.232e-05,2.247e-05,11980944685.0
2026-07-15 16:00:00+00:00,2026-07-15 19:59:59.999000+00:00,2.246e-05,2.246e-05,2.213e-05,2.22e-05,4798875813.0
2026-07-15 20:00:00+00:00,2026-07-15 23:59:59.999000+00:00,2.22e-05,2.232e-05,2.215e-05,2.215e-05,3320116344.0
2026-07-16 00:00:00+00:00,2026-07-16 03:59:59.999000+00:00,2.215e-05,2.22e-05,2.196e-05,2.207e-05,4416462903.0
2026-07-16 04:00:00+00:00,2026-07-16 07:59:59.999000+00:00,2.207e-05,2.227e-05,2.191e-05,2.2e-05,3190878324.0
2026-07-16 08:00:00+00:00,2026-07-16 11:59:59.999000+00:00,2.2e-05,2.202e-05,2.174e-05,2.198e-05,12831778755.0
2026-07-16 12:00:00+00:00,2026-07-16 15:59:59.999000+00:00,2.198e-05,2.209e-05,2.183e-05,2.201e-05,10980342441.0
2026-07-16 16:00:00+00:00,2026-07-16 19:59:59.999000+00:00,2.2e-05,2.2e-05,2.179e-05,2.182e-05,4914411291.0
2026-07-16 20:00:00+00:00,2026-07-16 23:59:59.999000+00:00,2.182e-05,2.193e-05,2.157e-05,2.159e-05,8531277534.0
2026-07-17 00:00:00+00:00,2026-07-17 03:59:59.999000+00:00,2.16e-05,2.181e-05,2.152e-05,2.174e-05,2730990429.0
2026-07-17 04:00:00+00:00,2026-07-17 07:59:59.999000+00:00,2.173e-05,2.173e-05,2.147e-05,2.164e-05,4254953999.0
2026-07-17 08:00:00+00:00,2026-07-17 11:59:59.999000+00:00,2.163e-05,2.166e-05,2.147e-05,2.161e-05,3181162083.0
2026-07-17 12:00:00+00:00,2026-07-17 15:59:59.999000+00:00,2.16e-05,2.16e-05,2.127e-05,2.147e-05,9141580563.0
2026-07-17 16:00:00+00:00,2026-07-17 19:59:59.999000+00:00,2.148e-05,2.169e-05,2.141e-05,2.159e-05,2339423377.0
2026-07-17 20:00:00+00:00,2026-07-17 23:59:59.999000+00:00,2.159e-05,2.161e-05,2.145e-05,2.157e-05,2220699371.0
2026-07-18 00:00:00+00:00,2026-07-18 03:59:59.999000+00:00,2.158e-05,2.16e-05,2.146e-05,2.154e-05,1780553201.0
2026-07-18 04:00:00+00:00,2026-07-18 07:59:59.999000+00:00,2.154e-05,2.154e-05,2.118e-05,2.131e-05,9095375372.0
2026-07-18 08:00:00+00:00,2026-07-18 11:59:59.999000+00:00,2.13e-05,2.133e-05,2.109e-05,2.12e-05,9067879622.0
2026-07-18 12:00:00+00:00,2026-07-18 15:59:59.999000+00:00,2.119e-05,2.129e-05,2.111e-05,2.121e-05,6646863175.0
2026-07-18 16:00:00+00:00,2026-07-18 19:59:59.999000+00:00,2.12e-05,2.12e-05,2.091e-05,2.101e-05,14562604437.0
2026-07-18 20:00:00+00:00,2026-07-18 23:59:59.999000+00:00,2.102e-05,2.122e-05,2.085e-05,2.091e-05,12956993308.0
2026-07-19 00:00:00+00:00,2026-07-19 03:59:59.999000+00:00,2.091e-05,2.106e-05,2.077e-05,2.08e-05,5608958154.0
2026-07-19 04:00:00+00:00,2026-07-19 07:59:59.999000+00:00,2.08e-05,2.103e-05,2.075e-05,2.097e-05,3857306005.0
2026-07-19 08:00:00+00:00,2026-07-19 11:59:59.999000+00:00,2.098e-05,2.137e-05,2.098e-05,2.113e-05,9846768346.0
2026-07-19 12:00:00+00:00,2026-07-19 15:59:59.999000+00:00,2.112e-05,2.13e-05,2.099e-05,2.125e-05,5200974597.0
2026-07-19 16:00:00+00:00,2026-07-19 19:59:59.999000+00:00,2.126e-05,2.126e-05,2.09e-05,2.117e-05,10148778496.0
2026-07-19 20:00:00+00:00,2026-07-19 23:59:59.999000+00:00,2.119e-05,2.127e-05,2.102e-05,2.12e-05,3514630246.0
2026-07-20 00:00:00+00:00,2026-07-20 03:59:59.999000+00:00,2.12e-05,2.142e-05,2.115e-05,2.134e-05,3824844784.0
2026-07-20 04:00:00+00:00,2026-07-20 07:59:59.999000+00:00,2.134e-05,2.134e-05,2.082e-05,2.097e-05,3839578430.0
2026-07-20 08:00:00+00:00,2026-07-20 11:59:59.999000+00:00,2.097e-05,2.14e-05,2.085e-05,2.138e-05,4944911086.0
2026-07-20 12:00:00+00:00,2026-07-20 15:59:59.999000+00:00,2.138e-05,2.148e-05,2.095e-05,2.145e-05,7449078502.0
2026-07-20 16:00:00+00:00,2026-07-20 19:59:59.999000+00:00,2.146e-05,2.151e-05,2.126e-05,2.133e-05,7618822441.0
2026-07-20 20:00:00+00:00,2026-07-20 23:59:59.999000+00:00,2.133e-05,2.157e-05,2.129e-05,2.142e-05,5007920143.0
2026-07-21 00:00:00+00:00,2026-07-21 03:59:59.999000+00:00,2.142e-05,2.165e-05,2.14e-05,2.16e-05,4037065719.0
2026-07-21 04:00:00+00:00,2026-07-21 07:59:59.999000+00:00,2.16e-05,2.171e-05,2.146e-05,2.162e-05,10422064150.0
2026-07-21 08:00:00+00:00,2026-07-21 11:59:59.999000+00:00,2.161e-05,2.168e-05,2.152e-05,2.157e-05,5559652630.0
2026-07-21 12:00:00+00:00,2026-07-21 15:59:59.999000+00:00,2.157e-05,2.169e-05,2.137e-05,2.146e-05,7136696181.0
2026-07-21 16:00:00+00:00,2026-07-21 19:59:59.999000+00:00,2.146e-05,2.148e-05,2.12e-05,2.131e-05,8434189935.0
2026-07-21 20:00:00+00:00,2026-07-21 23:59:59.999000+00:00,2.131e-05,2.161e-05,2.124e-05,2.14e-05,14897177666.0
2026-07-22 00:00:00+00:00,2026-07-22 03:59:59.999000+00:00,2.14e-05,2.154e-05,2.131e-05,2.131e-05,7982234632.0
2026-07-22 04:00:00+00:00,2026-07-22 07:59:59.999000+00:00,2.131e-05,2.139e-05,2.112e-05,2.122e-05,12539783507.0
2026-07-22 08:00:00+00:00,2026-07-22 11:59:59.999000+00:00,2.123e-05,2.155e-05,2.123e-05,2.15e-05,5395026951.0
2026-07-22 12:00:00+00:00,2026-07-22 15:59:59.999000+00:00,2.15e-05,2.17e-05,2.135e-05,2.164e-05,10289367369.0
2026-07-22 16:00:00+00:00,2026-07-22 19:59:59.999000+00:00,2.165e-05,2.169e-05,2.142e-05,2.151e-05,6219383715.0
2026-07-22 20:00:00+00:00,2026-07-22 23:59:59.999000+00:00,2.151e-05,2.167e-05,2.143e-05,2.157e-05,2711140180.0
2026-07-23 00:00:00+00:00,2026-07-23 03:59:59.999000+00:00,2.157e-05,2.166e-05,2.142e-05,2.144e-05,1028239049.0
2026-07-23 04:00:00+00:00,2026-07-23 07:59:59.999000+00:00,2.145e-05,2.156e-05,2.137e-05,2.147e-05,3135724658.0
2026-07-23 08:00:00+00:00,2026-07-23 11:59:59.999000+00:00,2.146e-05,2.189e-05,2.143e-05,2.167e-05,6206202803.0
2026-07-23 12:00:00+00:00,2026-07-23 15:59:59.999000+00:00,2.168e-05,2.168e-05,2.121e-05,2.14e-05,6748171353.0
2026-07-23 16:00:00+00:00,2026-07-23 19:59:59.999000+00:00,2.139e-05,2.146e-05,2.1e-05,2.11e-05,10514859558.0
2026-07-23 20:00:00+00:00,2026-07-23 23:59:59.999000+00:00,2.11e-05,2.136e-05,2.09e-05,2.12e-05,3708331931.0
2026-07-24 00:00:00+00:00,2026-07-24 03:59:59.999000+00:00,2.119e-05,2.125e-05,2.102e-05,2.122e-05,2534165002.0
2026-07-24 04:00:00+00:00,2026-07-24 07:59:59.999000+00:00,2.121e-05,2.146e-05,2.115e-05,2.132e-05,4505483091.0
2026-07-24 08:00:00+00:00,2026-07-24 11:59:59.999000+00:00,2.133e-05,2.133e-05,2.103e-05,2.109e-05,6726655950.0
2026-07-24 12:00:00+00:00,2026-07-24 15:59:59.999000+00:00,2.109e-05,2.109e-05,2.066e-05,2.093e-05,12229700180.0
2026-07-24 16:00:00+00:00,2026-07-24 19:59:59.999000+00:00,2.092e-05,2.115e-05,2.08e-05,2.089e-05,10909692128.0
2026-07-24 20:00:00+00:00,2026-07-24 23:59:59.999000+00:00,2.089e-05,2.098e-05,2.064e-05,2.086e-05,9786647304.0
2026-07-25 00:00:00+00:00,2026-07-25 03:59:59.999000+00:00,2.085e-05,2.118e-05,2.083e-05,2.111e-05,5851540409.0
2026-07-25 04:00:00+00:00,2026-07-25 07:59:59.999000+00:00,2.11e-05,2.11e-05,2.093e-05,2.093e-05,5674713370.0
2026-07-25 08:00:00+00:00,2026-07-25 11:59:59.999000+00:00,2.093e-05,2.115e-05,2.084e-05,2.086e-05,7533593617.0
2026-07-25 12:00:00+00:00,2026-07-25 15:59:59.999000+00:00,2.087e-05,2.179e-05,2.087e-05,2.17e-05,24545278222.0
2026-07-25 16:00:00+00:00,2026-07-25 19:59:59.999000+00:00,2.171e-05,2.257e-05,2.171e-05,2.249e-05,51478453809.0
2026-07-25 20:00:00+00:00,2026-07-25 23:59:59.999000+00:00,2.248e-05,2.258e-05,2.196e-05,2.201e-05,15018824699.0
2026-07-26 00:00:00+00:00,2026-07-26 03:59:59.999000+00:00,2.202e-05,2.288e-05,2.197e-05,2.284e-05,27300550189.0
2026-07-26 04:00:00+00:00,2026-07-26 07:59:59.999000+00:00,2.285e-05,2.336e-05,2.26e-05,2.28e-05,34533885539.0
2026-07-26 08:00:00+00:00,2026-07-26 11:59:59.999000+00:00,2.28e-05,2.283e-05,2.229e-05,2.266e-05,21293689127.0
2026-07-26 12:00:00+00:00,2026-07-26 15:59:59.999000+00:00,2.266e-05,2.287e-05,2.199e-05,2.232e-05,28490306909.0
2026-07-26 16:00:00+00:00,2026-07-26 19:59:59.999000+00:00,2.231e-05,2.236e-05,2.22e-05,2.228e-05,6199406551.0
2026-07-26 20:00:00+00:00,2026-07-26 23:59:59.999000+00:00,2.227e-05,2.249e-05,2.215e-05,2.246e-05,9390245081.0
2026-07-27 00:00:00+00:00,2026-07-27 03:59:59.999000+00:00,2.246e-05,2.249e-05,2.221e-05,2.227e-05,5178719729.0
2026-07-27 04:00:00+00:00,2026-07-27 07:59:59.999000+00:00,2.226e-05,2.253e-05,2.211e-05,2.218e-05,8707805188.0
2026-07-27 08:00:00+00:00,2026-07-27 11:59:59.999000+00:00,2.217e-05,2.222e-05,2.187e-05,2.197e-05,9295568479.0
2026-07-27 12:00:00+00:00,2026-07-27 15:59:59.999000+00:00,2.198e-05,2.227e-05,2.145e-05,2.153e-05,17543362956.0
2026-07-27 16:00:00+00:00,2026-07-27 19:59:59.999000+00:00,2.152e-05,2.173e-05,2.135e-05,2.139e-05,12305000631.0
2026-07-27 20:00:00+00:00,2026-07-27 23:59:59.999000+00:00,2.14e-05,2.141e-05,2.052e-05,2.073e-05,23619708983.0
2026-07-28 00:00:00+00:00,2026-07-28 03:59:59.999000+00:00,2.073e-05,2.085e-05,2.045e-05,2.081e-05,9960140007.0
2026-07-28 04:00:00+00:00,2026-07-28 07:59:59.999000+00:00,2.081e-05,2.089e-05,2.072e-05,2.075e-05,6242106517.0
2026-07-28 08:00:00+00:00,2026-07-28 11:59:59.999000+00:00,2.074e-05,2.083e-05,2.061e-05,2.069e-05,6183010151.0
2026-07-28 12:00:00+00:00,2026-07-28 15:59:59.999000+00:00,2.068e-05,2.123e-05,2.041e-05,2.103e-05,9610029283.0
2026-07-28 16:00:00+00:00,2026-07-28 19:59:59.999000+00:00,2.103e-05,2.109e-05,2.068e-05,2.096e-05,4676418190.0
2026-07-28 20:00:00+00:00,2026-07-28 23:59:59.999000+00:00,2.096e-05,2.106e-05,2.069e-05,2.086e-05,4460546895.0
2026-07-29 00:00:00+00:00,2026-07-29 03:59:59.999000+00:00,2.086e-05,2.093e-05,2.041e-05,2.043e-05,5775476629.0
2026-07-29 04:00:00+00:00,2026-07-29 07:59:59.999000+00:00,2.043e-05,2.076e-05,2.025e-05,2.074e-05,5923277412.0
2026-07-29 08:00:00+00:00,2026-07-29 11:59:59.999000+00:00,2.075e-05,2.082e-05,2.046e-05,2.053e-05,5085368762.0
2026-07-29 12:00:00+00:00,2026-07-29 15:59:59.999000+00:00,2.053e-05,2.075e-05,2.021e-05,2.033e-05,9508973762.0
2026-07-29 16:00:00+00:00,2026-07-29 19:59:59.999000+00:00,2.033e-05,2.063e-05,2.009e-05,2.018e-05,10174059129.0
2026-07-29 20:00:00+00:00,2026-07-29 23:59:59.999000+00:00,2.018e-05,2.041e-05,1.998e-05,2.034e-05,6248759584.0
2026-07-30 00:00:00+00:00,2026-07-30 03:59:59.999000+00:00,2.035e-05,2.053e-05,2.02e-05,2.036e-05,4065970122.0
2026-07-30 04:00:00+00:00,2026-07-30 07:59:59.999000+00:00,2.037e-05,2.043e-05,2.025e-05,2.038e-05,1687747621.0
2026-07-30 08:00:00+00:00,2026-07-30 11:59:59.999000+00:00,2.038e-05,2.051e-05,2.01e-05,2.03e-05,30066451632.0
2026-07-30 12:00:00+00:00,2026-07-30 15:59:59.999000+00:00,2.031e-05,2.065e-05,2.024e-05,2.043e-05,11063111933.0
2026-07-30 16:00:00+00:00,2026-07-30 19:59:59.999000+00:00,2.044e-05,2.05e-05,2.034e-05,2.044e-05,4849759237.0
2026-07-30 20:00:00+00:00,2026-07-30 23:59:59.999000+00:00,2.043e-05,2.079e-05,2.038e-05,2.052e-05,15715160503.0
2026-07-31 00:00:00+00:00,2026-07-31 03:59:59.999000+00:00,2.052e-05,2.075e-05,2.049e-05,2.051e-05,9012288843.0
2026-07-31 04:00:00+00:00,2026-07-31 07:59:59.999000+00:00,2.05e-05,2.063e-05,2.04e-05,2.059e-05,5818636531.0
2026-07-31 08:00:00+00:00,2026-07-31 11:59:59.999000+00:00,2.058e-05,2.064e-05,2.028e-05,2.036e-05,4606776908.0
2026-07-31 12:00:00+00:00,2026-07-31 15:59:59.999000+00:00,2.036e-05,2.051e-05,2.004e-05,2.024e-05,9132527913.0
2026-07-31 16:00:00+00:00,2026-07-31 19:59:59.999000+00:00,2.024e-05,2.053e-05,2.023e-05,2.032e-05,5264452579.0
2026-07-31 20:00:00+00:00,2026-07-31 23:59:59.999000+00:00,2.032e-05,2.043e-05,2.024e-05,2.04e-05,4381293679.0
2026-08-01 00:00:00+00:00,2026-08-01 03:59:59.999000+00:00,2.041e-05,2.08e-05,2.04e-05,2.068e-05,8981398083.0
2026-08-01 04:00:00+00:00,2026-08-01 07:59:59.999000+00:00,2.069e-05,2.083e-05,2.054e-05,2.057e-05,7162362953.0
2026-08-01 08:00:00+00:00,2026-08-01 11:59:59.999000+00:00,2.058e-05,2.061e-05,2.044e-05,2.048e-05,7960088425.0
2026-08-01 12:00:00+00:00,2026-08-01 15:59:59.999000+00:00,2.049e-05,2.078e-05,2.039e-05,2.061e-05,9365643985.0
2026-08-01 16:00:00+00:00,2026-08-01 19:59:59.999000+00:00,2.061e-05,2.071e-05,1.988e-05,2.014e-05,26405428094.0
2026-08-01 20:00:00+00:00,2026-08-01 23:59:59.999000+00:00,2.014e-05,2.024e-05,1.993e-05,2.019e-05,8436861670.0
2026-08-02 00:00:00+00:00,2026-08-02 03:59:59.999000+00:00,2.02e-05,2.057e-05,2.015e-05,2.044e-05,4347374187.0
2026-08-02 04:00:00+00:00,2026-08-02 07:59:59.999000+00:00,2.044e-05,2.074e-05,2.044e-05,2.067e-05,6257376601.0
2026-08-02 08:00:00+00:00,2026-08-02 11:59:59.999000+00:00,2.067e-05,2.069e-05,2.039e-05,2.044e-05,4524734349.0
2026-08-02 12:00:00+00:00,2026-08-02 15:59:59.999000+00:00,2.045e-05,2.063e-05,2.045e-05,2.046e-05,3832597890.0
2026-08-02 16:00:00+00:00,2026-08-02 19:59:59.999000+00:00,2.046e-05,2.064e-05,2.041e-05,2.059e-05,3469595341.0
2026-08-02 20:00:00+00:00,2026-08-02 23:59:59.999000+00:00,2.059e-05,2.071e-05,2.047e-05,2.055e-05,4577568108.0
2026-08-03 00:00:00+00:00,2026-08-03 03:59:59.999000+00:00,2.055e-05,2.056e-05,2.019e-05,2.027e-05,2920564347.0
2026-08-03 04:00:00+00:00,2026-08-03 07:59:59.999000+00:00,2.026e-05,2.034e-05,2.013e-05,2.022e-05,4492333425.0
2026-08-03 08:00:00+00:00,2026-08-03 11:59:59.999000+00:00,2.022e-05,2.043e-05,2.015e-05,2.03e-05,2602553432.0
2026-08-03 12:00:00+00:00,2026-08-03 15:59:59.999000+00:00,2.031e-05,2.07e-05,2.023e-05,2.063e-05,14337067737.0
2026-08-03 16:00:00+00:00,2026-08-03 19:59:59.999000+00:00,2.063e-05,2.07e-05,2.052e-05,2.052e-05,6217359255.0
2026-08-03 20:00:00+00:00,2026-08-03 23:59:59.999000+00:00,2.053e-05,2.066e-05,2.046e-05,2.056e-05,2889336386.0
2026-08-04 00:00:00+00:00,2026-08-04 03:59:59.999000+00:00,2.055e-05,2.07e-05,2.049e-05,2.061e-05,1545579260.0
2026-08-04 04:00:00+00:00,2026-08-04 07:59:59.999000+00:00,2.06e-05,2.077e-05,2.043e-05,2.052e-05,4019265762.0
2026-08-04 08:00:00+00:00,2026-08-04 11:59:59.999000+00:00,2.052e-05,2.057e-05,2.042e-05,2.048e-05,2985686499.0
2026-08-04 12:00:00+00:00,2026-08-04 15:59:59.999000+00:00,2.048e-05,2.053e-05,2.032e-05,2.052e-05,5631053775.0
2026-08-04 16:00:00+00:00,2026-08-04 19:59:59.999000+00:00,2.051e-05,2.068e-05,2.043e-05,2.062e-05,4813714896.0
2026-08-04 20:00:00+00:00,2026-08-04 23:59:59.999000+00:00,2.062e-05,2.073e-05,2.054e-05,2.056e-05,4482435016.0
2026-08-05 00:00:00+00:00,2026-08-05 03:59:59.999000+00:00,2.057e-05,2.077e-05,2.05e-05,2.06e-05,3833813332.0
2026-08-05 04:00:00+00:00,2026-08-05 07:59:59.999000+00:00,2.059e-05,2.075e-05,2.053e-05,2.066e-05,4692417389.0
2026-08-05 08:00:00+00:00,2026-08-05 11:59:59.999000+00:00,2.067e-05,2.068e-05,2.04e-05,2.045e-05,5050214135.0
2026-08-05 12:00:00+00:00,2026-08-05 15:59:59.999000+00:00,2.045e-05,2.067e-05,2.036e-05,2.057e-05,4860301899.0
2026-08-05 16:00:00+00:00,2026-08-05 19:59:59.999000+00:00,2.056e-05,2.076e-05,2.056e-05,2.066e-05,4490022203.0
2026-08-05 20:00:00+00:00,2026-08-05 23:59:59.999000+00:00,2.067e-05,2.072e-05,2.055e-05,2.06e-05,4309378480.0
2026-08-06 00:00:00+00:00,2026-08-06 03:59:59.999000+00:00,2.06e-05,2.072e-05,2.047e-05,2.05e-05,3221560558.0
2026-08-06 04:00:00+00:00,2026-08-06 07:59:59.999000+00:00,2.05e-05,2.079e-05,2.049e-05,2.069e-05,4623181827.0
2026-08-06 08:00:00+00:00,2026-08-06 11:59:59.999000+00:00,2.07e-05,2.077e-05,2.052e-05,2.062e-05,4091305946.0
2026-08-06 12:00:00+00:00,2026-08-06 15:59:59.999000+00:00,2.061e-05,2.075e-05,2.051e-05,2.068e-05,7677638703.0
2026-08-06 16:00:00+00:00,2026-08-06 19:59:59.999000+00:00,2.067e-05,2.129e-05,2.067e-05,2.111e-05,17467049014.0
2026-08-06 20:00:00+00:00,2026-08-06 23:59:59.999000+00:00,2.111e-05,2.151e-05,2.101e-05,2.119e-05,9669594541.0
2026-08-07 00:00:00+00:00,2026-08-07 03:59:59.999000+00:00,2.118e-05,2.144e-05,2.116e-05,2.118e-05,5980992985.0
2026-08-07 04:00:00+00:00,2026-08-07 07:59:59.999000+00:00,2.118e-05,2.118e-05,2.082e-05,2.085e-05,8254245125.0
2026-08-07 08:00:00+00:00,2026-08-07 11:59:59.999000+00:00,2.085e-05,2.111e-05,2.083e-05,2.102e-05,14543377654.0
2026-08-07 12:00:00+00:00,2026-08-07 15:59:59.999000+00:00,2.101e-05,2.115e-05,2.093e-05,2.099e-05,5465770290.0
2026-08-07 16:00:00+00:00,2026-08-07 19:59:59.999000+00:00,2.1e-05,2.108e-05,2.086e-05,2.103e-05,4357491423.0
2026-08-07 20:00:00+00:00,2026-08-07 23:59:59.999000+00:00,2.102e-05,2.103e-05,2.089e-05,2.096e-05,2169221258.0
2026-08-08 00:00:00+00:00,2026-08-08 03:59:59.999000+00:00,2.095e-05,2.103e-05,2.088e-05,2.099e-05,1386929447.0
2026-08-08 04:00:00+00:00,2026-08-08 07:59:59.999000+00:00,2.099e-05,2.119e-05,2.097e-05,2.107e-05,2425776593.0
2026-08-08 08:00:00+00:00,2026-08-08 11:59:59.999000+00:00,2.106e-05,2.124e-05,2.106e-05,2.11e-05,3043090857.0
2026-08-08 12:00:00+00:00,2026-08-08 15:59:59.999000+00:00,2.111e-05,2.146e-05,2.104e-05,2.131e-05,7095196655.0
2026-08-08 16:00:00+00:00,2026-08-08 19:59:59.999000+00:00,2.131e-05,2.138e-05,2.116e-05,2.12e-05,3693210642.0
2026-08-08 20:00:00+00:00,2026-08-08 23:59:59.999000+00:00,2.12e-05,2.124e-05,2.11e-05,2.114e-05,2396918561.0
2026-08-09 00:00:00+00:00,2026-08-09 03:59:59.999000+00:00,2.113e-05,2.123e-05,2.103e-05,2.109e-05,4003140183.0
2026-08-09 04:00:00+00:00,2026-08-09 07:59:59.999000+00:00,2.109e-05,2.12e-05,2.102e-05,2.111e-05,4094632606.0
2026-08-09 08:00:00+00:00,2026-08-09 11:59:59.999000+00:00,2.11e-05,2.125e-05,2.106e-05,2.118e-05,4193863421.0
2026-08-09 12:00:00+00:00,2026-08-09 15:59:59.999000+00:00,2.118e-05,2.152e-05,2.118e-05,2.149e-05,7767274767.0
2026-08-09 16:00:00+00:00,2026-08-09 19:59:59.999000+00:00,2.148e-05,2.18e-05,2.143e-05,2.179e-05,17959603281.0
2026-08-09 20:00:00+00:00,2026-08-09 23:59:59.999000+00:00,2.179e-05,2.184e-05,2.122e-05,2.13e-05,7930594237.0
2026-08-10 00:00:00+00:00,2026-08-10 03:59:59.999000+00:00,2.129e-05,2.173e-05,2.127e-05,2.145e-05,9344787756.0
2026-08-10 04:00:00+00:00,2026-08-10 07:59:59.999000+00:00,2.145e-05,2.164e-05,2.137e-05,2.154e-05,7309891952.0
2026-08-10 08:00:00+00:00,2026-08-10 11:59:59.999000+00:00,2.154e-05,2.161e-05,2.144e-05,2.148e-05,6722644727.0
2026-08-10 12:00:00+00:00,2026-08-10 15:59:59.999000+00:00,2.148e-05,2.15e-05,2.111e-05,2.12e-05,6592170157.0
2026-08-10 16:00:00+00:00,2026-08-10 19:59:59.999000+00:00,2.12e-05,2.13e-05,2.09e-05,2.094e-05,18547608208.0
2026-08-10 20:00:00+00:00,2026-08-10 23:59:59.999000+00:00,2.094e-05,2.101e-05,2.084e-05,2.088e-05,5293922399.0
2026-08-11 00:00:00+00:00,2026-08-11 03:59:59.999000+00:00,2.086e-05,2.099e-05,2.085e-05,2.092e-05,3765129080.0
2026-08-11 04:00:00+00:00,2026-08-11 07:59:59.999000+00:00,2.092e-05,2.093e-05,2.074e-05,2.082e-05,4139040833.0
2026-08-11 08:00:00+00:00,2026-08-11 11:59:59.999000+00:00,2.081e-05,2.091e-05,2.08e-05,2.085e-05,4685906691.0
2026-08-11 12:00:00+00:00,2026-08-11 15:59:59.999000+00:00,2.086e-05,2.099e-05,2.033e-05,2.043e-05,13593523610.0
2026-08-11 16:00:00+00:00,2026-08-11 19:59:59.999000+00:00,2.041e-05,2.045e-05,2.023e-05,2.043e-05,6848648741.0
2026-08-11 20:00:00+00:00,2026-08-11 23:59:59.999000+00:00,2.045e-05,2.069e-05,2.044e-05,2.068e-05,5043927121.0
2026-08-12 00:00:00+00:00,2026-08-12 03:59:59.999000+00:00,2.067e-05,2.078e-05,2.054e-05,2.057e-05,10358275358.0
2026-08-12 04:00:00+00:00,2026-08-12 07:59:59.999000+00:00,2.056e-05,2.062e-05,2.035e-05,2.047e-05,3017973507.0
2026-08-12 08:00:00+00:00,2026-08-12 11:59:59.999000+00:00,2.046e-05,2.059e-05,2.032e-05,2.054e-05,3245662680.0
2026-08-12 12:00:00+00:00,2026-08-12 15:59:59.999000+00:00,2.055e-05,2.064e-05,2.027e-05,2.035e-05,6863826305.0
2026-08-12 16:00:00+00:00,2026-08-12 19:59:59.999000+00:00,2.034e-05,2.043e-05,2.028e-05,2.04e-05,7005957076.0
2026-08-12 20:00:00+00:00,2026-08-12 23:59:59.999000+00:00,2.04e-05,2.057e-05,2.01e-05,2.028e-05,6298584881.0
2026-08-13 00:00:00+00:00,2026-08-13 03:59:59.999000+00:00,2.027e-05,2.047e-05,2.023e-05,2.039e-05,2034586087.0
2026-08-13 04:00:00+00:00,2026-08-13 07:59:59.999000+00:00,2.04e-05,2.091e-05,2.037e-05,2.048e-05,5240008911.0
2026-08-13 08:00:00+00:00,2026-08-13 11:59:59.999000+00:00,2.048e-05,2.049e-05,2.035e-05,2.038e-05,3219334241.0
2026-08-13 12:00:00+00:00,2026-08-13 15:59:59.999000+00:00,2.037e-05,2.048e-05,2.026e-05,2.027e-05,3180329237.0
2026-08-13 16:00:00+00:00,2026-08-13 19:59:59.999000+00:00,2.028e-05,2.073e-05,2.013e-05,2.037e-05,8143238535.0
2026-08-13 20:00:00+00:00,2026-08-13 23:59:59.999000+00:00,2.037e-05,2.045e-05,2.032e-05,2.039e-05,1268104876.0
2026-08-14 00:00:00+00:00,2026-08-14 03:59:59.999000+00:00,2.04e-05,2.053e-05,2.04e-05,2.043e-05,1483930332.0
2026-08-14 04:00:00+00:00,2026-08-14 07:59:59.999000+00:00,2.043e-05,2.051e-05,2.023e-05,2.023e-05,3870666062.0
2026-08-14 08:00:00+00:00,2026-08-14 11:59:59.999000+00:00,2.023e-05,2.032e-05,2.013e-05,2.016e-05,4154304651.0
2026-08-14 12:00:00+00:00,2026-08-14 15:59:59.999000+00:00,2.017e-05,2.038e-05,2.012e-05,2.035e-05,6204481305.0
2026-08-14 16:00:00+00:00,2026-08-14 19:59:59.999000+00:00,2.035e-05,2.047e-05,2.03e-05,2.03e-05,2386813594.0
2026-08-14 20:00:00+00:00,2026-08-14 23:59:59.999000+00:00,2.029e-05,2.035e-05,2.023e-05,2.032e-05,3022764345.0
2026-08-15 00:00:00+00:00,2026-08-15 03:59:59.999000+00:00,2.032e-05,2.038e-05,2.03e-05,2.031e-05,1561580312.0
2026-08-15 04:00:00+00:00,2026-08-15 07:59:59.999000+00:00,2.032e-05,2.044e-05,2.03e-05,2.031e-05,1889151401.0
2026-08-15 08:00:00+00:00,2026-08-15 11:59:59.999000+00:00,2.031e-05,2.039e-05,2.031e-05,2.035e-05,2318170937.0
2026-08-15 12:00:00+00:00,2026-08-15 15:59:59.999000+00:00,2.035e-05,2.076e-05,2.031e-05,2.052e-05,23080739554.0
2026-08-15 16:00:00+00:00,2026-08-15 19:59:59.999000+00:00,2.052e-05,2.065e-05,2.042e-05,2.047e-05,3498807820.0
2026-08-15 20:00:00+00:00,2026-08-15 23:59:59.999000+00:00,2.047e-05,2.047e-05,2.027e-05,2.036e-05,3437003782.0
2026-08-16 00:00:00+00:00,2026-08-16 03:59:59.999000+00:00,2.035e-05,2.039e-05,2.027e-05,2.034e-05,1171685456.0
2026-08-16 04:00:00+00:00,2026-08-16 07:59:59.999000+00:00,2.034e-05,2.039e-05,2.03e-05,2.039e-05,1567540345.0
2026-08-16 08:00:00+00:00,2026-08-16 11:59:59.999000+00:00,2.039e-05,2.041e-05,2.03e-05,2.033e-05,831197232.0
2026-08-16 12:00:00+00:00,2026-08-16 15:59:59.999000+00:00,2.034e-05,2.04e-05,2.029e-05,2.04e-05,1614871536.0
2026-08-16 16:00:00+00:00,2026-08-16 19:59:59.999000+00:00,2.04e-05,2.043e-05,2.028e-05,2.03e-05,1733088165.0
2026-08-16 20:00:00+00:00,2026-08-16 23:59:59.999000+00:00,2.03e-05,2.031e-05,2e-05,2.007e-05,5361228617.0
2026-08-17 00:00:00+00:00,2026-08-17 03:59:59.999000+00:00,2.007e-05,2.037e-05,2.004e-05,2.035e-05,2080751041.0
2026-08-17 04:00:00+00:00,2026-08-17 07:59:59.999000+00:00,2.035e-05,2.038e-05,2.029e-05,2.037e-05,1577540571.0
2026-08-17 08:00:00+00:00,2026-08-17 11:59:59.999000+00:00,2.036e-05,2.036e-05,2.019e-05,2.024e-05,3845834953.0
2026-08-17 12:00:00+00:00,2026-08-17 15:59:59.999000+00:00,2.025e-05,2.034e-05,2.013e-05,2.033e-05,3326535739.0
2026-08-17 16:00:00+00:00,2026-08-17 19:59:59.999000+00:00,2.034e-05,2.036e-05,2.022e-05,2.025e-05,1551121754.0
2026-08-17 20:00:00+00:00,2026-08-17 23:59:59.999000+00:00,2.026e-05,2.031e-05,2.018e-05,2.024e-05,1755074103.0
2026-08-18 00:00:00+00:00,2026-08-18 03:59:59.999000+00:00,2.024e-05,2.025e-05,1.966e-05,1.974e-05,9462501186.0
2026-08-18 04:00:00+00:00,2026-08-18 07:59:59.999000+00:00,1.976e-05,2.003e-05,1.973e-05,1.992e-05,4107494547.0
2026-08-18 08:00:00+00:00,2026-08-18 11:59:59.999000+00:00,1.992e-05,2.01e-05,1.986e-05,1.997e-05,6005503393.0
2026-08-18 12:00:00+00:00,2026-08-18 15:59:59.999000+00:00,1.997e-05,2.014e-05,1.992e-05,2.009e-05,3331696777.0
2026-08-18 16:00:00+00:00,2026-08-18 19:59:59.999000+00:00,2.009e-05,2.009e-05,1.999e-05,1.999e-05,1753695929.0
2026-08-18 20:00:00+00:00,2026-08-18 23:59:59.999000+00:00,1.999e-05,2.005e-05,1.993e-05,2.003e-05,1189998689.0
2026-08-19 00:00:00+00:00,2026-08-19 03:59:59.999000+00:00,2.004e-05,2.007e-05,1.995e-05,2.001e-05,1885794964.0
2026-08-19 04:00:00+00:00,2026-08-19 07:59:59.999000+00:00,2.001e-05,2.003e-05,1.99e-05,1.997e-05,1391459892.0
2026-08-19 08:00:00+00:00,2026-08-19 11:59:59.999000+00:00,1.997e-05,2.013e-05,1.99e-05,2.005e-05,4346472725.0
2026-08-19 12:00:00+00:00,2026-08-19 15:59:59.999000+00:00,2.006e-05,2.141e-05,2.005e-05,2.084e-05,29834405254.0
2026-08-19 16:00:00+00:00,2026-08-19 19:59:59.999000+00:00,2.086e-05,2.133e-05,2.077e-05,2.128e-05,14942240971.0
2026-08-19 20:00:00+00:00,2026-08-19 23:59:59.999000+00:00,2.129e-05,2.238e-05,2.125e-05,2.175e-05,34290416991.0
2026-08-20 00:00:00+00:00,2026-08-20 03:59:59.999000+00:00,2.176e-05,2.199e-05,2.149e-05,2.159e-05,6093480144.0
2026-08-20 04:00:00+00:00,2026-08-20 07:59:59.999000+00:00,2.16e-05,2.233e-05,2.16e-05,2.216e-05,11598217311.0
2026-08-20 08:00:00+00:00,2026-08-20 11:59:59.999000+00:00,2.218e-05,2.305e-05,2.209e-05,2.27e-05,39006750219.0
2026-08-20 12:00:00+00:00,2026-08-20 15:59:59.999000+00:00,2.269e-05,2.316e-05,2.224e-05,2.308e-05,19281325610.0
2026-08-20 16:00:00+00:00,2026-08-20 19:59:59.999000+00:00,2.308e-05,2.364e-05,2.288e-05,2.317e-05,23742067230.0
2026-08-20 20:00:00+00:00,2026-08-20 23:59:59.999000+00:00,2.318e-05,2.361e-05,2.314e-05,2.341e-05,9753116593.0
2026-08-21 00:00:00+00:00,2026-08-21 03:59:59.999000+00:00,2.343e-05,2.409e-05,2.335e-05,2.38e-05,14316992985.0
2026-08-21 04:00:00+00:00,2026-08-21 07:59:59.999000+00:00,2.382e-05,2.524e-05,2.38e-05,2.512e-05,32782371569.0
2026-08-21 08:00:00+00:00,2026-08-21 11:59:59.999000+00:00,2.512e-05,2.617e-05,2.496e-05,2.582e-05,49644293859.0
2026-08-21 12:00:00+00:00,2026-08-21 15:59:59.999000+00:00,2.585e-05,2.658e-05,2.553e-05,2.606e-05,39014677935.0
2026-08-21 16:00:00+00:00,2026-08-21 19:59:59.999000+00:00,2.606e-05,2.765e-05,2.567e-05,2.646e-05,59376842297.0
2026-08-21 20:00:00+00:00,2026-08-21 23:59:59.999000+00:00,2.646e-05,3.049e-05,2.634e-05,2.912e-05,115057228268.0
2026-08-22 00:00:00+00:00,2026-08-22 03:59:59.999000+00:00,2.913e-05,3.07e-05,2.882e-05,2.97e-05,63209665430.0
2026-08-22 04:00:00+00:00,2026-08-22 07:59:59.999000+00:00,2.968e-05,3.131e-05,2.537e-05,2.845e-05,108926350836.0
2026-08-22 08:00:00+00:00,2026-08-22 11:59:59.999000+00:00,2.843e-05,2.858e-05,2.611e-05,2.698e-05,53291586094.0
2026-08-22 12:00:00+00:00,2026-08-22 15:59:59.999000+00:00,2.697e-05,2.764e-05,2.661e-05,2.679e-05,24295100212.0
2026-08-22 16:00:00+00:00,2026-08-22 19:59:59.999000+00:00,2.679e-05,2.749e-05,2.659e-05,2.736e-05,14821070720.0
2026-08-22 20:00:00+00:00,2026-08-22 23:59:59.999000+00:00,2.734e-05,2.75e-05,2.642e-05,2.694e-05,20773073387.0
2026-08-23 00:00:00+00:00,2026-08-23 03:59:59.999000+00:00,2.692e-05,2.751e-05,2.582e-05,2.597e-05,26278297712.0
2026-08-23 04:00:00+00:00,2026-08-23 07:59:59.999000+00:00,2.595e-05,2.617e-05,2.535e-05,2.601e-05,17194240434.0
2026-08-23 08:00:00+00:00,2026-08-23 11:59:59.999000+00:00,2.6e-05,2.702e-05,2.595e-05,2.697e-05,15487021708.0
2026-08-23 12:00:00+00:00,2026-08-23 15:59:59.999000+00:00,2.697e-05,2.796e-05,2.675e-05,2.751e-05,28408468852.0
2026-08-23 16:00:00+00:00,2026-08-23 19:59:59.999000+00:00,2.751e-05,2.774e-05,2.714e-05,2.722e-05,15553534131.0
2026-08-23 20:00:00+00:00,2026-08-23 23:59:59.999000+00:00,2.722e-05,2.86e-05,2.705e-05,2.767e-05,24595397954.0
2026-08-24 00:00:00+00:00,2026-08-24 03:59:59.999000+00:00,2.766e-05,2.771e-05,2.649e-05,2.654e-05,23678031487.0
2026-08-24 04:00:00+00:00,2026-08-24 07:59:59.999000+00:00,2.656e-05,2.756e-05,2.656e-05,2.722e-05,17722254848.0
2026-08-24 08:00:00+00:00,2026-08-24 11:59:59.999000+00:00,2.722e-05,2.786e-05,2.674e-05,2.774e-05,19520667960.0
2026-08-24 12:00:00+00:00,2026-08-24 15:59:59.999000+00:00,2.774e-05,2.817e-05,2.668e-05,2.741e-05,62527194881.0
2026-08-24 16:00:00+00:00,2026-08-24 19:59:59.999000+00:00,2.742e-05,2.773e-05,2.666e-05,2.679e-05,27573757062.0
2026-08-24 20:00:00+00:00,2026-08-24 23:59:59.999000+00:00,2.679e-05,2.719e-05,2.657e-05,2.692e-05,8667114395.0
2026-08-25 00:00:00+00:00,2026-08-25 03:59:59.999000+00:00,2.691e-05,2.825e-05,2.673e-05,2.766e-05,21078156178.0
2026-08-25 04:00:00+00:00,2026-08-25 07:59:59.999000+00:00,2.766e-05,2.844e-05,2.672e-05,2.702e-05,25128444176.0
2026-08-25 08:00:00+00:00,2026-08-25 11:59:59.999000+00:00,2.703e-05,2.733e-05,2.675e-05,2.69e-05,15498008833.0
2026-08-25 12:00:00+00:00,2026-08-25 15:59:59.999000+00:00,2.691e-05,2.692e-05,2.609e-05,2.674e-05,30588830235.0
2026-08-25 16:00:00+00:00,2026-08-25 19:59:59.999000+00:00,2.672e-05,2.728e-05,2.654e-05,2.657e-05,15300467332.0
2026-08-25 20:00:00+00:00,2026-08-25 23:59:59.999000+00:00,2.657e-05,2.659e-05,2.578e-05,2.622e-05,12616676429.0
2026-08-26 00:00:00+00:00,2026-08-26 03:59:59.999000+00:00,2.623e-05,2.677e-05,2.607e-05,2.643e-05,13385640677.0
2026-08-26 04:00:00+00:00,2026-08-26 07:59:59.999000+00:00,2.643e-05,2.653e-05,2.609e-05,2.634e-05,9359853422.0
2026-08-26 08:00:00+00:00,2026-08-26 11:59:59.999000+00:00,2.634e-05,2.64e-05,2.578e-05,2.596e-05,20547353132.0
2026-08-26 12:00:00+00:00,2026-08-26 15:59:59.999000+00:00,2.599e-05,2.612e-05,2.508e-05,2.524e-05,19423330862.0
2026-08-26 16:00:00+00:00,2026-08-26 19:59:59.999000+00:00,2.525e-05,2.582e-05,2.51e-05,2.566e-05,7756666275.0
2026-08-26 20:00:00+00:00,2026-08-26 23:59:59.999000+00:00,2.565e-05,2.709e-05,2.563e-05,2.702e-05,28679940452.0
2026-08-27 00:00:00+00:00,2026-08-27 03:59:59.999000+00:00,2.703e-05,2.703e-05,2.642e-05,2.649e-05,7618946943.0
2026-08-27 04:00:00+00:00,2026-08-27 07:59:59.999000+00:00,2.649e-05,2.659e-05,2.62e-05,2.644e-05,7016278372.0
2026-08-27 08:00:00+00:00,2026-08-27 11:59:59.999000+00:00,2.645e-05,2.721e-05,2.632e-05,2.648e-05,17981068596.0
2026-08-27 12:00:00+00:00,2026-08-27 15:59:59.999000+00:00,2.647e-05,2.73e-05,2.638e-05,2.698e-05,30942451295.0
2026-08-27 16:00:00+00:00,2026-08-27 19:59:59.999000+00:00,2.699e-05,2.739e-05,2.655e-05,2.679e-05,18358409630.0
2026-08-27 20:00:00+00:00,2026-08-27 23:59:59.999000+00:00,2.68e-05,2.688e-05,2.657e-05,2.672e-05,7619620449.0
2026-08-28 00:00:00+00:00,2026-08-28 03:59:59.999000+00:00,2.672e-05,2.717e-05,2.617e-05,2.629e-05,9990790240.0
2026-08-28 04:00:00+00:00,2026-08-28 07:59:59.999000+00:00,2.63e-05,2.649e-05,2.611e-05,2.625e-05,4982871148.0
2026-08-28 08:00:00+00:00,2026-08-28 11:59:59.999000+00:00,2.629e-05,2.638e-05,2.594e-05,2.629e-05,5617303127.0
2026-08-28 12:00:00+00:00,2026-08-28 15:59:59.999000+00:00,2.63e-05,2.64e-05,2.561e-05,2.567e-05,11700971366.0
2026-08-28 16:00:00+00:00,2026-08-28 19:59:59.999000+00:00,2.567e-05,2.582e-05,2.49e-05,2.539e-05,36629247927.0
2026-08-28 20:00:00+00:00,2026-08-28 23:59:59.999000+00:00,2.539e-05,2.549e-05,2.515e-05,2.544e-05,3306294724.0
2026-08-29 00:00:00+00:00,2026-08-29 03:59:59.999000+00:00,2.544e-05,2.555e-05,2.528e-05,2.533e-05,2757884219.0
2026-08-29 04:00:00+00:00,2026-08-29 07:59:59.999000+00:00,2.534e-05,2.561e-05,2.526e-05,2.528e-05,2092106645.0
2026-08-29 08:00:00+00:00,2026-08-29 11:59:59.999000+00:00,2.528e-05,2.533e-05,2.511e-05,2.517e-05,2902833907.0
2026-08-29 12:00:00+00:00,2026-08-29 15:59:59.999000+00:00,2.516e-05,2.564e-05,2.516e-05,2.554e-05,3790801557.0
2026-08-29 16:00:00+00:00,2026-08-29 19:59:59.999000+00:00,2.554e-05,2.56e-05,2.529e-05,2.547e-05,3805458626.0
2026-08-29 20:00:00+00:00,2026-08-29 23:59:59.999000+00:00,2.549e-05,2.554e-05,2.533e-05,2.542e-05,2134591384.0
2026-08-30 00:00:00+00:00,2026-08-30 03:59:59.999000+00:00,2.544e-05,2.546e-05,2.517e-05,2.523e-05,1630566512.0
2026-08-30 04:00:00+00:00,2026-08-30 07:59:59.999000+00:00,2.524e-05,2.53e-05,2.508e-05,2.513e-05,3475677128.0
2026-08-30 08:00:00+00:00,2026-08-30 11:59:59.999000+00:00,2.512e-05,2.523e-05,2.503e-05,2.523e-05,3011132693.0
2026-08-30 12:00:00+00:00,2026-08-30 15:59:59.999000+00:00,2.523e-05,2.568e-05,2.521e-05,2.534e-05,7193160035.0
2026-08-30 16:00:00+00:00,2026-08-30 19:59:59.999000+00:00,2.535e-05,2.578e-05,2.525e-05,2.533e-05,10187878807.0
2026-08-30 20:00:00+00:00,2026-08-30 23:59:59.999000+00:00,2.536e-05,2.539e-05,2.354e-05,2.391e-05,24476445384.0
2026-08-31 00:00:00+00:00,2026-08-31 03:59:59.999000+00:00,2.387e-05,2.426e-05,2.379e-05,2.404e-05,5295479641.0
2026-08-31 04:00:00+00:00,2026-08-31 07:59:59.999000+00:00,2.403e-05,2.435e-05,2.389e-05,2.424e-05,5654819702.0
2026-08-31 08:00:00+00:00,2026-08-31 11:59:59.999000+00:00,2.424e-05,2.451e-05,2.416e-05,2.423e-05,5330756892.0
2026-08-31 12:00:00+00:00,2026-08-31 15:59:59.999000+00:00,2.424e-05,2.439e-05,2.398e-05,2.413e-05,6137134781.0
2026-08-31 16:00:00+00:00,2026-08-31 19:59:59.999000+00:00,2.413e-05,2.449e-05,2.403e-05,2.423e-05,5226677857.0
2026-08-31 20:00:00+00:00,2026-08-31 23:59:59.999000+00:00,2.422e-05,2.437e-05,2.407e-05,2.42e-05,3687201487.0
2026-09-01 00:00:00+00:00,2026-09-01 03:59:59.999000+00:00,2.42e-05,2.455e-05,2.419e-05,2.448e-05,4513928793.0
2026-09-01 04:00:00+00:00,2026-09-01 07:59:59.999000+00:00,2.449e-05,2.489e-05,2.438e-05,2.468e-05,9398164357.0
2026-09-01 08:00:00+00:00,2026-09-01 11:59:59.999000+00:00,2.467e-05,2.468e-05,2.409e-05,2.438e-05,8823259493.0
2026-09-01 12:00:00+00:00,2026-09-01 15:59:59.999000+00:00,2.442e-05,2.458e-05,2.398e-05,2.429e-05,7829674892.0
2026-09-01 16:00:00+00:00,2026-09-01 19:59:59.999000+00:00,2.429e-05,2.431e-05,2.359e-05,2.406e-05,11176356343.0
2026-09-01 20:00:00+00:00,2026-09-01 23:59:59.999000+00:00,2.406e-05,2.412e-05,2.375e-05,2.396e-05,5054349805.0
2026-09-02 00:00:00+00:00,2026-09-02 03:59:59.999000+00:00,2.397e-05,2.43e-05,2.364e-05,2.417e-05,6170122113.0
2026-09-02 04:00:00+00:00,2026-09-02 07:59:59.999000+00:00,2.418e-05,2.429e-05,2.4e-05,2.414e-05,7948954424.0
2026-09-02 08:00:00+00:00,2026-09-02 11:59:59.999000+00:00,2.414e-05,2.43e-05,2.344e-05,2.366e-05,8905883213.0
2026-09-02 12:00:00+00:00,2026-09-02 15:59:59.999000+00:00,2.365e-05,2.395e-05,2.355e-05,2.388e-05,5588823858.0
2026-09-02 16:00:00+00:00,2026-09-02 19:59:59.999000+00:00,2.387e-05,2.405e-05,2.376e-05,2.399e-05,6037524692.0
2026-09-02 20:00:00+00:00,2026-09-02 23:59:59.999000+00:00,2.399e-05,2.422e-05,2.388e-05,2.403e-05,5786854202.0
2026-09-03 00:00:00+00:00,2026-09-03 03:59:59.999000+00:00,2.403e-05,2.466e-05,2.381e-05,2.422e-05,12747965510.0
2026-09-03 04:00:00+00:00,2026-09-03 07:59:59.999000+00:00,2.421e-05,2.453e-05,2.4e-05,2.438e-05,4636055215.0
2026-09-03 08:00:00+00:00,2026-09-03 11:59:59.999000+00:00,2.439e-05,2.474e-05,2.439e-05,2.459e-05,7607156391.0
2026-09-03 12:00:00+00:00,2026-09-03 15:59:59.999000+00:00,2.457e-05,2.623e-05,2.448e-05,2.619e-05,35051368608.0
2026-09-03 16:00:00+00:00,2026-09-03 19:59:59.999000+00:00,2.62e-05,2.625e-05,2.573e-05,2.599e-05,21270907030.0
2026-09-03 20:00:00+00:00,2026-09-03 23:59:59.999000+00:00,2.598e-05,2.619e-05,2.5e-05,2.556e-05,26624956921.0
2026-09-04 00:00:00+00:00,2026-09-04 03:59:59.999000+00:00,2.556e-05,2.576e-05,2.533e-05,2.552e-05,9825124477.0
2026-09-04 04:00:00+00:00,2026-09-04 07:59:59.999000+00:00,2.551e-05,2.578e-05,2.526e-05,2.533e-05,9945277011.0
2026-09-04 08:00:00+00:00,2026-09-04 11:59:59.999000+00:00,2.533e-05,2.716e-05,2.53e-05,2.68e-05,63802444710.0
2026-09-04 12:00:00+00:00,2026-09-04 15:59:59.999000+00:00,2.682e-05,2.69e-05,2.47e-05,2.501e-05,59598889279.0
2026-09-04 16:00:00+00:00,2026-09-04 19:59:59.999000+00:00,2.501e-05,2.521e-05,2.45e-05,2.501e-05,22290997088.0
2026-09-04 20:00:00+00:00,2026-09-04 23:59:59.999000+00:00,2.502e-05,2.514e-05,2.487e-05,2.514e-05,5764383703.0
2026-09-05 00:00:00+00:00,2026-09-05 03:59:59.999000+00:00,2.514e-05,2.537e-05,2.509e-05,2.521e-05,6367247206.0
2026-09-05 04:00:00+00:00,2026-09-05 07:59:59.999000+00:00,2.522e-05,2.615e-05,2.51e-05,2.614e-05,20350819669.0
2026-09-05 08:00:00+00:00,2026-09-05 11:59:59.999000+00:00,2.612e-05,2.684e-05,2.601e-05,2.608e-05,36950373317.0
2026-09-05 12:00:00+00:00,2026-09-05 15:59:59.999000+00:00,2.609e-05,2.678e-05,2.598e-05,2.649e-05,23342353740.0
2026-09-05 16:00:00+00:00,2026-09-05 19:59:59.999000+00:00,2.648e-05,2.747e-05,2.625e-05,2.656e-05,37064328804.0
2026-09-05 20:00:00+00:00,2026-09-05 23:59:59.999000+00:00,2.656e-05,2.672e-05,2.626e-05,2.634e-05,10993487718.0
2026-09-06 00:00:00+00:00,2026-09-06 03:59:59.999000+00:00,2.635e-05,2.675e-05,2.633e-05,2.661e-05,7289633545.0
2026-09-06 04:00:00+00:00,2026-09-06 07:59:59.999000+00:00,2.661e-05,2.676e-05,2.582e-05,2.629e-05,15640261802.0
2026-09-06 08:00:00+00:00,2026-09-06 11:59:59.999000+00:00,2.628e-05,2.647e-05,2.612e-05,2.646e-05,5609025483.0
2026-09-06 12:00:00+00:00,2026-09-06 15:59:59.999000+00:00,2.646e-05,2.649e-05,2.559e-05,2.602e-05,17087432994.0
2026-09-06 16:00:00+00:00,2026-09-06 19:59:59.999000+00:00,2.603e-05,2.634e-05,2.591e-05,2.601e-05,11722436814.0
2026-09-06 20:00:00+00:00,2026-09-06 23:59:59.999000+00:00,2.602e-05,2.68e-05,2.591e-05,2.636e-05,12072340542.0
2026-09-07 00:00:00+00:00,2026-09-07 03:59:59.999000+00:00,2.636e-05,2.656e-05,2.593e-05,2.599e-05,10185294256.0
2026-09-07 04:00:00+00:00,2026-09-07 07:59:59.999000+00:00,2.598e-05,2.634e-05,2.567e-05,2.584e-05,9958883640.0
2026-09-07 08:00:00+00:00,2026-09-07 11:59:59.999000+00:00,2.583e-05,2.621e-05,2.583e-05,2.613e-05,5017341076.0
2026-09-07 12:00:00+00:00,2026-09-07 15:59:59.999000+00:00,2.612e-05,2.694e-05,2.587e-05,2.602e-05,23231434095.0
2026-09-07 16:00:00+00:00,2026-09-07 19:59:59.999000+00:00,2.603e-05,2.66e-05,2.603e-05,2.659e-05,8332992253.0
2026-09-07 20:00:00+00:00,2026-09-07 23:59:59.999000+00:00,2.659e-05,2.659e-05,2.593e-05,2.625e-05,9121156946.0
2026-09-08 00:00:00+00:00,2026-09-08 03:59:59.999000+00:00,2.626e-05,2.655e-05,2.607e-05,2.623e-05,6675264352.0
2026-09-08 04:00:00+00:00,2026-09-08 07:59:59.999000+00:00,2.621e-05,2.644e-05,2.598e-05,2.633e-05,10223474491.0
2026-09-08 08:00:00+00:00,2026-09-08 11:59:59.999000+00:00,2.632e-05,2.668e-05,2.61e-05,2.616e-05,10137660928.0
2026-09-08 12:00:00+00:00,2026-09-08 15:59:59.999000+00:00,2.617e-05,2.659e-05,2.566e-05,2.654e-05,15364953805.0
2026-09-08 16:00:00+00:00,2026-09-08 19:59:59.999000+00:00,2.653e-05,2.687e-05,2.623e-05,2.631e-05,22245878586.0
2026-09-08 20:00:00+00:00,2026-09-08 23:59:59.999000+00:00,2.634e-05,2.652e-05,2.62e-05,2.625e-05,9441221513.0
2026-09-09 00:00:00+00:00,2026-09-09 03:59:59.999000+00:00,2.624e-05,2.652e-05,2.599e-05,2.615e-05,7199214770.0
2026-09-09 04:00:00+00:00,2026-09-09 07:59:59.999000+00:00,2.612e-05,2.654e-05,2.612e-05,2.632e-05,7888442532.0
2026-09-09 08:00:00+00:00,2026-09-09 11:59:59.999000+00:00,2.633e-05,2.653e-05,2.6e-05,2.631e-05,12330638108.0
2026-09-09 12:00:00+00:00,2026-09-09 15:59:59.999000+00:00,2.631e-05,2.64e-05,2.519e-05,2.563e-05,24806447014.0
2026-09-09 16:00:00+00:00,2026-09-09 19:59:59.999000+00:00,2.563e-05,2.591e-05,2.515e-05,2.52e-05,14067780263.0
2026-09-09 20:00:00+00:00,2026-09-09 23:59:59.999000+00:00,2.521e-05,2.536e-05,2.434e-05,2.484e-05,21113520584.0
2026-09-10 00:00:00+00:00,2026-09-10 03:59:59.999000+00:00,2.484e-05,2.484e-05,2.443e-05,2.47e-05,8312024501.0
2026-09-10 04:00:00+00:00,2026-09-10 07:59:59.999000+00:00,2.47e-05,2.49e-05,2.427e-05,2.436e-05,10803587508.0
2026-09-10 08:00:00+00:00,2026-09-10 11:59:59.999000+00:00,2.435e-05,2.442e-05,2.412e-05,2.422e-05,9163073115.0
2026-09-10 12:00:00+00:00,2026-09-10 15:59:59.999000+00:00,2.422e-05,2.431e-05,2.369e-05,2.394e-05,17157495455.0
2026-09-10 16:00:00+00:00,2026-09-10 19:59:59.999000+00:00,2.393e-05,2.419e-05,2.359e-05,2.398e-05,7951221577.0
2026-09-10 20:00:00+00:00,2026-09-10 23:59:59.999000+00:00,2.399e-05,2.42e-05,2.364e-05,2.37e-05,6846891991.0
2026-09-11 00:00:00+00:00,2026-09-11 03:59:59.999000+00:00,2.37e-05,2.412e-05,2.37e-05,2.406e-05,4068525047.0
2026-09-11 04:00:00+00:00,2026-09-11 07:59:59.999000+00:00,2.407e-05,2.455e-05,2.405e-05,2.419e-05,15604955156.0
2026-09-11 08:00:00+00:00,2026-09-11 11:59:59.999000+00:00,2.419e-05,2.437e-05,2.379e-05,2.404e-05,6098695992.0
2026-09-11 12:00:00+00:00,2026-09-11 15:59:59.999000+00:00,2.404e-05,2.569e-05,2.381e-05,2.488e-05,33811123660.0
2026-09-11 16:00:00+00:00,2026-09-11 19:59:59.999000+00:00,2.488e-05,2.504e-05,2.43e-05,2.456e-05,10530557250.0
2026-09-11 20:00:00+00:00,2026-09-11 23:59:59.999000+00:00,2.455e-05,2.471e-05,2.423e-05,2.456e-05,5665563116.0
2026-09-12 00:00:00+00:00,2026-09-12 03:59:59.999000+00:00,2.456e-05,2.502e-05,2.452e-05,2.493e-05,5841491656.0
2026-09-12 04:00:00+00:00,2026-09-12 07:59:59.999000+00:00,2.495e-05,2.495e-05,2.474e-05,2.486e-05,3389607877.0
2026-09-12 08:00:00+00:00,2026-09-12 11:59:59.999000+00:00,2.486e-05,2.517e-05,2.484e-05,2.506e-05,5313922613.0
2026-09-12 12:00:00+00:00,2026-09-12 15:59:59.999000+00:00,2.507e-05,2.509e-05,2.478e-05,2.483e-05,3243607558.0
2026-09-12 16:00:00+00:00,2026-09-12 19:59:59.999000+00:00,2.483e-05,2.49e-05,2.467e-05,2.478e-05,3057331171.0
2026-09-12 20:00:00+00:00,2026-09-12 23:59:59.999000+00:00,2.478e-05,2.486e-05,2.461e-05,2.473e-05,2730140168.0
2026-09-13 00:00:00+00:00,2026-09-13 03:59:59.999000+00:00,2.472e-05,2.487e-05,2.461e-05,2.466e-05,3133845462.0
2026-09-13 04:00:00+00:00,2026-09-13 07:59:59.999000+00:00,2.467e-05,2.481e-05,2.454e-05,2.456e-05,2270479073.0
2026-09-13 08:00:00+00:00,2026-09-13 11:59:59.999000+00:00,2.454e-05,2.46e-05,2.429e-05,2.45e-05,4127919422.0
2026-09-13 12:00:00+00:00,2026-09-13 15:59:59.999000+00:00,2.45e-05,2.469e-05,2.433e-05,2.443e-05,4154220076.0
2026-09-13 16:00:00+00:00,2026-09-13 19:59:59.999000+00:00,2.442e-05,2.488e-05,2.442e-05,2.468e-05,3394287381.0
2026-09-13 20:00:00+00:00,2026-09-13 23:59:59.999000+00:00,2.466e-05,2.471e-05,2.396e-05,2.426e-05,14643551533.0
2026-09-14 00:00:00+00:00,2026-09-14 03:59:59.999000+00:00,2.429e-05,2.474e-05,2.407e-05,2.464e-05,4223659115.0
2026-09-14 04:00:00+00:00,2026-09-14 07:59:59.999000+00:00,2.465e-05,2.475e-05,2.454e-05,2.472e-05,3999561009.0
2026-09-14 08:00:00+00:00,2026-09-14 11:59:59.999000+00:00,2.472e-05,2.499e-05,2.453e-05,2.483e-05,10828441511.0
2026-09-14 12:00:00+00:00,2026-09-14 15:59:59.999000+00:00,2.484e-05,2.494e-05,2.443e-05,2.472e-05,6114600877.0
2026-09-14 16:00:00+00:00,2026-09-14 19:59:59.999000+00:00,2.472e-05,2.533e-05,2.468e-05,2.492e-05,22685582441.0
2026-09-14 20:00:00+00:00,2026-09-14 23:59:59.999000+00:00,2.494e-05,2.535e-05,2.459e-05,2.461e-05,8727321627.0
2026-09-15 00:00:00+00:00,2026-09-15 03:59:59.999000+00:00,2.462e-05,2.468e-05,2.44e-05,2.442e-05,4346578367.0
2026-09-15 04:00:00+00:00,2026-09-15 07:59:59.999000+00:00,2.441e-05,2.446e-05,2.412e-05,2.415e-05,5621298848.0
2026-09-15 08:00:00+00:00,2026-09-15 11:59:59.999000+00:00,2.415e-05,2.434e-05,2.405e-05,2.411e-05,3884081428.0
2026-09-15 12:00:00+00:00,2026-09-15 15:59:59.999000+00:00,2.412e-05,2.439e-05,2.36e-05,2.399e-05,19401764939.0
2026-09-15 16:00:00+00:00,2026-09-15 19:59:59.999000+00:00,2.399e-05,2.435e-05,2.325e-05,2.364e-05,23790809502.0
2026-09-15 20:00:00+00:00,2026-09-15 23:59:59.999000+00:00,2.365e-05,2.369e-05,2.304e-05,2.328e-05,11626373153.0
2026-09-16 00:00:00+00:00,2026-09-16 03:59:59.999000+00:00,2.329e-05,2.345e-05,2.296e-05,2.333e-05,5038085190.0
2026-09-16 04:00:00+00:00,2026-09-16 07:59:59.999000+00:00,2.333e-05,2.349e-05,2.321e-05,2.323e-05,3765026915.0
2026-09-16 08:00:00+00:00,2026-09-16 11:59:59.999000+00:00,2.324e-05,2.334e-05,2.301e-05,2.325e-05,4797933339.0
2026-09-16 12:00:00+00:00,2026-09-16 15:59:59.999000+00:00,2.325e-05,2.328e-05,2.271e-05,2.282e-05,9915368038.0
2026-09-16 16:00:00+00:00,2026-09-16 19:59:59.999000+00:00,2.282e-05,2.348e-05,2.257e-05,2.311e-05,13574711830.0
2026-09-16 20:00:00+00:00,2026-09-16 23:59:59.999000+00:00,2.312e-05,2.369e-05,2.31e-05,2.366e-05,7749226159.0
2026-09-17 00:00:00+00:00,2026-09-17 03:59:59.999000+00:00,2.366e-05,2.382e-05,2.346e-05,2.366e-05,5589854327.0
2026-09-17 04:00:00+00:00,2026-09-17 07:59:59.999000+00:00,2.368e-05,2.391e-05,2.352e-05,2.386e-05,3824750769.0
2026-09-17 08:00:00+00:00,2026-09-17 11:59:59.999000+00:00,2.386e-05,2.423e-05,2.376e-05,2.387e-05,6873263761.0
2026-09-17 12:00:00+00:00,2026-09-17 15:59:59.999000+00:00,2.391e-05,2.483e-05,2.373e-05,2.444e-05,25891597413.0
2026-09-17 16:00:00+00:00,2026-09-17 19:59:59.999000+00:00,2.447e-05,2.46e-05,2.408e-05,2.411e-05,6817300809.0
2026-09-17 20:00:00+00:00,2026-09-17 23:59:59.999000+00:00,2.411e-05,2.425e-05,2.39e-05,2.422e-05,7458022475.0
2026-09-18 00:00:00+00:00,2026-09-18 03:59:59.999000+00:00,2.423e-05,2.509e-05,2.422e-05,2.498e-05,10868773323.0
2026-09-18 04:00:00+00:00,2026-09-18 07:59:59.999000+00:00,2.498e-05,2.505e-05,2.467e-05,2.494e-05,18602706115.0
2026-09-18 08:00:00+00:00,2026-09-18 11:59:59.999000+00:00,2.495e-05,2.542e-05,2.485e-05,2.502e-05,22693838427.0
2026-09-18 12:00:00+00:00,2026-09-18 15:59:59.999000+00:00,2.502e-05,2.576e-05,2.495e-05,2.573e-05,23786374966.0
2026-09-18 16:00:00+00:00,2026-09-18 19:59:59.999000+00:00,2.574e-05,2.608e-05,2.548e-05,2.592e-05,21357640634.0
2026-09-18 20:00:00+00:00,2026-09-18 23:59:59.999000+00:00,2.592e-05,2.609e-05,2.567e-05,2.57e-05,10473193020.0
2026-09-19 00:00:00+00:00,2026-09-19 03:59:59.999000+00:00,2.571e-05,2.606e-05,2.525e-05,2.585e-05,13008941797.0
2026-09-19 04:00:00+00:00,2026-09-19 07:59:59.999000+00:00,2.584e-05,2.6e-05,2.534e-05,2.539e-05,11627550682.0
2026-09-19 08:00:00+00:00,2026-09-19 11:59:59.999000+00:00,2.54e-05,2.622e-05,2.54e-05,2.621e-05,12315382817.0
2026-09-19 12:00:00+00:00,2026-09-19 15:59:59.999000+00:00,2.622e-05,2.631e-05,2.586e-05,2.605e-05,12652572159.0
2026-09-19 16:00:00+00:00,2026-09-19 19:59:59.999000+00:00,2.604e-05,2.7e-05,2.591e-05,2.663e-05,31302093408.0
2026-09-19 20:00:00+00:00,2026-09-19 23:59:59.999000+00:00,2.661e-05,2.669e-05,2.58e-05,2.622e-05,16458891942.0
2026-09-20 00:00:00+00:00,2026-09-20 03:59:59.999000+00:00,2.622e-05,2.645e-05,2.512e-05,2.537e-05,17292649454.0
2026-09-20 04:00:00+00:00,2026-09-20 07:59:59.999000+00:00,2.538e-05,2.551e-05,2.519e-05,2.531e-05,8837164354.0
2026-09-20 08:00:00+00:00,2026-09-20 11:59:59.999000+00:00,2.533e-05,2.55e-05,2.507e-05,2.523e-05,9627612927.0
2026-09-20 12:00:00+00:00,2026-09-20 15:59:59.999000+00:00,2.523e-05,2.575e-05,2.506e-05,2.568e-05,8061535920.0
2026-09-20 16:00:00+00:00,2026-09-20 19:59:59.999000+00:00,2.568e-05,2.613e-05,2.558e-05,2.587e-05,12657775378.0
2026-09-20 20:00:00+00:00,2026-09-20 23:59:59.999000+00:00,2.589e-05,2.599e-05,2.551e-05,2.578e-05,9284398958.0
2026-09-21 00:00:00+00:00,2026-09-21 03:59:59.999000+00:00,2.576e-05,2.643e-05,2.562e-05,2.617e-05,15680434741.0
2026-09-21 04:00:00+00:00,2026-09-21 07:59:59.999000+00:00,2.618e-05,2.652e-05,2.593e-05,2.63e-05,13842467660.0
2026-09-21 08:00:00+00:00,2026-09-21 11:59:59.999000+00:00,2.63e-05,2.762e-05,2.63e-05,2.728e-05,41404195994.0
2026-09-21 12:00:00+00:00,2026-09-21 15:59:59.999000+00:00,2.728e-05,3.004e-05,2.712e-05,2.994e-05,102348188434.0
2026-09-21 16:00:00+00:00,2026-09-21 19:59:59.999000+00:00,2.995e-05,3.008e-05,2.817e-05,2.867e-05,63238607428.0
2026-09-21 20:00:00+00:00,2026-09-21 23:59:59.999000+00:00,2.869e-05,2.938e-05,2.851e-05,2.903e-05,33745025554.0
2026-09-22 00:00:00+00:00,2026-09-22 03:59:59.999000+00:00,2.9e-05,2.961e-05,2.847e-05,2.954e-05,39517769338.0
2026-09-22 04:00:00+00:00,2026-09-22 07:59:59.999000+00:00,2.953e-05,3.046e-05,2.861e-05,2.986e-05,63474819583.0
2026-09-22 08:00:00+00:00,2026-09-22 11:59:59.999000+00:00,2.983e-05,3.019e-05,2.896e-05,2.92e-05,33413479414.0
2026-09-22 12:00:00+00:00,2026-09-22 15:59:59.999000+00:00,2.92e-05,3.028e-05,2.906e-05,2.968e-05,44886760881.0
2026-09-22 16:00:00+00:00,2026-09-22 19:59:59.999000+00:00,2.971e-05,3.017e-05,2.937e-05,2.99e-05,25527544518.0
2026-09-22 20:00:00+00:00,2026-09-22 23:59:59.999000+00:00,2.991e-05,3.057e-05,2.958e-05,3.032e-05,29146314243.0
2026-09-23 00:00:00+00:00,2026-09-23 03:59:59.999000+00:00,3.032e-05,3.086e-05,2.983e-05,3.049e-05,33465035354.0
2026-09-23 04:00:00+00:00,2026-09-23 07:59:59.999000+00:00,3.049e-05,3.092e-05,2.998e-05,3.045e-05,26173940902.0
2026-09-23 08:00:00+00:00,2026-09-23 11:59:59.999000+00:00,3.044e-05,3.091e-05,2.926e-05,2.946e-05,42735939395.0
2026-09-23 12:00:00+00:00,2026-09-23 15:59:59.999000+00:00,2.945e-05,2.956e-05,2.712e-05,2.723e-05,81023472703.0
2026-09-23 16:00:00+00:00,2026-09-23 19:59:59.999000+00:00,2.724e-05,2.754e-05,2.68e-05,2.718e-05,29482295809.0
2026-09-23 20:00:00+00:00,2026-09-23 23:59:59.999000+00:00,2.718e-05,2.758e-05,2.704e-05,2.724e-05,12952908867.0
2026-09-24 00:00:00+00:00,2026-09-24 03:59:59.999000+00:00,2.726e-05,2.759e-05,2.687e-05,2.706e-05,14788787941.0
