open_time,close_time,open,high,low,close,volume
2026-08-14 18:00:00+00:00,2026-08-14 18:59:59.999000+00:00,0.06542,0.06561,0.06533,0.06536,867110.0
2026-08-14 19:00:00+00:00,2026-08-14 19:59:59.999000+00:00,0.06535,0.06535,0.06507,0.06512,1280036.0
2026-08-14 20:00:00+00:00,2026-08-14 20:59:59.999000+00:00,0.06512,0.06535,0.06505,0.06535,1572308.0
2026-08-14 21:00:00+00:00,2026-08-14 21:59:59.999000+00:00,0.06535,0.06548,0.06528,0.06539,1272113.0
2026-08-14 22:00:00+00:00,2026-08-14 22:59:59.999000+00:00,0.0654,0.06547,0.06525,0.06529,1159243.0
2026-08-14 23:00:00+00:00,2026-08-14 23:59:59.999000+00:00,0.06529,0.06592,0.06528,0.0659,1373438.0
2026-08-15 00:00:00+00:00,2026-08-15 00:59:59.999000+00:00,0.06591,0.06606,0.06576,0.06596,1769383.0
2026-08-15 01:00:00+00:00,2026-08-15 01:59:59.999000+00:00,0.06596,0.06604,0.06584,0.06603,467641.0
2026-08-15 02:00:00+00:00,2026-08-15 02:59:59.999000+00:00,0.06603,0.06632,0.066,0.06631,988508.0
2026-08-15 03:00:00+00:00,2026-08-15 03:59:59.999000+00:00,0.06631,0.0664,0.06604,0.06624,1728122.0
2026-08-15 04:00:00+00:00,2026-08-15 04:59:59.999000+00:00,0.06623,0.06638,0.06615,0.06623,806831.0
2026-08-15 05:00:00+00:00,2026-08-15 05:59:59.999000+00:00,0.06624,0.0663,0.06604,0.06607,548974.0
2026-08-15 06:00:00+00:00,2026-08-15 06:59:59.999000+00:00,0.06607,0.0661,0.06593,0.066,473660.0
2026-08-15 07:00:00+00:00,2026-08-15 07:59:59.999000+00:00,0.066,0.066,0.06563,0.06563,959911.0
2026-08-15 08:00:00+00:00,2026-08-15 08:59:59.999000+00:00,0.06563,0.06577,0.06549,0.06562,835556.0
2026-08-15 09:00:00+00:00,2026-08-15 09:59:59.999000+00:00,0.06563,0.06577,0.06558,0.06576,367275.0
2026-08-15 10:00:00+00:00,2026-08-15 10:59:59.999000+00:00,0.06577,0.0658,0.06563,0.06572,479121.0
2026-08-15 11:00:00+00:00,2026-08-15 11:59:59.999000+00:00,0.06572,0.0659,0.06572,0.06578,1272165.0
2026-08-15 12:00:00+00:00,2026-08-15 12:59:59.999000+00:00,0.06578,0.06584,0.06572,0.06584,347339.0
2026-08-15 13:00:00+00:00,2026-08-15 13:59:59.999000+00:00,0.06584,0.06584,0.06566,0.0658,282383.0
2026-08-15 14:00:00+00:00,2026-08-15 14:59:59.999000+00:00,0.06581,0.06589,0.06578,0.06584,413369.0
2026-08-15 15:00:00+00:00,2026-08-15 15:59:59.999000+00:00,0.06584,0.06591,0.06576,0.06591,328872.0
2026-08-15 16:00:00+00:00,2026-08-15 16:59:59.999000+00:00,0.06591,0.06591,0.06538,0.06544,1696949.0
2026-08-15 17:00:00+00:00,2026-08-15 17:59:59.999000+00:00,0.06544,0.06587,0.06544,0.0657,899356.0
2026-08-15 18:00:00+00:00,2026-08-15 18:59:59.999000+00:00,0.06571,0.06575,0.06556,0.06566,435543.0
2026-08-15 19:00:00+00:00,2026-08-15 19:59:59.999000+00:00,0.06566,0.06583,0.06563,0.06582,395686.0
2026-08-15 20:00:00+00:00,2026-08-15 20:59:59.999000+00:00,0.06582,0.06582,0.06574,0.0658,419214.0
2026-08-15 21:00:00+00:00,2026-08-15 21:59:59.999000+00:00,0.0658,0.0658,0.06557,0.06557,430841.0
2026-08-15 22:00:00+00:00,2026-08-15 22:59:59.999000+00:00,0.06557,0.06563,0.0655,0.06551,364717.0
2026-08-15 23:00:00+00:00,2026-08-15 23:59:59.999000+00:00,0.06551,0.0656,0.06544,0.06549,1014908.0
2026-08-16 00:00:00+00:00,2026-08-16 00:59:59.999000+00:00,0.06548,0.06549,0.06522,0.06534,2884137.0
2026-08-16 01:00:00+00:00,2026-08-16 01:59:59.999000+00:00,0.06533,0.06533,0.06511,0.06515,1860132.0
2026-08-16 02:00:00+00:00,2026-08-16 02:59:59.999000+00:00,0.06515,0.06523,0.06489,0.06515,1227181.0
2026-08-16 03:00:00+00:00,2026-08-16 03:59:59.999000+00:00,0.06514,0.06533,0.06512,0.06526,454646.0
2026-08-16 04:00:00+00:00,2026-08-16 04:59:59.999000+00:00,0.06527,0.06534,0.06515,0.06531,569066.0
2026-08-16 05:00:00+00:00,2026-08-16 05:59:59.999000+00:00,0.0653,0.06533,0.0651,0.06512,817334.0
2026-08-16 06:00:00+00:00,2026-08-16 06:59:59.999000+00:00,0.06512,0.0652,0.06503,0.06512,385198.0
2026-08-16 07:00:00+00:00,2026-08-16 07:59:59.999000+00:00,0.06512,0.06518,0.06506,0.06511,385227.0
2026-08-16 08:00:00+00:00,2026-08-16 08:59:59.999000+00:00,0.0651,0.06518,0.0651,0.06512,193971.0
2026-08-16 09:00:00+00:00,2026-08-16 09:59:59.999000+00:00,0.06511,0.06514,0.06507,0.06507,192421.0
2026-08-16 10:00:00+00:00,2026-08-16 10:59:59.999000+00:00,0.06507,0.06512,0.06503,0.06506,308111.0
2026-08-16 11:00:00+00:00,2026-08-16 11:59:59.999000+00:00,0.06507,0.06514,0.06506,0.06513,395716.0
2026-08-16 12:00:00+00:00,2026-08-16 12:59:59.999000+00:00,0.06512,0.06512,0.06503,0.06508,192632.0
2026-08-16 13:00:00+00:00,2026-08-16 13:59:59.999000+00:00,0.06508,0.0652,0.06508,0.06512,417309.0
2026-08-16 14:00:00+00:00,2026-08-16 14:59:59.999000+00:00,0.06514,0.06521,0.06511,0.06512,222659.0
2026-08-16 15:00:00+00:00,2026-08-16 15:59:59.999000+00:00,0.06512,0.06529,0.06512,0.06518,677543.0
2026-08-16 16:00:00+00:00,2026-08-16 16:59:59.999000+00:00,0.06519,0.06545,0.06518,0.06526,882985.0
2026-08-16 17:00:00+00:00,2026-08-16 17:59:59.999000+00:00,0.06526,0.06529,0.0652,0.06521,260692.0
2026-08-16 18:00:00+00:00,2026-08-16 18:59:59.999000+00:00,0.0652,0.06522,0.06511,0.06513,210886.0
2026-08-16 19:00:00+00:00,2026-08-16 19:59:59.999000+00:00,0.06514,0.06527,0.06514,0.06519,396810.0
2026-08-16 20:00:00+00:00,2026-08-16 20:59:59.999000+00:00,0.06519,0.06526,0.065,0.06501,550048.0
2026-08-16 21:00:00+00:00,2026-08-16 21:59:59.999000+00:00,0.06502,0.06508,0.06444,0.06498,3472922.0
2026-08-16 22:00:00+00:00,2026-08-16 22:59:59.999000+00:00,0.06497,0.06519,0.06475,0.06479,1574055.0
2026-08-16 23:00:00+00:00,2026-08-16 23:59:59.999000+00:00,0.0648,0.06488,0.06454,0.06465,882529.0
2026-08-17 00:00:00+00:00,2026-08-17 00:59:59.999000+00:00,0.06466,0.06472,0.06429,0.06466,1653777.0
2026-08-17 01:00:00+00:00,2026-08-17 01:59:59.999000+00:00,0.06465,0.06496,0.06462,0.06486,1040177.0
2026-08-17 02:00:00+00:00,2026-08-17 02:59:59.999000+00:00,0.06487,0.06511,0.0648,0.06508,1095817.0
2026-08-17 03:00:00+00:00,2026-08-17 03:59:59.999000+00:00,0.06508,0.0651,0.06487,0.06492,321512.0
2026-08-17 04:00:00+00:00,2026-08-17 04:59:59.999000+00:00,0.06492,0.06509,0.06492,0.06508,681478.0
2026-08-17 05:00:00+00:00,2026-08-17 05:59:59.999000+00:00,0.06508,0.0651,0.06494,0.06494,223888.0
2026-08-17 06:00:00+00:00,2026-08-17 06:59:59.999000+00:00,0.06494,0.06528,0.06491,0.06525,1117793.0
2026-08-17 07:00:00+00:00,2026-08-17 07:59:59.999000+00:00,0.06525,0.06602,0.06511,0.06561,18385729.0
2026-08-17 08:00:00+00:00,2026-08-17 08:59:59.999000+00:00,0.06562,0.06564,0.06532,0.06537,637988.0
2026-08-17 09:00:00+00:00,2026-08-17 09:59:59.999000+00:00,0.06538,0.06603,0.06537,0.06595,3421760.0
2026-08-17 10:00:00+00:00,2026-08-17 10:59:59.999000+00:00,0.06595,0.06629,0.06575,0.06627,2269030.0
2026-08-17 11:00:00+00:00,2026-08-17 11:59:59.999000+00:00,0.06628,0.06638,0.06612,0.06619,1894057.0
2026-08-17 12:00:00+00:00,2026-08-17 12:59:59.999000+00:00,0.06619,0.06622,0.06585,0.06589,1817420.0
2026-08-17 13:00:00+00:00,2026-08-17 13:59:59.999000+00:00,0.06587,0.06602,0.06545,0.06574,3515212.0
2026-08-17 14:00:00+00:00,2026-08-17 14:59:59.999000+00:00,0.06574,0.06593,0.06557,0.06593,1102360.0
2026-08-17 15:00:00+00:00,2026-08-17 15:59:59.999000+00:00,0.06592,0.06635,0.0659,0.06633,1999495.0
2026-08-17 16:00:00+00:00,2026-08-17 16:59:59.999000+00:00,0.06633,0.06633,0.06573,0.06578,1220109.0
2026-08-17 17:00:00+00:00,2026-08-17 17:59:59.999000+00:00,0.06578,0.06612,0.06575,0.06597,5834627.0
2026-08-17 18:00:00+00:00,2026-08-17 18:59:59.999000+00:00,0.06597,0.06608,0.06587,0.06587,668585.0
2026-08-17 19:00:00+00:00,2026-08-17 19:59:59.999000+00:00,0.06587,0.06596,0.06574,0.06578,747863.0
2026-08-17 20:00:00+00:00,2026-08-17 20:59:59.999000+00:00,0.06577,0.06588,0.0657,0.0658,479563.0
2026-08-17 21:00:00+00:00,2026-08-17 21:59:59.999000+00:00,0.0658,0.06591,0.06578,0.06584,412161.0
2026-08-17 22:00:00+00:00,2026-08-17 22:59:59.999000+00:00,0.06585,0.06586,0.06577,0.06584,563988.0
2026-08-17 23:00:00+00:00,2026-08-17 23:59:59.999000+00:00,0.06583,0.06609,0.06582,0.066,890671.0
2026-08-18 00:00:00+00:00,2026-08-18 00:59:59.999000+00:00,0.06601,0.06611,0.06594,0.06608,642589.0
2026-08-18 01:00:00+00:00,2026-08-18 01:59:59.999000+00:00,0.06607,0.06608,0.06569,0.06574,1276014.0
2026-08-18 02:00:00+00:00,2026-08-18 02:59:59.999000+00:00,0.06574,0.06575,0.06521,0.06531,3146446.0
2026-08-18 03:00:00+00:00,2026-08-18 03:59:59.999000+00:00,0.06531,0.06555,0.06521,0.06545,1846413.0
2026-08-18 04:00:00+00:00,2026-08-18 04:59:59.999000+00:00,0.06544,0.06569,0.06537,0.06569,744452.0
2026-08-18 05:00:00+00:00,2026-08-18 05:59:59.999000+00:00,0.06568,0.06579,0.06557,0.06577,647075.0
2026-08-18 06:00:00+00:00,2026-08-18 06:59:59.999000+00:00,0.06577,0.06601,0.06569,0.06578,1536378.0
2026-08-18 07:00:00+00:00,2026-08-18 07:59:59.999000+00:00,0.06579,0.06589,0.06572,0.06576,619315.0
2026-08-18 08:00:00+00:00,2026-08-18 08:59:59.999000+00:00,0.06577,0.06593,0.0655,0.06592,1742819.0
2026-08-18 09:00:00+00:00,2026-08-18 09:59:59.999000+00:00,0.06592,0.06594,0.06569,0.06586,680177.0
2026-08-18 10:00:00+00:00,2026-08-18 10:59:59.999000+00:00,0.06587,0.0659,0.06581,0.06586,488675.0
2026-08-18 11:00:00+00:00,2026-08-18 11:59:59.999000+00:00,0.06585,0.06614,0.06585,0.06594,1179201.0
2026-08-18 12:00:00+00:00,2026-08-18 12:59:59.999000+00:00,0.06593,0.06609,0.06583,0.06609,816694.0
2026-08-18 13:00:00+00:00,2026-08-18 13:59:59.999000+00:00,0.06609,0.0661,0.06579,0.06585,940477.0
2026-08-18 14:00:00+00:00,2026-08-18 14:59:59.999000+00:00,0.06585,0.06646,0.06583,0.0661,3898101.0
2026-08-18 15:00:00+00:00,2026-08-18 15:59:59.999000+00:00,0.0661,0.06632,0.06603,0.06619,1155803.0
2026-08-18 16:00:00+00:00,2026-08-18 16:59:59.999000+00:00,0.06622,0.06623,0.06585,0.06586,2185942.0
2026-08-18 17:00:00+00:00,2026-08-18 17:59:59.999000+00:00,0.06588,0.06618,0.06578,0.06602,1145467.0
2026-08-18 18:00:00+00:00,2026-08-18 18:59:59.999000+00:00,0.06601,0.06638,0.06601,0.06633,1686034.0
2026-08-18 19:00:00+00:00,2026-08-18 19:59:59.999000+00:00,0.06633,0.06637,0.06622,0.06623,816982.0
2026-08-18 20:00:00+00:00,2026-08-18 20:59:59.999000+00:00,0.06623,0.06636,0.06619,0.06636,1330435.0
2026-08-18 21:00:00+00:00,2026-08-18 21:59:59.999000+00:00,0.06636,0.06689,0.06635,0.06689,5877120.0
2026-08-18 22:00:00+00:00,2026-08-18 22:59:59.999000+00:00,0.0669,0.06716,0.06676,0.0671,3714591.0
2026-08-18 23:00:00+00:00,2026-08-18 23:59:59.999000+00:00,0.0671,0.0674,0.067,0.06737,4859374.0
2026-08-19 00:00:00+00:00,2026-08-19 00:59:59.999000+00:00,0.06738,0.06743,0.06708,0.06729,3302083.0
2026-08-19 01:00:00+00:00,2026-08-19 01:59:59.999000+00:00,0.06728,0.06759,0.06721,0.06741,3831820.0
2026-08-19 02:00:00+00:00,2026-08-19 02:59:59.999000+00:00,0.06741,0.06782,0.06732,0.06733,4398707.0
2026-08-19 03:00:00+00:00,2026-08-19 03:59:59.999000+00:00,0.06733,0.0678,0.06719,0.06771,2906447.0
2026-08-19 04:00:00+00:00,2026-08-19 04:59:59.999000+00:00,0.06772,0.068,0.06754,0.06793,2471939.0
2026-08-19 05:00:00+00:00,2026-08-19 05:59:59.999000+00:00,0.06793,0.06799,0.06759,0.06761,1777359.0
2026-08-19 06:00:00+00:00,2026-08-19 06:59:59.999000+00:00,0.06762,0.06787,0.0674,0.06756,3105715.0
2026-08-19 07:00:00+00:00,2026-08-19 07:59:59.999000+00:00,0.06756,0.06768,0.06745,0.06751,943490.0
2026-08-19 08:00:00+00:00,2026-08-19 08:59:59.999000+00:00,0.06752,0.06774,0.06734,0.06774,2131873.0
2026-08-19 09:00:00+00:00,2026-08-19 09:59:59.999000+00:00,0.06774,0.06789,0.06753,0.06761,1690570.0
2026-08-19 10:00:00+00:00,2026-08-19 10:59:59.999000+00:00,0.06761,0.06766,0.06744,0.06746,1320466.0
2026-08-19 11:00:00+00:00,2026-08-19 11:59:59.999000+00:00,0.06745,0.0678,0.06742,0.06779,2209124.0
2026-08-19 12:00:00+00:00,2026-08-19 12:59:59.999000+00:00,0.0678,0.06803,0.06771,0.06793,2976850.0
2026-08-19 13:00:00+00:00,2026-08-19 13:59:59.999000+00:00,0.06793,0.06797,0.0676,0.06768,2037479.0
2026-08-19 14:00:00+00:00,2026-08-19 14:59:59.999000+00:00,0.06768,0.06839,0.06767,0.06826,5057737.0
2026-08-19 15:00:00+00:00,2026-08-19 15:59:59.999000+00:00,0.06828,0.06984,0.06819,0.06921,14876037.0
2026-08-19 16:00:00+00:00,2026-08-19 16:59:59.999000+00:00,0.06921,0.07045,0.0692,0.06947,9317929.0
2026-08-19 17:00:00+00:00,2026-08-19 17:59:59.999000+00:00,0.06947,0.06968,0.06904,0.06956,11024561.0
2026-08-19 18:00:00+00:00,2026-08-19 18:59:59.999000+00:00,0.06957,0.06961,0.06896,0.06945,7000326.0
2026-08-19 19:00:00+00:00,2026-08-19 19:59:59.999000+00:00,0.06943,0.06963,0.06915,0.06954,3137864.0
2026-08-19 20:00:00+00:00,2026-08-19 20:59:59.999000+00:00,0.06953,0.07064,0.06946,0.07038,8729853.0
2026-08-19 21:00:00+00:00,2026-08-19 21:59:59.999000+00:00,0.07038,0.07181,0.07036,0.07168,14670870.0
2026-08-19 22:00:00+00:00,2026-08-19 22:59:59.999000+00:00,0.07168,0.07177,0.07071,0.07098,7058221.0
2026-08-19 23:00:00+00:00,2026-08-19 23:59:59.999000+00:00,0.07098,0.07099,0.07054,0.07065,3321354.0
2026-08-20 00:00:00+00:00,2026-08-20 00:59:59.999000+00:00,0.07064,0.07138,0.07045,0.07127,5452568.0
2026-08-20 01:00:00+00:00,2026-08-20 01:59:59.999000+00:00,0.07127,0.07146,0.0707,0.07121,3159485.0
2026-08-20 02:00:00+00:00,2026-08-20 02:59:59.999000+00:00,0.07122,0.07137,0.07081,0.07081,3579567.0
2026-08-20 03:00:00+00:00,2026-08-20 03:59:59.999000+00:00,0.07081,0.07081,0.0702,0.07055,3416918.0
2026-08-20 04:00:00+00:00,2026-08-20 04:59:59.999000+00:00,0.07055,0.07117,0.07055,0.07112,2716998.0
2026-08-20 05:00:00+00:00,2026-08-20 05:59:59.999000+00:00,0.07112,0.07174,0.07097,0.0715,2963684.0
2026-08-20 06:00:00+00:00,2026-08-20 06:59:59.999000+00:00,0.07151,0.07189,0.0713,0.07187,3797692.0
2026-08-20 07:00:00+00:00,2026-08-20 07:59:59.999000+00:00,0.07187,0.07187,0.07104,0.0714,2162058.0
2026-08-20 08:00:00+00:00,2026-08-20 08:59:59.999000+00:00,0.0714,0.07269,0.07121,0.07252,18349104.0
2026-08-20 09:00:00+00:00,2026-08-20 09:59:59.999000+00:00,0.07252,0.07259,0.07209,0.0721,5548088.0
2026-08-20 10:00:00+00:00,2026-08-20 10:59:59.999000+00:00,0.0721,0.07306,0.07196,0.07279,6409131.0
2026-08-20 11:00:00+00:00,2026-08-20 11:59:59.999000+00:00,0.07279,0.0736,0.0724,0.07342,7233990.0
2026-08-20 12:00:00+00:00,2026-08-20 12:59:59.999000+00:00,0.07343,0.07354,0.07257,0.07299,9232006.0
2026-08-20 13:00:00+00:00,2026-08-20 13:59:59.999000+00:00,0.07299,0.07318,0.07237,0.07311,5862764.0
2026-08-20 14:00:00+00:00,2026-08-20 14:59:59.999000+00:00,0.07311,0.07395,0.07289,0.07312,11212254.0
2026-08-20 15:00:00+00:00,2026-08-20 15:59:59.999000+00:00,0.07312,0.07388,0.07297,0.0738,10086581.0
2026-08-20 16:00:00+00:00,2026-08-20 16:59:59.999000+00:00,0.0738,0.07446,0.07341,0.07446,13999336.0
2026-08-20 17:00:00+00:00,2026-08-20 17:59:59.999000+00:00,0.07446,0.07449,0.07332,0.07347,12156337.0
2026-08-20 18:00:00+00:00,2026-08-20 18:59:59.999000+00:00,0.07348,0.07362,0.07171,0.07171,15045507.0
2026-08-20 19:00:00+00:00,2026-08-20 19:59:59.999000+00:00,0.07171,0.07241,0.07171,0.07226,6440497.0
2026-08-20 20:00:00+00:00,2026-08-20 20:59:59.999000+00:00,0.07226,0.07314,0.07226,0.07285,6429317.0
2026-08-20 21:00:00+00:00,2026-08-20 21:59:59.999000+00:00,0.07285,0.07345,0.07262,0.07329,9453454.0
2026-08-20 22:00:00+00:00,2026-08-20 22:59:59.999000+00:00,0.07329,0.07341,0.07284,0.07323,3619709.0
2026-08-20 23:00:00+00:00,2026-08-20 23:59:59.999000+00:00,0.07323,0.07362,0.07299,0.07344,4675334.0
2026-08-21 00:00:00+00:00,2026-08-21 00:59:59.999000+00:00,0.07345,0.07412,0.07345,0.07383,6515505.0
2026-08-21 01:00:00+00:00,2026-08-21 01:59:59.999000+00:00,0.07382,0.075,0.07367,0.07496,8984850.0
2026-08-21 02:00:00+00:00,2026-08-21 02:59:59.999000+00:00,0.07497,0.07498,0.07437,0.07465,4386259.0
2026-08-21 03:00:00+00:00,2026-08-21 03:59:59.999000+00:00,0.07464,0.07533,0.07435,0.07507,4831077.0
2026-08-21 04:00:00+00:00,2026-08-21 04:59:59.999000+00:00,0.07507,0.07556,0.07474,0.07508,7895234.0
2026-08-21 05:00:00+00:00,2026-08-21 05:59:59.999000+00:00,0.07507,0.07529,0.07478,0.07499,5059161.0
2026-08-21 06:00:00+00:00,2026-08-21 06:59:59.999000+00:00,0.07499,0.07543,0.07483,0.07491,4506695.0
2026-08-21 07:00:00+00:00,2026-08-21 07:59:59.999000+00:00,0.07491,0.07574,0.07481,0.07573,7145420.0
2026-08-21 08:00:00+00:00,2026-08-21 08:59:59.999000+00:00,0.07572,0.07733,0.07564,0.07733,12870697.0
2026-08-21 09:00:00+00:00,2026-08-21 09:59:59.999000+00:00,0.07731,0.07732,0.07483,0.07661,29691960.0
2026-08-21 10:00:00+00:00,2026-08-21 10:59:59.999000+00:00,0.07662,0.07733,0.07606,0.07717,10906134.0
2026-08-21 11:00:00+00:00,2026-08-21 11:59:59.999000+00:00,0.07716,0.07728,0.07557,0.07558,19640633.0
2026-08-21 12:00:00+00:00,2026-08-21 12:59:59.999000+00:00,0.07558,0.07768,0.07537,0.07765,13202917.0
2026-08-21 13:00:00+00:00,2026-08-21 13:59:59.999000+00:00,0.07765,0.0786,0.07691,0.07823,25755762.0
2026-08-21 14:00:00+00:00,2026-08-21 14:59:59.999000+00:00,0.07822,0.07833,0.07681,0.07752,11794894.0
2026-08-21 15:00:00+00:00,2026-08-21 15:59:59.999000+00:00,0.07753,0.07839,0.07735,0.07785,12250432.0
2026-08-21 16:00:00+00:00,2026-08-21 16:59:59.999000+00:00,0.07788,0.07829,0.07721,0.07768,13963598.0
2026-08-21 17:00:00+00:00,2026-08-21 17:59:59.999000+00:00,0.07769,0.07796,0.07654,0.07744,15692768.0
2026-08-21 18:00:00+00:00,2026-08-21 18:59:59.999000+00:00,0.07745,0.07754,0.07628,0.07673,9450094.0
2026-08-21 19:00:00+00:00,2026-08-21 19:59:59.999000+00:00,0.07672,0.07728,0.07602,0.07608,13325520.0
2026-08-21 20:00:00+00:00,2026-08-21 20:59:59.999000+00:00,0.07608,0.07708,0.07589,0.07706,6526141.0
2026-08-21 21:00:00+00:00,2026-08-21 21:59:59.999000+00:00,0.07705,0.07953,0.07696,0.07922,13736605.0
2026-08-21 22:00:00+00:00,2026-08-21 22:59:59.999000+00:00,0.07921,0.07978,0.07798,0.07976,17597068.0
2026-08-21 23:00:00+00:00,2026-08-21 23:59:59.999000+00:00,0.07977,0.08083,0.0794,0.07981,18261563.0
2026-08-22 00:00:00+00:00,2026-08-22 00:59:59.999000+00:00,0.0798,0.08026,0.07873,0.07971,19161574.0
2026-08-22 01:00:00+00:00,2026-08-22 01:59:59.999000+00:00,0.07971,0.08077,0.07959,0.07976,15610678.0
2026-08-22 02:00:00+00:00,2026-08-22 02:59:59.999000+00:00,0.07976,0.08224,0.07976,0.08219,17509398.0
2026-08-22 03:00:00+00:00,2026-08-22 03:59:59.999000+00:00,0.08219,0.0835,0.0817,0.08274,23899136.0
2026-08-22 04:00:00+00:00,2026-08-22 04:59:59.999000+00:00,0.08275,0.0865,0.08265,0.08608,25471576.0
2026-08-22 05:00:00+00:00,2026-08-22 05:59:59.999000+00:00,0.08609,0.08687,0.0746,0.07911,101935844.0
2026-08-22 06:00:00+00:00,2026-08-22 06:59:59.999000+00:00,0.07912,0.0806,0.07842,0.07904,28468346.0
2026-08-22 07:00:00+00:00,2026-08-22 07:59:59.999000+00:00,0.07903,0.07973,0.07827,0.07852,15060287.0
2026-08-22 08:00:00+00:00,2026-08-22 08:59:59.999000+00:00,0.07853,0.07897,0.0776,0.0782,14724741.0
2026-08-22 09:00:00+00:00,2026-08-22 09:59:59.999000+00:00,0.07819,0.0787,0.07741,0.07778,11254851.0
2026-08-22 10:00:00+00:00,2026-08-22 10:59:59.999000+00:00,0.07779,0.0778,0.07604,0.07715,19184912.0
2026-08-22 11:00:00+00:00,2026-08-22 11:59:59.999000+00:00,0.07715,0.07756,0.07689,0.07746,5939433.0
2026-08-22 12:00:00+00:00,2026-08-22 12:59:59.999000+00:00,0.07745,0.07832,0.07729,0.07747,7083874.0
2026-08-22 13:00:00+00:00,2026-08-22 13:59:59.999000+00:00,0.07748,0.07762,0.07666,0.07698,12908515.0
2026-08-22 14:00:00+00:00,2026-08-22 14:59:59.999000+00:00,0.07697,0.07736,0.07619,0.07651,7580715.0
2026-08-22 15:00:00+00:00,2026-08-22 15:59:59.999000+00:00,0.0765,0.07669,0.07594,0.07629,6530375.0
2026-08-22 16:00:00+00:00,2026-08-22 16:59:59.999000+00:00,0.07628,0.07791,0.07626,0.07753,5627332.0
2026-08-22 17:00:00+00:00,2026-08-22 17:59:59.999000+00:00,0.07753,0.07813,0.07726,0.07784,4246723.0
2026-08-22 18:00:00+00:00,2026-08-22 18:59:59.999000+00:00,0.07784,0.07809,0.07727,0.07761,3609340.0
2026-08-22 19:00:00+00:00,2026-08-22 19:59:59.999000+00:00,0.0776,0.07806,0.07737,0.07789,1900262.0
2026-08-22 20:00:00+00:00,2026-08-22 20:59:59.999000+00:00,0.07789,0.07816,0.07752,0.07785,3478473.0
2026-08-22 21:00:00+00:00,2026-08-22 21:59:59.999000+00:00,0.07784,0.07785,0.07654,0.07689,5820672.0
2026-08-22 22:00:00+00:00,2026-08-22 22:59:59.999000+00:00,0.0769,0.07793,0.07664,0.07793,8062774.0
2026-08-22 23:00:00+00:00,2026-08-22 23:59:59.999000+00:00,0.07793,0.07794,0.07715,0.07742,2807340.0
2026-08-23 00:00:00+00:00,2026-08-23 00:59:59.999000+00:00,0.07743,0.07835,0.07731,0.07819,4540607.0
2026-08-23 01:00:00+00:00,2026-08-23 01:59:59.999000+00:00,0.07818,0.07818,0.07736,0.07746,4833256.0
2026-08-23 02:00:00+00:00,2026-08-23 02:59:59.999000+00:00,0.07746,0.07779,0.07684,0.0774,7588199.0
2026-08-23 03:00:00+00:00,2026-08-23 03:59:59.999000+00:00,0.0774,0.07747,0.07651,0.07701,6910933.0
2026-08-23 04:00:00+00:00,2026-08-23 04:59:59.999000+00:00,0.077,0.07751,0.07604,0.07654,8527840.0
2026-08-23 05:00:00+00:00,2026-08-23 05:59:59.999000+00:00,0.07652,0.07717,0.07575,0.07622,11094666.0
2026-08-23 06:00:00+00:00,2026-08-23 06:59:59.999000+00:00,0.07621,0.0766,0.0759,0.07617,6571879.0
2026-08-23 07:00:00+00:00,2026-08-23 07:59:59.999000+00:00,0.07617,0.0768,0.07611,0.07666,2496915.0
2026-08-23 08:00:00+00:00,2026-08-23 08:59:59.999000+00:00,0.07667,0.07815,0.07662,0.07803,9588380.0
2026-08-23 09:00:00+00:00,2026-08-23 09:59:59.999000+00:00,0.07804,0.07821,0.0776,0.07791,2906737.0
2026-08-23 10:00:00+00:00,2026-08-23 10:59:59.999000+00:00,0.07791,0.07901,0.07789,0.07868,8592427.0
2026-08-23 11:00:00+00:00,2026-08-23 11:59:59.999000+00:00,0.07868,0.07945,0.07862,0.07924,6125967.0
2026-08-23 12:00:00+00:00,2026-08-23 12:59:59.999000+00:00,0.07924,0.07985,0.07859,0.07978,7003609.0
2026-08-23 13:00:00+00:00,2026-08-23 13:59:59.999000+00:00,0.07978,0.08103,0.07977,0.08026,12998500.0
2026-08-23 14:00:00+00:00,2026-08-23 14:59:59.999000+00:00,0.08025,0.08041,0.07795,0.07904,12775378.0
2026-08-23 15:00:00+00:00,2026-08-23 15:59:59.999000+00:00,0.07905,0.07974,0.07863,0.07944,5282260.0
2026-08-23 16:00:00+00:00,2026-08-23 16:59:59.999000+00:00,0.07944,0.07976,0.07906,0.07927,3617351.0
2026-08-23 17:00:00+00:00,2026-08-23 17:59:59.999000+00:00,0.07926,0.07941,0.07838,0.07857,6294629.0
2026-08-23 18:00:00+00:00,2026-08-23 18:59:59.999000+00:00,0.07857,0.07903,0.07853,0.07892,2606786.0
2026-08-23 19:00:00+00:00,2026-08-23 19:59:59.999000+00:00,0.07892,0.0791,0.07867,0.07888,2795338.0
2026-08-23 20:00:00+00:00,2026-08-23 20:59:59.999000+00:00,0.07888,0.07934,0.07866,0.07908,4839282.0
2026-08-23 21:00:00+00:00,2026-08-23 21:59:59.999000+00:00,0.07907,0.08084,0.07907,0.08049,10883561.0
2026-08-23 22:00:00+00:00,2026-08-23 22:59:59.999000+00:00,0.08048,0.08101,0.07997,0.08058,5354756.0
2026-08-23 23:00:00+00:00,2026-08-23 23:59:59.999000+00:00,0.08056,0.08056,0.0797,0.07981,8723989.0
2026-08-24 00:00:00+00:00,2026-08-24 00:59:59.999000+00:00,0.07981,0.08013,0.07852,0.0793,8937743.0
2026-08-24 01:00:00+00:00,2026-08-24 01:59:59.999000+00:00,0.07931,0.07934,0.07734,0.07765,6901847.0
2026-08-24 02:00:00+00:00,2026-08-24 02:59:59.999000+00:00,0.07766,0.07912,0.07766,0.07897,6226137.0
2026-08-24 03:00:00+00:00,2026-08-24 03:59:59.999000+00:00,0.07898,0.079,0.07829,0.07874,3293244.0
2026-08-24 04:00:00+00:00,2026-08-24 04:59:59.999000+00:00,0.07874,0.08004,0.07874,0.07918,9609870.0
2026-08-24 05:00:00+00:00,2026-08-24 05:59:59.999000+00:00,0.07917,0.08004,0.07884,0.07999,5733945.0
2026-08-24 06:00:00+00:00,2026-08-24 06:59:59.999000+00:00,0.07998,0.08071,0.07936,0.07961,6586886.0
2026-08-24 07:00:00+00:00,2026-08-24 07:59:59.999000+00:00,0.07962,0.08054,0.07946,0.0803,6980371.0
2026-08-24 08:00:00+00:00,2026-08-24 08:59:59.999000+00:00,0.08031,0.08069,0.07924,0.07955,6422820.0
2026-08-24 09:00:00+00:00,2026-08-24 09:59:59.999000+00:00,0.07956,0.08027,0.07931,0.07947,7257980.0
2026-08-24 10:00:00+00:00,2026-08-24 10:59:59.999000+00:00,0.07948,0.07995,0.07873,0.07909,5585726.0
2026-08-24 11:00:00+00:00,2026-08-24 11:59:59.999000+00:00,0.07909,0.0805,0.0787,0.08023,6282334.0
2026-08-24 12:00:00+00:00,2026-08-24 12:59:59.999000+00:00,0.08023,0.08125,0.0794,0.08101,6224004.0
2026-08-24 13:00:00+00:00,2026-08-24 13:59:59.999000+00:00,0.08102,0.08113,0.0787,0.07934,10884065.0
2026-08-24 14:00:00+00:00,2026-08-24 14:59:59.999000+00:00,0.07935,0.08151,0.07935,0.08041,10512437.0
2026-08-24 15:00:00+00:00,2026-08-24 15:59:59.999000+00:00,0.08041,0.08078,0.07921,0.07937,12128910.0
2026-08-24 16:00:00+00:00,2026-08-24 16:59:59.999000+00:00,0.07937,0.07998,0.07888,0.07906,11931827.0
2026-08-24 17:00:00+00:00,2026-08-24 17:59:59.999000+00:00,0.07907,0.07925,0.07839,0.07897,15146206.0
2026-08-24 18:00:00+00:00,2026-08-24 18:59:59.999000+00:00,0.07898,0.07946,0.07877,0.07887,10879663.0
2026-08-24 19:00:00+00:00,2026-08-24 19:59:59.999000+00:00,0.07887,0.07955,0.07873,0.07919,10207708.0
2026-08-24 20:00:00+00:00,2026-08-24 20:59:59.999000+00:00,0.0792,0.07981,0.07898,0.07978,7019496.0
2026-08-24 21:00:00+00:00,2026-08-24 21:59:59.999000+00:00,0.07977,0.08025,0.07972,0.07994,7493736.0
2026-08-24 22:00:00+00:00,2026-08-24 22:59:59.999000+00:00,0.07994,0.08005,0.07957,0.07958,9925173.0
2026-08-24 23:00:00+00:00,2026-08-24 23:59:59.999000+00:00,0.07959,0.07971,0.07897,0.07928,11562401.0
2026-08-25 00:00:00+00:00,2026-08-25 00:59:59.999000+00:00,0.07928,0.08062,0.07905,0.08039,13017266.0
2026-08-25 01:00:00+00:00,2026-08-25 01:59:59.999000+00:00,0.08039,0.08103,0.07997,0.08103,12636231.0
2026-08-25 02:00:00+00:00,2026-08-25 02:59:59.999000+00:00,0.08102,0.083,0.08062,0.08179,21770065.0
2026-08-25 03:00:00+00:00,2026-08-25 03:59:59.999000+00:00,0.08178,0.08426,0.08151,0.08337,24520733.0
2026-08-25 04:00:00+00:00,2026-08-25 04:59:59.999000+00:00,0.08337,0.08356,0.08168,0.08184,9394297.0
2026-08-25 05:00:00+00:00,2026-08-25 05:59:59.999000+00:00,0.08184,0.08248,0.08171,0.08206,4939588.0
2026-08-25 06:00:00+00:00,2026-08-25 06:59:59.999000+00:00,0.08207,0.08261,0.08136,0.08158,12846369.0
2026-08-25 07:00:00+00:00,2026-08-25 07:59:59.999000+00:00,0.08157,0.08202,0.07961,0.08009,19146114.0
2026-08-25 08:00:00+00:00,2026-08-25 08:59:59.999000+00:00,0.08009,0.08103,0.08009,0.08054,7824443.0
2026-08-25 09:00:00+00:00,2026-08-25 09:59:59.999000+00:00,0.08054,0.08071,0.07982,0.08029,3956689.0
2026-08-25 10:00:00+00:00,2026-08-25 10:59:59.999000+00:00,0.08028,0.08081,0.08025,0.08074,4166503.0
2026-08-25 11:00:00+00:00,2026-08-25 11:59:59.999000+00:00,0.08074,0.0808,0.0802,0.08029,2849853.0
2026-08-25 12:00:00+00:00,2026-08-25 12:59:59.999000+00:00,0.0803,0.08054,0.07973,0.0804,6503246.0
2026-08-25 13:00:00+00:00,2026-08-25 13:59:59.999000+00:00,0.08042,0.08062,0.07926,0.07991,9575008.0
2026-08-25 14:00:00+00:00,2026-08-25 14:59:59.999000+00:00,0.07991,0.08061,0.07971,0.08028,6226185.0
2026-08-25 15:00:00+00:00,2026-08-25 15:59:59.999000+00:00,0.08028,0.08035,0.07968,0.08017,4825454.0
2026-08-25 16:00:00+00:00,2026-08-25 16:59:59.999000+00:00,0.08016,0.08056,0.07983,0.07989,5109337.0
2026-08-25 17:00:00+00:00,2026-08-25 17:59:59.999000+00:00,0.07989,0.08005,0.07943,0.07997,4543140.0
2026-08-25 18:00:00+00:00,2026-08-25 18:59:59.999000+00:00,0.07997,0.08058,0.0797,0.07993,6001725.0
2026-08-25 19:00:00+00:00,2026-08-25 19:59:59.999000+00:00,0.07994,0.08007,0.07882,0.07893,6171238.0
2026-08-25 20:00:00+00:00,2026-08-25 20:59:59.999000+00:00,0.07893,0.07904,0.078,0.07806,14871835.0
2026-08-25 21:00:00+00:00,2026-08-25 21:59:59.999000+00:00,0.07806,0.07834,0.07721,0.07788,8166991.0
2026-08-25 22:00:00+00:00,2026-08-25 22:59:59.999000+00:00,0.07788,0.07871,0.07788,0.07846,8274335.0
2026-08-25 23:00:00+00:00,2026-08-25 23:59:59.999000+00:00,0.07845,0.07858,0.07764,0.07775,7602933.0
2026-08-26 00:00:00+00:00,2026-08-26 00:59:59.999000+00:00,0.07774,0.07807,0.07723,0.07792,9264591.0
2026-08-26 01:00:00+00:00,2026-08-26 01:59:59.999000+00:00,0.07792,0.07836,0.07789,0.07812,7498519.0
2026-08-26 02:00:00+00:00,2026-08-26 02:59:59.999000+00:00,0.07812,0.07874,0.07804,0.07853,7588959.0
2026-08-26 03:00:00+00:00,2026-08-26 03:59:59.999000+00:00,0.07853,0.0786,0.07792,0.07822,7398905.0
2026-08-26 04:00:00+00:00,2026-08-26 04:59:59.999000+00:00,0.07823,0.07874,0.07814,0.07818,2727131.0
2026-08-26 05:00:00+00:00,2026-08-26 05:59:59.999000+00:00,0.07818,0.07847,0.07794,0.07826,2855423.0
2026-08-26 06:00:00+00:00,2026-08-26 06:59:59.999000+00:00,0.07826,0.07841,0.07806,0.07812,1629781.0
2026-08-26 07:00:00+00:00,2026-08-26 07:59:59.999000+00:00,0.07811,0.0783,0.07783,0.07783,1995723.0
2026-08-26 08:00:00+00:00,2026-08-26 08:59:59.999000+00:00,0.07783,0.07806,0.07741,0.07752,2209081.0
2026-08-26 09:00:00+00:00,2026-08-26 09:59:59.999000+00:00,0.07751,0.07771,0.077,0.07719,4427381.0
2026-08-26 10:00:00+00:00,2026-08-26 10:59:59.999000+00:00,0.07718,0.078,0.077,0.07789,2827874.0
2026-08-26 11:00:00+00:00,2026-08-26 11:59:59.999000+00:00,0.07788,0.078,0.07727,0.07747,3164616.0
2026-08-26 12:00:00+00:00,2026-08-26 12:59:59.999000+00:00,0.07746,0.07818,0.07729,0.07788,4548948.0
2026-08-26 13:00:00+00:00,2026-08-26 13:59:59.999000+00:00,0.07788,0.07793,0.0768,0.07735,6624663.0
2026-08-26 14:00:00+00:00,2026-08-26 14:59:59.999000+00:00,0.07733,0.07751,0.07661,0.07669,4903569.0
2026-08-26 15:00:00+00:00,2026-08-26 15:59:59.999000+00:00,0.07668,0.07717,0.07629,0.07675,8976986.0
2026-08-26 16:00:00+00:00,2026-08-26 16:59:59.999000+00:00,0.07674,0.07711,0.07645,0.07683,4041958.0
2026-08-26 17:00:00+00:00,2026-08-26 17:59:59.999000+00:00,0.07683,0.07755,0.07673,0.07724,4336833.0
2026-08-26 18:00:00+00:00,2026-08-26 18:59:59.999000+00:00,0.07723,0.07762,0.0771,0.07754,4124682.0
2026-08-26 19:00:00+00:00,2026-08-26 19:59:59.999000+00:00,0.07754,0.07778,0.07741,0.07743,3055423.0
2026-08-26 20:00:00+00:00,2026-08-26 20:59:59.999000+00:00,0.07742,0.07753,0.07678,0.07709,4020212.0
2026-08-26 21:00:00+00:00,2026-08-26 21:59:59.999000+00:00,0.0771,0.07801,0.07707,0.078,2894207.0
2026-08-26 22:00:00+00:00,2026-08-26 22:59:59.999000+00:00,0.07799,0.0785,0.07783,0.078,4420494.0
2026-08-26 23:00:00+00:00,2026-08-26 23:59:59.999000+00:00,0.07798,0.07871,0.07783,0.07859,2997121.0
2026-08-27 00:00:00+00:00,2026-08-27 00:59:59.999000+00:00,0.07859,0.07859,0.07759,0.07759,2850869.0
2026-08-27 01:00:00+00:00,2026-08-27 01:59:59.999000+00:00,0.07758,0.07815,0.07737,0.07798,4659923.0
2026-08-27 02:00:00+00:00,2026-08-27 02:59:59.999000+00:00,0.07797,0.07806,0.07711,0.0772,3035479.0
2026-08-27 03:00:00+00:00,2026-08-27 03:59:59.999000+00:00,0.07722,0.07777,0.07717,0.07728,4141800.0
2026-08-27 04:00:00+00:00,2026-08-27 04:59:59.999000+00:00,0.0773,0.07764,0.07711,0.07723,2507667.0
2026-08-27 05:00:00+00:00,2026-08-27 05:59:59.999000+00:00,0.07724,0.07762,0.07694,0.07755,3122134.0
2026-08-27 06:00:00+00:00,2026-08-27 06:59:59.999000+00:00,0.07754,0.07763,0.07712,0.07758,1561067.0
2026-08-27 07:00:00+00:00,2026-08-27 07:59:59.999000+00:00,0.0776,0.07793,0.07746,0.07792,1413356.0
2026-08-27 08:00:00+00:00,2026-08-27 08:59:59.999000+00:00,0.07792,0.07878,0.07783,0.07854,6040048.0
2026-08-27 09:00:00+00:00,2026-08-27 09:59:59.999000+00:00,0.07853,0.07893,0.07827,0.07849,3399211.0
2026-08-27 10:00:00+00:00,2026-08-27 10:59:59.999000+00:00,0.0785,0.07891,0.07775,0.0783,3120252.0
2026-08-27 11:00:00+00:00,2026-08-27 11:59:59.999000+00:00,0.07827,0.07849,0.07792,0.07823,2029633.0
2026-08-27 12:00:00+00:00,2026-08-27 12:59:59.999000+00:00,0.07823,0.07862,0.07821,0.07845,1598392.0
2026-08-27 13:00:00+00:00,2026-08-27 13:59:59.999000+00:00,0.07847,0.07877,0.07811,0.07866,3269639.0
2026-08-27 14:00:00+00:00,2026-08-27 14:59:59.999000+00:00,0.07866,0.07962,0.07858,0.07921,6265966.0
2026-08-27 15:00:00+00:00,2026-08-27 15:59:59.999000+00:00,0.07922,0.07961,0.07904,0.07918,5108586.0
2026-08-27 16:00:00+00:00,2026-08-27 16:59:59.999000+00:00,0.07918,0.07975,0.07895,0.0793,4671491.0
2026-08-27 17:00:00+00:00,2026-08-27 17:59:59.999000+00:00,0.0793,0.07969,0.07907,0.07914,4892780.0
2026-08-27 18:00:00+00:00,2026-08-27 18:59:59.999000+00:00,0.07918,0.07927,0.07845,0.07891,3948758.0
2026-08-27 19:00:00+00:00,2026-08-27 19:59:59.999000+00:00,0.0789,0.07903,0.07841,0.07851,2984180.0
2026-08-27 20:00:00+00:00,2026-08-27 20:59:59.999000+00:00,0.07848,0.079,0.0783,0.07888,1588635.0
2026-08-27 21:00:00+00:00,2026-08-27 21:59:59.999000+00:00,0.07889,0.07903,0.07864,0.07903,1438635.0
2026-08-27 22:00:00+00:00,2026-08-27 22:59:59.999000+00:00,0.07902,0.07938,0.07872,0.07882,1558903.0
2026-08-27 23:00:00+00:00,2026-08-27 23:59:59.999000+00:00,0.07882,0.07896,0.07865,0.07874,2223603.0
2026-08-28 00:00:00+00:00,2026-08-28 00:59:59.999000+00:00,0.07876,0.07924,0.07861,0.0791,1734393.0
2026-08-28 01:00:00+00:00,2026-08-28 01:59:59.999000+00:00,0.0791,0.0798,0.07864,0.0788,3519031.0
2026-08-28 02:00:00+00:00,2026-08-28 02:59:59.999000+00:00,0.07878,0.07885,0.07781,0.07792,4192903.0
2026-08-28 03:00:00+00:00,2026-08-28 03:59:59.999000+00:00,0.07791,0.07795,0.07752,0.07761,1892718.0
2026-08-28 04:00:00+00:00,2026-08-28 04:59:59.999000+00:00,0.07761,0.07775,0.07719,0.0774,3627676.0
2026-08-28 05:00:00+00:00,2026-08-28 05:59:59.999000+00:00,0.07739,0.07803,0.07732,0.07783,1681092.0
2026-08-28 06:00:00+00:00,2026-08-28 06:59:59.999000+00:00,0.07783,0.07841,0.07783,0.07831,1730382.0
2026-08-28 07:00:00+00:00,2026-08-28 07:59:59.999000+00:00,0.07829,0.07841,0.07787,0.07811,1792837.0
2026-08-28 08:00:00+00:00,2026-08-28 08:59:59.999000+00:00,0.07812,0.07833,0.0776,0.07765,2613866.0
2026-08-28 09:00:00+00:00,2026-08-28 09:59:59.999000+00:00,0.07766,0.07794,0.07743,0.07749,1744008.0
2026-08-28 10:00:00+00:00,2026-08-28 10:59:59.999000+00:00,0.07749,0.07805,0.07715,0.07804,2917895.0
2026-08-28 11:00:00+00:00,2026-08-28 11:59:59.999000+00:00,0.07804,0.07824,0.07788,0.07803,2395066.0
2026-08-28 12:00:00+00:00,2026-08-28 12:59:59.999000+00:00,0.07803,0.07808,0.07731,0.07769,3092702.0
2026-08-28 13:00:00+00:00,2026-08-28 13:59:59.999000+00:00,0.07768,0.07777,0.07716,0.07748,2761852.0
2026-08-28 14:00:00+00:00,2026-08-28 14:59:59.999000+00:00,0.07748,0.07819,0.07615,0.0776,11799211.0
2026-08-28 15:00:00+00:00,2026-08-28 15:59:59.999000+00:00,0.0776,0.07779,0.07502,0.07576,19846071.0
2026-08-28 16:00:00+00:00,2026-08-28 16:59:59.999000+00:00,0.07576,0.07581,0.07375,0.07566,78188781.0
2026-08-28 17:00:00+00:00,2026-08-28 17:59:59.999000+00:00,0.07566,0.07615,0.07557,0.07609,6960283.0
2026-08-28 18:00:00+00:00,2026-08-28 18:59:59.999000+00:00,0.0761,0.07612,0.07539,0.07597,5449501.0
2026-08-28 19:00:00+00:00,2026-08-28 19:59:59.999000+00:00,0.07598,0.07641,0.07598,0.07635,4481021.0
2026-08-28 20:00:00+00:00,2026-08-28 20:59:59.999000+00:00,0.07634,0.07675,0.07633,0.0767,3518503.0
2026-08-28 21:00:00+00:00,2026-08-28 21:59:59.999000+00:00,0.0767,0.07679,0.0759,0.07594,2560358.0
2026-08-28 22:00:00+00:00,2026-08-28 22:59:59.999000+00:00,0.07595,0.07624,0.07579,0.07591,2840899.0
2026-08-28 23:00:00+00:00,2026-08-28 23:59:59.999000+00:00,0.07591,0.07613,0.07577,0.07609,1550333.0
2026-08-29 00:00:00+00:00,2026-08-29 00:59:59.999000+00:00,0.0761,0.07627,0.07553,0.07554,2850413.0
2026-08-29 01:00:00+00:00,2026-08-29 01:59:59.999000+00:00,0.07555,0.07567,0.07542,0.07543,1027016.0
2026-08-29 02:00:00+00:00,2026-08-29 02:59:59.999000+00:00,0.07543,0.07567,0.07534,0.07565,1451693.0
2026-08-29 03:00:00+00:00,2026-08-29 03:59:59.999000+00:00,0.07564,0.07582,0.07542,0.07542,1235491.0
2026-08-29 04:00:00+00:00,2026-08-29 04:59:59.999000+00:00,0.07541,0.07558,0.07537,0.07545,922203.0
2026-08-29 05:00:00+00:00,2026-08-29 05:59:59.999000+00:00,0.07544,0.07561,0.07522,0.07531,1119107.0
2026-08-29 06:00:00+00:00,2026-08-29 06:59:59.999000+00:00,0.07532,0.07535,0.07475,0.07529,2642104.0
2026-08-29 07:00:00+00:00,2026-08-29 07:59:59.999000+00:00,0.07528,0.07538,0.07494,0.07498,979169.0
2026-08-29 08:00:00+00:00,2026-08-29 08:59:59.999000+00:00,0.07497,0.07497,0.07464,0.07469,1751230.0
2026-08-29 09:00:00+00:00,2026-08-29 09:59:59.999000+00:00,0.07471,0.07477,0.07463,0.07471,752170.0
2026-08-29 10:00:00+00:00,2026-08-29 10:59:59.999000+00:00,0.0747,0.07486,0.07461,0.07479,661447.0
2026-08-29 11:00:00+00:00,2026-08-29 11:59:59.999000+00:00,0.07478,0.07488,0.07459,0.07473,1349947.0
2026-08-29 12:00:00+00:00,2026-08-29 12:59:59.999000+00:00,0.07473,0.075,0.07472,0.07486,837327.0
2026-08-29 13:00:00+00:00,2026-08-29 13:59:59.999000+00:00,0.07486,0.07513,0.07479,0.07504,1923357.0
2026-08-29 14:00:00+00:00,2026-08-29 14:59:59.999000+00:00,0.07505,0.07581,0.07505,0.0756,2583326.0
2026-08-29 15:00:00+00:00,2026-08-29 15:59:59.999000+00:00,0.07562,0.07562,0.07537,0.07553,1177583.0
2026-08-29 16:00:00+00:00,2026-08-29 16:59:59.999000+00:00,0.07552,0.07565,0.0753,0.0754,1661244.0
2026-08-29 17:00:00+00:00,2026-08-29 17:59:59.999000+00:00,0.0754,0.07552,0.07516,0.07534,940628.0
2026-08-29 18:00:00+00:00,2026-08-29 18:59:59.999000+00:00,0.07535,0.07554,0.07532,0.07545,1268256.0
2026-08-29 19:00:00+00:00,2026-08-29 19:59:59.999000+00:00,0.07546,0.07563,0.07542,0.0755,2837798.0
2026-08-29 20:00:00+00:00,2026-08-29 20:59:59.999000+00:00,0.07551,0.07572,0.07542,0.07546,2858363.0
2026-08-29 21:00:00+00:00,2026-08-29 21:59:59.999000+00:00,0.07546,0.07566,0.07538,0.07542,1544374.0
2026-08-29 22:00:00+00:00,2026-08-29 22:59:59.999000+00:00,0.07542,0.07556,0.07542,0.0755,611364.0
2026-08-29 23:00:00+00:00,2026-08-29 23:59:59.999000+00:00,0.0755,0.07559,0.0754,0.07551,720249.0
2026-08-30 00:00:00+00:00,2026-08-30 00:59:59.999000+00:00,0.07551,0.07572,0.07546,0.07549,1564124.0
2026-08-30 01:00:00+00:00,2026-08-30 01:59:59.999000+00:00,0.07548,0.07558,0.07526,0.0753,2028148.0
2026-08-30 02:00:00+00:00,2026-08-30 02:59:59.999000+00:00,0.07528,0.07539,0.07517,0.07527,679039.0
2026-08-30 03:00:00+00:00,2026-08-30 03:59:59.999000+00:00,0.07528,0.07529,0.07507,0.07513,976211.0
2026-08-30 04:00:00+00:00,2026-08-30 04:59:59.999000+00:00,0.07512,0.07518,0.07376,0.07488,23134429.0
2026-08-30 05:00:00+00:00,2026-08-30 05:59:59.999000+00:00,0.07487,0.07507,0.07484,0.07496,1861594.0
2026-08-30 06:00:00+00:00,2026-08-30 06:59:59.999000+00:00,0.07497,0.07521,0.07479,0.07521,1929828.0
2026-08-30 07:00:00+00:00,2026-08-30 07:59:59.999000+00:00,0.0752,0.07521,0.07484,0.07487,911472.0
2026-08-30 08:00:00+00:00,2026-08-30 08:59:59.999000+00:00,0.07486,0.07496,0.07479,0.07487,1178593.0
2026-08-30 09:00:00+00:00,2026-08-30 09:59:59.999000+00:00,0.07487,0.07502,0.07481,0.07492,1168825.0
2026-08-30 10:00:00+00:00,2026-08-30 10:59:59.999000+00:00,0.07492,0.0752,0.07484,0.07511,1253514.0
2026-08-30 11:00:00+00:00,2026-08-30 11:59:59.999000+00:00,0.0751,0.07512,0.07487,0.07505,743204.0
2026-08-30 12:00:00+00:00,2026-08-30 12:59:59.999000+00:00,0.07505,0.07561,0.07505,0.0756,1681523.0
2026-08-30 13:00:00+00:00,2026-08-30 13:59:59.999000+00:00,0.07561,0.07577,0.07534,0.07569,1933576.0
2026-08-30 14:00:00+00:00,2026-08-30 14:59:59.999000+00:00,0.07567,0.07567,0.07508,0.07529,2126061.0
2026-08-30 15:00:00+00:00,2026-08-30 15:59:59.999000+00:00,0.07529,0.07532,0.07494,0.07498,1092476.0
2026-08-30 16:00:00+00:00,2026-08-30 16:59:59.999000+00:00,0.07499,0.07568,0.07496,0.07558,2405924.0
2026-08-30 17:00:00+00:00,2026-08-30 17:59:59.999000+00:00,0.07559,0.0759,0.07548,0.07562,2542664.0
2026-08-30 18:00:00+00:00,2026-08-30 18:59:59.999000+00:00,0.07562,0.07614,0.07553,0.07592,3585746.0
2026-08-30 19:00:00+00:00,2026-08-30 19:59:59.999000+00:00,0.07592,0.07607,0.07562,0.07574,1854990.0
2026-08-30 20:00:00+00:00,2026-08-30 20:59:59.999000+00:00,0.07575,0.07604,0.075,0.07525,2172316.0
2026-08-30 21:00:00+00:00,2026-08-30 21:59:59.999000+00:00,0.07524,0.07533,0.07464,0.07509,2951593.0
2026-08-30 22:00:00+00:00,2026-08-30 22:59:59.999000+00:00,0.07509,0.07533,0.07436,0.07448,2571786.0
2026-08-30 23:00:00+00:00,2026-08-30 23:59:59.999000+00:00,0.07448,0.07459,0.07295,0.07345,10279555.0
2026-08-31 00:00:00+00:00,2026-08-31 00:59:59.999000+00:00,0.07345,0.07424,0.0733,0.0739,3513020.0
2026-08-31 01:00:00+00:00,2026-08-31 01:59:59.999000+00:00,0.07389,0.07408,0.0732,0.07325,4373389.0
2026-08-31 02:00:00+00:00,2026-08-31 02:59:59.999000+00:00,0.07326,0.07377,0.07308,0.07326,2087918.0
2026-08-31 03:00:00+00:00,2026-08-31 03:59:59.999000+00:00,0.07326,0.07365,0.07317,0.07363,1072300.0
2026-08-31 04:00:00+00:00,2026-08-31 04:59:59.999000+00:00,0.07365,0.074,0.07344,0.07384,5695521.0
2026-08-31 05:00:00+00:00,2026-08-31 05:59:59.999000+00:00,0.07381,0.07438,0.07368,0.07424,3922257.0
2026-08-31 06:00:00+00:00,2026-08-31 06:59:59.999000+00:00,0.07424,0.07442,0.07413,0.0743,1449131.0
2026-08-31 07:00:00+00:00,2026-08-31 07:59:59.999000+00:00,0.07428,0.07448,0.07427,0.07443,1502441.0
2026-08-31 08:00:00+00:00,2026-08-31 08:59:59.999000+00:00,0.07443,0.07449,0.07401,0.07413,1747522.0
2026-08-31 09:00:00+00:00,2026-08-31 09:59:59.999000+00:00,0.07413,0.07442,0.07405,0.07421,1634660.0
2026-08-31 10:00:00+00:00,2026-08-31 10:59:59.999000+00:00,0.07419,0.07463,0.07411,0.07451,1189818.0
2026-08-31 11:00:00+00:00,2026-08-31 11:59:59.999000+00:00,0.07449,0.0745,0.07412,0.07419,1224257.0
2026-08-31 12:00:00+00:00,2026-08-31 12:59:59.999000+00:00,0.0742,0.07461,0.07375,0.07395,3655271.0
2026-08-31 13:00:00+00:00,2026-08-31 13:59:59.999000+00:00,0.07396,0.07422,0.07311,0.07326,4495860.0
2026-08-31 14:00:00+00:00,2026-08-31 14:59:59.999000+00:00,0.07327,0.07419,0.07326,0.07408,5354014.0
2026-08-31 15:00:00+00:00,2026-08-31 15:59:59.999000+00:00,0.07408,0.07412,0.07331,0.07333,4528629.0
2026-08-31 16:00:00+00:00,2026-08-31 16:59:59.999000+00:00,0.07333,0.07353,0.07313,0.07331,4467566.0
2026-08-31 17:00:00+00:00,2026-08-31 17:59:59.999000+00:00,0.0733,0.07375,0.07322,0.07352,3417347.0
2026-08-31 18:00:00+00:00,2026-08-31 18:59:59.999000+00:00,0.07353,0.07391,0.07334,0.07349,4400355.0
2026-08-31 19:00:00+00:00,2026-08-31 19:59:59.999000+00:00,0.07349,0.07369,0.0733,0.0734,3678602.0
2026-08-31 20:00:00+00:00,2026-08-31 20:59:59.999000+00:00,0.07341,0.07423,0.07338,0.07391,5695105.0
2026-08-31 21:00:00+00:00,2026-08-31 21:59:59.999000+00:00,0.07394,0.07414,0.07343,0.07392,3651885.0
2026-08-31 22:00:00+00:00,2026-08-31 22:59:59.999000+00:00,0.07391,0.07402,0.0736,0.0736,937193.0
2026-08-31 23:00:00+00:00,2026-08-31 23:59:59.999000+00:00,0.07359,0.0737,0.07352,0.07363,1470612.0
2026-09-01 00:00:00+00:00,2026-09-01 00:59:59.999000+00:00,0.07363,0.07416,0.07355,0.0739,3698306.0
2026-09-01 01:00:00+00:00,2026-09-01 01:59:59.999000+00:00,0.07391,0.07415,0.07371,0.07403,2153059.0
2026-09-01 02:00:00+00:00,2026-09-01 02:59:59.999000+00:00,0.07403,0.07404,0.07377,0.07401,1205590.0
2026-09-01 03:00:00+00:00,2026-09-01 03:59:59.999000+00:00,0.07402,0.07446,0.0739,0.07444,1952050.0
2026-09-01 04:00:00+00:00,2026-09-01 04:59:59.999000+00:00,0.07445,0.07468,0.07443,0.07461,1997729.0
2026-09-01 05:00:00+00:00,2026-09-01 05:59:59.999000+00:00,0.07462,0.07529,0.07462,0.0751,3431770.0
2026-09-01 06:00:00+00:00,2026-09-01 06:59:59.999000+00:00,0.07509,0.07509,0.07478,0.07485,1849919.0
2026-09-01 07:00:00+00:00,2026-09-01 07:59:59.999000+00:00,0.07485,0.07493,0.0745,0.07475,4248299.0
2026-09-01 08:00:00+00:00,2026-09-01 08:59:59.999000+00:00,0.07475,0.07479,0.07382,0.07389,3742483.0
2026-09-01 09:00:00+00:00,2026-09-01 09:59:59.999000+00:00,0.07389,0.07426,0.07379,0.07423,1483576.0
2026-09-01 10:00:00+00:00,2026-09-01 10:59:59.999000+00:00,0.07424,0.07487,0.07422,0.0748,1763150.0
2026-09-01 11:00:00+00:00,2026-09-01 11:59:59.999000+00:00,0.07479,0.07525,0.07454,0.07522,3001377.0
2026-09-01 12:00:00+00:00,2026-09-01 12:59:59.999000+00:00,0.07523,0.07559,0.0751,0.07533,3745490.0
2026-09-01 13:00:00+00:00,2026-09-01 13:59:59.999000+00:00,0.07532,0.07544,0.07418,0.07442,8960844.0
2026-09-01 14:00:00+00:00,2026-09-01 14:59:59.999000+00:00,0.07443,0.07507,0.07441,0.07468,3651314.0
2026-09-01 15:00:00+00:00,2026-09-01 15:59:59.999000+00:00,0.07469,0.07492,0.07423,0.07456,3774669.0
2026-09-01 16:00:00+00:00,2026-09-01 16:59:59.999000+00:00,0.07457,0.07464,0.07404,0.0745,5146143.0
2026-09-01 17:00:00+00:00,2026-09-01 17:59:59.999000+00:00,0.07448,0.07471,0.07426,0.07437,4631582.0
2026-09-01 18:00:00+00:00,2026-09-01 18:59:59.999000+00:00,0.07439,0.07458,0.07339,0.0743,8105700.0
2026-09-01 19:00:00+00:00,2026-09-01 19:59:59.999000+00:00,0.07429,0.07466,0.07415,0.07437,5562751.0
2026-09-01 20:00:00+00:00,2026-09-01 20:59:59.999000+00:00,0.07438,0.07465,0.07426,0.07449,2309733.0
2026-09-01 21:00:00+00:00,2026-09-01 21:59:59.999000+00:00,0.07447,0.07456,0.07377,0.07418,2174101.0
2026-09-01 22:00:00+00:00,2026-09-01 22:59:59.999000+00:00,0.07418,0.07432,0.07373,0.07386,2164161.0
2026-09-01 23:00:00+00:00,2026-09-01 23:59:59.999000+00:00,0.07386,0.0742,0.0738,0.07407,1502433.0
2026-09-02 00:00:00+00:00,2026-09-02 00:59:59.999000+00:00,0.07408,0.07416,0.07349,0.07349,2066318.0
2026-09-02 01:00:00+00:00,2026-09-02 01:59:59.999000+00:00,0.07349,0.07383,0.07303,0.07326,4916012.0
2026-09-02 02:00:00+00:00,2026-09-02 02:59:59.999000+00:00,0.07324,0.07369,0.07311,0.07361,2164443.0
2026-09-02 03:00:00+00:00,2026-09-02 03:59:59.999000+00:00,0.07361,0.07421,0.07361,0.07401,2315037.0
2026-09-02 04:00:00+00:00,2026-09-02 04:59:59.999000+00:00,0.07401,0.07418,0.07365,0.07415,1844616.0
2026-09-02 05:00:00+00:00,2026-09-02 05:59:59.999000+00:00,0.07414,0.07434,0.074,0.07409,3197023.0
2026-09-02 06:00:00+00:00,2026-09-02 06:59:59.999000+00:00,0.0741,0.07419,0.07382,0.07406,2555870.0
2026-09-02 07:00:00+00:00,2026-09-02 07:59:59.999000+00:00,0.07407,0.07429,0.07403,0.07404,1172750.0
2026-09-02 08:00:00+00:00,2026-09-02 08:59:59.999000+00:00,0.07404,0.07412,0.07338,0.07353,2090322.0
2026-09-02 09:00:00+00:00,2026-09-02 09:59:59.999000+00:00,0.07354,0.07384,0.07321,0.07345,2954569.0
2026-09-02 10:00:00+00:00,2026-09-02 10:59:59.999000+00:00,0.07346,0.07351,0.07277,0.07317,3163419.0
2026-09-02 11:00:00+00:00,2026-09-02 11:59:59.999000+00:00,0.07315,0.07341,0.07292,0.0734,1906741.0
2026-09-02 12:00:00+00:00,2026-09-02 12:59:59.999000+00:00,0.07338,0.07355,0.07308,0.07309,1174788.0
2026-09-02 13:00:00+00:00,2026-09-02 13:59:59.999000+00:00,0.07311,0.07415,0.07311,0.07404,2200587.0
2026-09-02 14:00:00+00:00,2026-09-02 14:59:59.999000+00:00,0.07402,0.07417,0.07344,0.07344,3827256.0
2026-09-02 15:00:00+00:00,2026-09-02 15:59:59.999000+00:00,0.07344,0.07367,0.0731,0.07337,3466957.0
2026-09-02 16:00:00+00:00,2026-09-02 16:59:59.999000+00:00,0.07336,0.07375,0.07329,0.07332,2382585.0
2026-09-02 17:00:00+00:00,2026-09-02 17:59:59.999000+00:00,0.07332,0.07385,0.07313,0.07382,3097314.0
2026-09-02 18:00:00+00:00,2026-09-02 18:59:59.999000+00:00,0.07382,0.0741,0.07377,0.07393,2745854.0
2026-09-02 19:00:00+00:00,2026-09-02 19:59:59.999000+00:00,0.07392,0.0741,0.07376,0.07396,2144516.0
2026-09-02 20:00:00+00:00,2026-09-02 20:59:59.999000+00:00,0.07397,0.07427,0.07393,0.0741,1910262.0
2026-09-02 21:00:00+00:00,2026-09-02 21:59:59.999000+00:00,0.07407,0.07413,0.07392,0.07406,972482.0
2026-09-02 22:00:00+00:00,2026-09-02 22:59:59.999000+00:00,0.07407,0.07415,0.0739,0.07402,1642505.0
2026-09-02 23:00:00+00:00,2026-09-02 23:59:59.999000+00:00,0.07403,0.07461,0.07401,0.07458,2501302.0
2026-09-03 00:00:00+00:00,2026-09-03 00:59:59.999000+00:00,0.07458,0.07492,0.07432,0.07477,3427606.0
2026-09-03 01:00:00+00:00,2026-09-03 01:59:59.999000+00:00,0.07476,0.07554,0.07445,0.07521,5209203.0
2026-09-03 02:00:00+00:00,2026-09-03 02:59:59.999000+00:00,0.0752,0.07625,0.07466,0.07617,10776739.0
2026-09-03 03:00:00+00:00,2026-09-03 03:59:59.999000+00:00,0.07615,0.07628,0.07566,0.07588,2816623.0
2026-09-03 04:00:00+00:00,2026-09-03 04:59:59.999000+00:00,0.07588,0.07626,0.07563,0.0762,1650312.0
2026-09-03 05:00:00+00:00,2026-09-03 05:59:59.999000+00:00,0.0762,0.07627,0.0754,0.07609,2532316.0
2026-09-03 06:00:00+00:00,2026-09-03 06:59:59.999000+00:00,0.07611,0.07613,0.0758,0.07591,1462893.0
2026-09-03 07:00:00+00:00,2026-09-03 07:59:59.999000+00:00,0.0759,0.07662,0.07585,0.07605,3834174.0
2026-09-03 08:00:00+00:00,2026-09-03 08:59:59.999000+00:00,0.07605,0.07709,0.07603,0.07702,8544404.0
2026-09-03 09:00:00+00:00,2026-09-03 09:59:59.999000+00:00,0.07701,0.07707,0.07661,0.0767,2949549.0
2026-09-03 10:00:00+00:00,2026-09-03 10:59:59.999000+00:00,0.07668,0.07687,0.07626,0.07681,2427270.0
2026-09-03 11:00:00+00:00,2026-09-03 11:59:59.999000+00:00,0.07682,0.07704,0.07661,0.07695,3249530.0
2026-09-03 12:00:00+00:00,2026-09-03 12:59:59.999000+00:00,0.07694,0.07763,0.07684,0.07753,8751654.0
2026-09-03 13:00:00+00:00,2026-09-03 13:59:59.999000+00:00,0.07752,0.0776,0.07698,0.07745,5382891.0
2026-09-03 14:00:00+00:00,2026-09-03 14:59:59.999000+00:00,0.07744,0.07899,0.07734,0.07896,14711245.0
2026-09-03 15:00:00+00:00,2026-09-03 15:59:59.999000+00:00,0.07895,0.07928,0.07831,0.07925,9000471.0
2026-09-03 16:00:00+00:00,2026-09-03 16:59:59.999000+00:00,0.07924,0.08098,0.07851,0.08062,14793443.0
2026-09-03 17:00:00+00:00,2026-09-03 17:59:59.999000+00:00,0.08064,0.08064,0.07951,0.07953,5445474.0
2026-09-03 18:00:00+00:00,2026-09-03 18:59:59.999000+00:00,0.07953,0.07983,0.07939,0.07953,4839898.0
2026-09-03 19:00:00+00:00,2026-09-03 19:59:59.999000+00:00,0.07953,0.07992,0.07946,0.07966,2676393.0
2026-09-03 20:00:00+00:00,2026-09-03 20:59:59.999000+00:00,0.07966,0.07972,0.07923,0.07955,4105958.0
2026-09-03 21:00:00+00:00,2026-09-03 21:59:59.999000+00:00,0.07955,0.07974,0.07918,0.07938,2474922.0
2026-09-03 22:00:00+00:00,2026-09-03 22:59:59.999000+00:00,0.07938,0.07947,0.07859,0.07898,3786874.0
2026-09-03 23:00:00+00:00,2026-09-03 23:59:59.999000+00:00,0.07899,0.07932,0.07891,0.07928,2580164.0
2026-09-04 00:00:00+00:00,2026-09-04 00:59:59.999000+00:00,0.07927,0.07941,0.0789,0.0789,2206626.0
2026-09-04 01:00:00+00:00,2026-09-04 01:59:59.999000+00:00,0.0789,0.07908,0.07856,0.0788,3075963.0
2026-09-04 02:00:00+00:00,2026-09-04 02:59:59.999000+00:00,0.07879,0.07879,0.07816,0.07834,3109611.0
2026-09-04 03:00:00+00:00,2026-09-04 03:59:59.999000+00:00,0.07835,0.07845,0.07818,0.07818,1670780.0
2026-09-04 04:00:00+00:00,2026-09-04 04:59:59.999000+00:00,0.07817,0.07876,0.07817,0.07829,1819030.0
2026-09-04 05:00:00+00:00,2026-09-04 05:59:59.999000+00:00,0.07826,0.07827,0.07778,0.07789,2451058.0
2026-09-04 06:00:00+00:00,2026-09-04 06:59:59.999000+00:00,0.07789,0.07808,0.07779,0.07792,1447717.0
2026-09-04 07:00:00+00:00,2026-09-04 07:59:59.999000+00:00,0.07793,0.07818,0.07761,0.0778,3384708.0
2026-09-04 08:00:00+00:00,2026-09-04 08:59:59.999000+00:00,0.07782,0.0786,0.07771,0.07858,5259593.0
2026-09-04 09:00:00+00:00,2026-09-04 09:59:59.999000+00:00,0.07859,0.07963,0.07856,0.0791,6995053.0
2026-09-04 10:00:00+00:00,2026-09-04 10:59:59.999000+00:00,0.0791,0.07918,0.07859,0.07899,2728640.0
2026-09-04 11:00:00+00:00,2026-09-04 11:59:59.999000+00:00,0.07899,0.07929,0.07879,0.07894,2596235.0
2026-09-04 12:00:00+00:00,2026-09-04 12:59:59.999000+00:00,0.07895,0.07929,0.07714,0.07759,14643488.0
2026-09-04 13:00:00+00:00,2026-09-04 13:59:59.999000+00:00,0.07756,0.07819,0.07719,0.07775,4931163.0
2026-09-04 14:00:00+00:00,2026-09-04 14:59:59.999000+00:00,0.07775,0.07788,0.07644,0.07667,8158722.0
2026-09-04 15:00:00+00:00,2026-09-04 15:59:59.999000+00:00,0.07666,0.07751,0.0766,0.0773,4434936.0
2026-09-04 16:00:00+00:00,2026-09-04 16:59:59.999000+00:00,0.0773,0.07774,0.07719,0.07754,3385584.0
2026-09-04 17:00:00+00:00,2026-09-04 17:59:59.999000+00:00,0.07755,0.07766,0.07713,0.07716,3059159.0
2026-09-04 18:00:00+00:00,2026-09-04 18:59:59.999000+00:00,0.07717,0.07734,0.07715,0.07729,1756063.0
2026-09-04 19:00:00+00:00,2026-09-04 19:59:59.999000+00:00,0.07729,0.0776,0.07725,0.07732,3835705.0
2026-09-04 20:00:00+00:00,2026-09-04 20:59:59.999000+00:00,0.07733,0.07818,0.07732,0.07813,2473845.0
2026-09-04 21:00:00+00:00,2026-09-04 21:59:59.999000+00:00,0.07812,0.07824,0.07776,0.07781,2314274.0
2026-09-04 22:00:00+00:00,2026-09-04 22:59:59.999000+00:00,0.0778,0.07813,0.07773,0.07783,1667813.0
2026-09-04 23:00:00+00:00,2026-09-04 23:59:59.999000+00:00,0.07783,0.0784,0.07768,0.0784,1966535.0
2026-09-05 00:00:00+00:00,2026-09-05 00:59:59.999000+00:00,0.0784,0.07916,0.07835,0.07879,5816206.0
2026-09-05 01:00:00+00:00,2026-09-05 01:59:59.999000+00:00,0.0788,0.07913,0.07877,0.0789,1617206.0
2026-09-05 02:00:00+00:00,2026-09-05 02:59:59.999000+00:00,0.07891,0.07902,0.07861,0.07898,2148078.0
2026-09-05 03:00:00+00:00,2026-09-05 03:59:59.999000+00:00,0.07897,0.07905,0.0787,0.07884,1956118.0
2026-09-05 04:00:00+00:00,2026-09-05 04:59:59.999000+00:00,0.07885,0.0793,0.07865,0.07919,3299342.0
2026-09-05 05:00:00+00:00,2026-09-05 05:59:59.999000+00:00,0.0792,0.07964,0.07885,0.07959,2986936.0
2026-09-05 06:00:00+00:00,2026-09-05 06:59:59.999000+00:00,0.07959,0.0798,0.07948,0.07971,3340866.0
2026-09-05 07:00:00+00:00,2026-09-05 07:59:59.999000+00:00,0.07972,0.08027,0.0797,0.07975,3704425.0
2026-09-05 08:00:00+00:00,2026-09-05 08:59:59.999000+00:00,0.07976,0.08002,0.0794,0.07997,2117265.0
2026-09-05 09:00:00+00:00,2026-09-05 09:59:59.999000+00:00,0.07998,0.08072,0.07996,0.08045,10130830.0
2026-09-05 10:00:00+00:00,2026-09-05 10:59:59.999000+00:00,0.08046,0.08054,0.08011,0.08038,1749418.0
2026-09-05 11:00:00+00:00,2026-09-05 11:59:59.999000+00:00,0.08038,0.0805,0.08004,0.08041,1422281.0
2026-09-05 12:00:00+00:00,2026-09-05 12:59:59.999000+00:00,0.0804,0.08099,0.08027,0.08093,1910972.0
2026-09-05 13:00:00+00:00,2026-09-05 13:59:59.999000+00:00,0.08093,0.08153,0.08036,0.08037,7153149.0
2026-09-05 14:00:00+00:00,2026-09-05 14:59:59.999000+00:00,0.08035,0.08091,0.08028,0.08077,3879211.0
2026-09-05 15:00:00+00:00,2026-09-05 15:59:59.999000+00:00,0.08076,0.08082,0.08043,0.08046,2700614.0
2026-09-05 16:00:00+00:00,2026-09-05 16:59:59.999000+00:00,0.08046,0.08068,0.08028,0.08049,3133919.0
2026-09-05 17:00:00+00:00,2026-09-05 17:59:59.999000+00:00,0.08049,0.08125,0.08041,0.08118,3428605.0
2026-09-05 18:00:00+00:00,2026-09-05 18:59:59.999000+00:00,0.08118,0.08129,0.08067,0.08067,2258858.0
2026-09-05 19:00:00+00:00,2026-09-05 19:59:59.999000+00:00,0.08066,0.08113,0.08051,0.08074,1870400.0
2026-09-05 20:00:00+00:00,2026-09-05 20:59:59.999000+00:00,0.08074,0.08099,0.08061,0.08077,1597956.0
2026-09-05 21:00:00+00:00,2026-09-05 21:59:59.999000+00:00,0.08077,0.08106,0.08068,0.08083,1840675.0
2026-09-05 22:00:00+00:00,2026-09-05 22:59:59.999000+00:00,0.08084,0.08087,0.08008,0.08034,5246187.0
2026-09-05 23:00:00+00:00,2026-09-05 23:59:59.999000+00:00,0.08033,0.08045,0.08007,0.08022,1731692.0
2026-09-06 00:00:00+00:00,2026-09-06 00:59:59.999000+00:00,0.08022,0.08071,0.08013,0.08058,2291571.0
2026-09-06 01:00:00+00:00,2026-09-06 01:59:59.999000+00:00,0.08059,0.08124,0.08051,0.08121,2899944.0
2026-09-06 02:00:00+00:00,2026-09-06 02:59:59.999000+00:00,0.0812,0.08157,0.08104,0.08119,5195857.0
2026-09-06 03:00:00+00:00,2026-09-06 03:59:59.999000+00:00,0.0812,0.08231,0.08106,0.08218,4444613.0
2026-09-06 04:00:00+00:00,2026-09-06 04:59:59.999000+00:00,0.08218,0.08224,0.08119,0.08144,2525043.0
2026-09-06 05:00:00+00:00,2026-09-06 05:59:59.999000+00:00,0.08145,0.08193,0.08118,0.08158,2221624.0
2026-09-06 06:00:00+00:00,2026-09-06 06:59:59.999000+00:00,0.08156,0.08161,0.08093,0.08104,2590283.0
2026-09-06 07:00:00+00:00,2026-09-06 07:59:59.999000+00:00,0.08104,0.08113,0.08057,0.08107,2013433.0
2026-09-06 08:00:00+00:00,2026-09-06 08:59:59.999000+00:00,0.08107,0.08132,0.08088,0.08114,3353700.0
2026-09-06 09:00:00+00:00,2026-09-06 09:59:59.999000+00:00,0.08113,0.08201,0.08103,0.0814,4531889.0
2026-09-06 10:00:00+00:00,2026-09-06 10:59:59.999000+00:00,0.08139,0.08153,0.08117,0.08147,1221642.0
2026-09-06 11:00:00+00:00,2026-09-06 11:59:59.999000+00:00,0.08147,0.08166,0.08132,0.08154,1982907.0
2026-09-06 12:00:00+00:00,2026-09-06 12:59:59.999000+00:00,0.08155,0.08155,0.08106,0.08111,2194893.0
2026-09-06 13:00:00+00:00,2026-09-06 13:59:59.999000+00:00,0.08108,0.08117,0.08071,0.08106,2623997.0
2026-09-06 14:00:00+00:00,2026-09-06 14:59:59.999000+00:00,0.08105,0.08129,0.08025,0.08041,4122050.0
2026-09-06 15:00:00+00:00,2026-09-06 15:59:59.999000+00:00,0.08042,0.08065,0.08013,0.08051,2305911.0
2026-09-06 16:00:00+00:00,2026-09-06 16:59:59.999000+00:00,0.08052,0.0809,0.08038,0.08071,2751327.0
2026-09-06 17:00:00+00:00,2026-09-06 17:59:59.999000+00:00,0.08071,0.08086,0.08019,0.08042,5189494.0
2026-09-06 18:00:00+00:00,2026-09-06 18:59:59.999000+00:00,0.08044,0.08068,0.08035,0.08044,1168050.0
2026-09-06 19:00:00+00:00,2026-09-06 19:59:59.999000+00:00,0.08044,0.08055,0.0803,0.08052,818775.0
2026-09-06 20:00:00+00:00,2026-09-06 20:59:59.999000+00:00,0.08053,0.0815,0.08043,0.08144,3306330.0
2026-09-06 21:00:00+00:00,2026-09-06 21:59:59.999000+00:00,0.08144,0.08187,0.08134,0.08174,3006557.0
2026-09-06 22:00:00+00:00,2026-09-06 22:59:59.999000+00:00,0.08173,0.08173,0.08067,0.0812,3230493.0
2026-09-06 23:00:00+00:00,2026-09-06 23:59:59.999000+00:00,0.08121,0.08165,0.08113,0.08162,1765349.0
2026-09-07 00:00:00+00:00,2026-09-07 00:59:59.999000+00:00,0.0816,0.08235,0.0814,0.08184,5474269.0
2026-09-07 01:00:00+00:00,2026-09-07 01:59:59.999000+00:00,0.08186,0.08205,0.08091,0.08111,3219725.0
2026-09-07 02:00:00+00:00,2026-09-07 02:59:59.999000+00:00,0.08109,0.08221,0.08072,0.08125,3670738.0
2026-09-07 03:00:00+00:00,2026-09-07 03:59:59.999000+00:00,0.08124,0.08144,0.08057,0.08064,2200125.0
2026-09-07 04:00:00+00:00,2026-09-07 04:59:59.999000+00:00,0.08064,0.081,0.08059,0.0809,1456713.0
2026-09-07 05:00:00+00:00,2026-09-07 05:59:59.999000+00:00,0.08088,0.08149,0.0808,0.08081,2222700.0
2026-09-07 06:00:00+00:00,2026-09-07 06:59:59.999000+00:00,0.0808,0.08128,0.08076,0.08083,1430794.0
2026-09-07 07:00:00+00:00,2026-09-07 07:59:59.999000+00:00,0.08084,0.08104,0.07997,0.08043,4902570.0
2026-09-07 08:00:00+00:00,2026-09-07 08:59:59.999000+00:00,0.0804,0.08078,0.08037,0.0805,3945623.0
2026-09-07 09:00:00+00:00,2026-09-07 09:59:59.999000+00:00,0.0805,0.08083,0.08035,0.08041,2409180.0
2026-09-07 10:00:00+00:00,2026-09-07 10:59:59.999000+00:00,0.08041,0.08112,0.08041,0.08084,2444210.0
2026-09-07 11:00:00+00:00,2026-09-07 11:59:59.999000+00:00,0.08085,0.08145,0.08067,0.08068,4122764.0
2026-09-07 12:00:00+00:00,2026-09-07 12:59:59.999000+00:00,0.0807,0.08309,0.0807,0.08302,7939684.0
2026-09-07 13:00:00+00:00,2026-09-07 13:59:59.999000+00:00,0.08302,0.0832,0.08186,0.08294,18256209.0
2026-09-07 14:00:00+00:00,2026-09-07 14:59:59.999000+00:00,0.08293,0.08308,0.08196,0.08252,11447881.0
2026-09-07 15:00:00+00:00,2026-09-07 15:59:59.999000+00:00,0.08251,0.08266,0.08054,0.0807,12401652.0
2026-09-07 16:00:00+00:00,2026-09-07 16:59:59.999000+00:00,0.08074,0.08307,0.08074,0.08301,18595821.0
2026-09-07 17:00:00+00:00,2026-09-07 17:59:59.999000+00:00,0.08301,0.08306,0.08208,0.08258,6126620.0
2026-09-07 18:00:00+00:00,2026-09-07 18:59:59.999000+00:00,0.08258,0.08271,0.08201,0.08217,6543890.0
2026-09-07 19:00:00+00:00,2026-09-07 19:59:59.999000+00:00,0.08217,0.08297,0.08191,0.08249,2722871.0
2026-09-07 20:00:00+00:00,2026-09-07 20:59:59.999000+00:00,0.0825,0.0828,0.08206,0.08245,2544296.0
2026-09-07 21:00:00+00:00,2026-09-07 21:59:59.999000+00:00,0.08245,0.08301,0.08235,0.08244,2227447.0
2026-09-07 22:00:00+00:00,2026-09-07 22:59:59.999000+00:00,0.08243,0.08243,0.08147,0.08174,4418023.0
2026-09-07 23:00:00+00:00,2026-09-07 23:59:59.999000+00:00,0.08173,0.08229,0.08169,0.08187,3667209.0
2026-09-08 00:00:00+00:00,2026-09-08 00:59:59.999000+00:00,0.08186,0.08264,0.08174,0.08261,3359946.0
2026-09-08 01:00:00+00:00,2026-09-08 01:59:59.999000+00:00,0.08259,0.08281,0.08239,0.08268,4028134.0
2026-09-08 02:00:00+00:00,2026-09-08 02:59:59.999000+00:00,0.08266,0.083,0.08169,0.0817,2869720.0
2026-09-08 03:00:00+00:00,2026-09-08 03:59:59.999000+00:00,0.08169,0.08185,0.08143,0.08167,3147453.0
2026-09-08 04:00:00+00:00,2026-09-08 04:59:59.999000+00:00,0.08166,0.08166,0.08113,0.08113,2239679.0
2026-09-08 05:00:00+00:00,2026-09-08 05:59:59.999000+00:00,0.08112,0.08164,0.08104,0.08111,2932325.0
2026-09-08 06:00:00+00:00,2026-09-08 06:59:59.999000+00:00,0.08111,0.08121,0.08006,0.08044,8323777.0
2026-09-08 07:00:00+00:00,2026-09-08 07:59:59.999000+00:00,0.08046,0.08073,0.08022,0.08039,5669319.0
2026-09-08 08:00:00+00:00,2026-09-08 08:59:59.999000+00:00,0.08034,0.08034,0.07955,0.08008,4758974.0
2026-09-08 09:00:00+00:00,2026-09-08 09:59:59.999000+00:00,0.08006,0.08068,0.07978,0.08066,3448980.0
2026-09-08 10:00:00+00:00,2026-09-08 10:59:59.999000+00:00,0.08065,0.08092,0.0803,0.08031,3111695.0
2026-09-08 11:00:00+00:00,2026-09-08 11:59:59.999000+00:00,0.08031,0.08041,0.0798,0.08003,4266911.0
2026-09-08 12:00:00+00:00,2026-09-08 12:59:59.999000+00:00,0.08,0.08072,0.07971,0.08024,4385609.0
2026-09-08 13:00:00+00:00,2026-09-08 13:59:59.999000+00:00,0.08024,0.08039,0.07907,0.07977,7220163.0
2026-09-08 14:00:00+00:00,2026-09-08 14:59:59.999000+00:00,0.07977,0.08028,0.07966,0.08021,3175831.0
2026-09-08 15:00:00+00:00,2026-09-08 15:59:59.999000+00:00,0.08021,0.0809,0.08007,0.0809,6550848.0
2026-09-08 16:00:00+00:00,2026-09-08 16:59:59.999000+00:00,0.08089,0.08089,0.08015,0.08025,3696926.0
2026-09-08 17:00:00+00:00,2026-09-08 17:59:59.999000+00:00,0.08022,0.08038,0.0795,0.07965,6742767.0
2026-09-08 18:00:00+00:00,2026-09-08 18:59:59.999000+00:00,0.07965,0.08003,0.07933,0.07941,4836797.0
2026-09-08 19:00:00+00:00,2026-09-08 19:59:59.999000+00:00,0.07941,0.07961,0.07914,0.07933,3284856.0
2026-09-08 20:00:00+00:00,2026-09-08 20:59:59.999000+00:00,0.07933,0.07988,0.07929,0.07934,2606879.0
2026-09-08 21:00:00+00:00,2026-09-08 21:59:59.999000+00:00,0.07936,0.07937,0.07872,0.07906,6218846.0
2026-09-08 22:00:00+00:00,2026-09-08 22:59:59.999000+00:00,0.07905,0.07939,0.07903,0.07933,2490576.0
2026-09-08 23:00:00+00:00,2026-09-08 23:59:59.999000+00:00,0.07932,0.07935,0.07904,0.07906,1440383.0
2026-09-09 00:00:00+00:00,2026-09-09 00:59:59.999000+00:00,0.07907,0.07936,0.0788,0.07895,2215007.0
2026-09-09 01:00:00+00:00,2026-09-09 01:59:59.999000+00:00,0.07896,0.079,0.0786,0.07883,5542058.0
2026-09-09 02:00:00+00:00,2026-09-09 02:59:59.999000+00:00,0.07883,0.07906,0.07857,0.07858,3429499.0
2026-09-09 03:00:00+00:00,2026-09-09 03:59:59.999000+00:00,0.07858,0.07872,0.07844,0.07856,2991042.0
2026-09-09 04:00:00+00:00,2026-09-09 04:59:59.999000+00:00,0.07854,0.07958,0.07854,0.07958,5842220.0
2026-09-09 05:00:00+00:00,2026-09-09 05:59:59.999000+00:00,0.07958,0.0796,0.07893,0.07903,4256896.0
2026-09-09 06:00:00+00:00,2026-09-09 06:59:59.999000+00:00,0.07903,0.0795,0.07895,0.07941,2952209.0
2026-09-09 07:00:00+00:00,2026-09-09 07:59:59.999000+00:00,0.0794,0.0798,0.07939,0.0796,4002147.0
2026-09-09 08:00:00+00:00,2026-09-09 08:59:59.999000+00:00,0.07961,0.07998,0.07953,0.07995,3483805.0
2026-09-09 09:00:00+00:00,2026-09-09 09:59:59.999000+00:00,0.07995,0.07998,0.07886,0.07888,4959983.0
2026-09-09 10:00:00+00:00,2026-09-09 10:59:59.999000+00:00,0.07888,0.0792,0.07815,0.07856,6942613.0
2026-09-09 11:00:00+00:00,2026-09-09 11:59:59.999000+00:00,0.07856,0.07877,0.078,0.0787,4693360.0
2026-09-09 12:00:00+00:00,2026-09-09 12:59:59.999000+00:00,0.0787,0.07903,0.07852,0.07892,3135233.0
2026-09-09 13:00:00+00:00,2026-09-09 13:59:59.999000+00:00,0.07893,0.07906,0.07835,0.07845,1942929.0
2026-09-09 14:00:00+00:00,2026-09-09 14:59:59.999000+00:00,0.07844,0.07891,0.0782,0.07831,2747530.0
2026-09-09 15:00:00+00:00,2026-09-09 15:59:59.999000+00:00,0.07832,0.07877,0.07728,0.07773,13596314.0
2026-09-09 16:00:00+00:00,2026-09-09 16:59:59.999000+00:00,0.07772,0.07862,0.0777,0.07854,5620801.0
2026-09-09 17:00:00+00:00,2026-09-09 17:59:59.999000+00:00,0.07855,0.07855,0.07794,0.07807,2919097.0
2026-09-09 18:00:00+00:00,2026-09-09 18:59:59.999000+00:00,0.07808,0.07835,0.07788,0.07788,2964712.0
2026-09-09 19:00:00+00:00,2026-09-09 19:59:59.999000+00:00,0.07788,0.07828,0.07701,0.07704,11131734.0
2026-09-09 20:00:00+00:00,2026-09-09 20:59:59.999000+00:00,0.07705,0.07779,0.07688,0.07717,6646737.0
2026-09-09 21:00:00+00:00,2026-09-09 21:59:59.999000+00:00,0.07717,0.07726,0.07663,0.07679,4553122.0
2026-09-09 22:00:00+00:00,2026-09-09 22:59:59.999000+00:00,0.07679,0.07687,0.07567,0.07587,7042482.0
2026-09-09 23:00:00+00:00,2026-09-09 23:59:59.999000+00:00,0.07587,0.07663,0.07583,0.07656,2942366.0
2026-09-10 00:00:00+00:00,2026-09-10 00:59:59.999000+00:00,0.07655,0.07676,0.07628,0.07648,3245847.0
2026-09-10 01:00:00+00:00,2026-09-10 01:59:59.999000+00:00,0.07648,0.077,0.07613,0.07645,3571716.0
2026-09-10 02:00:00+00:00,2026-09-10 02:59:59.999000+00:00,0.07645,0.0771,0.07625,0.07709,2078386.0
2026-09-10 03:00:00+00:00,2026-09-10 03:59:59.999000+00:00,0.0771,0.07717,0.07678,0.07693,1674744.0
2026-09-10 04:00:00+00:00,2026-09-10 04:59:59.999000+00:00,0.07692,0.07707,0.07671,0.07699,1793558.0
2026-09-10 05:00:00+00:00,2026-09-10 05:59:59.999000+00:00,0.07699,0.07725,0.07678,0.07712,1835354.0
2026-09-10 06:00:00+00:00,2026-09-10 06:59:59.999000+00:00,0.07713,0.07717,0.07674,0.07695,1697924.0
2026-09-10 07:00:00+00:00,2026-09-10 07:59:59.999000+00:00,0.07695,0.07698,0.07616,0.07632,2351664.0
2026-09-10 08:00:00+00:00,2026-09-10 08:59:59.999000+00:00,0.07631,0.07656,0.07611,0.0763,2671097.0
2026-09-10 09:00:00+00:00,2026-09-10 09:59:59.999000+00:00,0.07631,0.07642,0.07597,0.07605,1848685.0
2026-09-10 10:00:00+00:00,2026-09-10 10:59:59.999000+00:00,0.07605,0.07633,0.07589,0.07603,1959633.0
2026-09-10 11:00:00+00:00,2026-09-10 11:59:59.999000+00:00,0.07602,0.07644,0.07584,0.07618,2605502.0
2026-09-10 12:00:00+00:00,2026-09-10 12:59:59.999000+00:00,0.07616,0.07631,0.07474,0.07506,9887238.0
2026-09-10 13:00:00+00:00,2026-09-10 13:59:59.999000+00:00,0.07506,0.07571,0.07494,0.07567,3720797.0
2026-09-10 14:00:00+00:00,2026-09-10 14:59:59.999000+00:00,0.07567,0.07593,0.07536,0.07564,2820375.0
2026-09-10 15:00:00+00:00,2026-09-10 15:59:59.999000+00:00,0.07565,0.07585,0.07538,0.07553,4014775.0
2026-09-10 16:00:00+00:00,2026-09-10 16:59:59.999000+00:00,0.07552,0.07564,0.07461,0.07505,3731808.0
2026-09-10 17:00:00+00:00,2026-09-10 17:59:59.999000+00:00,0.07506,0.07562,0.07502,0.07534,4326485.0
2026-09-10 18:00:00+00:00,2026-09-10 18:59:59.999000+00:00,0.07533,0.07535,0.07501,0.07527,2284277.0
2026-09-10 19:00:00+00:00,2026-09-10 19:59:59.999000+00:00,0.07527,0.07554,0.07513,0.07526,2461904.0
2026-09-10 20:00:00+00:00,2026-09-10 20:59:59.999000+00:00,0.07526,0.07575,0.07526,0.07572,1795090.0
2026-09-10 21:00:00+00:00,2026-09-10 21:59:59.999000+00:00,0.07573,0.07592,0.07556,0.07562,1476734.0
2026-09-10 22:00:00+00:00,2026-09-10 22:59:59.999000+00:00,0.07563,0.07575,0.07525,0.07529,1681003.0
2026-09-10 23:00:00+00:00,2026-09-10 23:59:59.999000+00:00,0.07528,0.07532,0.07465,0.07477,2198511.0
2026-09-11 00:00:00+00:00,2026-09-11 00:59:59.999000+00:00,0.07478,0.07527,0.07476,0.07517,1519944.0
2026-09-11 01:00:00+00:00,2026-09-11 01:59:59.999000+00:00,0.07516,0.07539,0.07494,0.07537,1762803.0
2026-09-11 02:00:00+00:00,2026-09-11 02:59:59.999000+00:00,0.07537,0.0754,0.07496,0.07507,1148695.0
2026-09-11 03:00:00+00:00,2026-09-11 03:59:59.999000+00:00,0.07504,0.07524,0.07477,0.07521,2554659.0
2026-09-11 04:00:00+00:00,2026-09-11 04:59:59.999000+00:00,0.07518,0.07568,0.07515,0.07554,1943860.0
2026-09-11 05:00:00+00:00,2026-09-11 05:59:59.999000+00:00,0.07552,0.07568,0.07547,0.07552,1761882.0
2026-09-11 06:00:00+00:00,2026-09-11 06:59:59.999000+00:00,0.07552,0.07555,0.07486,0.07506,3792165.0
2026-09-11 07:00:00+00:00,2026-09-11 07:59:59.999000+00:00,0.07506,0.07525,0.07429,0.07452,5344037.0
2026-09-11 08:00:00+00:00,2026-09-11 08:59:59.999000+00:00,0.07451,0.0748,0.07445,0.07452,1623425.0
2026-09-11 09:00:00+00:00,2026-09-11 09:59:59.999000+00:00,0.07452,0.07454,0.07392,0.07417,2787827.0
2026-09-11 10:00:00+00:00,2026-09-11 10:59:59.999000+00:00,0.07416,0.07429,0.07363,0.0737,3448346.0
2026-09-11 11:00:00+00:00,2026-09-11 11:59:59.999000+00:00,0.07369,0.07389,0.07332,0.07386,5620973.0
2026-09-11 12:00:00+00:00,2026-09-11 12:59:59.999000+00:00,0.07386,0.07578,0.07352,0.07553,16654719.0
2026-09-11 13:00:00+00:00,2026-09-11 13:59:59.999000+00:00,0.07557,0.07697,0.07495,0.07686,7309434.0
2026-09-11 14:00:00+00:00,2026-09-11 14:59:59.999000+00:00,0.07687,0.07712,0.07591,0.07629,8299173.0
2026-09-11 15:00:00+00:00,2026-09-11 15:59:59.999000+00:00,0.0763,0.07658,0.07495,0.07533,5285412.0
2026-09-11 16:00:00+00:00,2026-09-11 16:59:59.999000+00:00,0.07533,0.07589,0.0752,0.07555,3731500.0
2026-09-11 17:00:00+00:00,2026-09-11 17:59:59.999000+00:00,0.07557,0.07563,0.07469,0.07477,3543097.0
2026-09-11 18:00:00+00:00,2026-09-11 18:59:59.999000+00:00,0.07477,0.07481,0.07389,0.07397,6265800.0
2026-09-11 19:00:00+00:00,2026-09-11 19:59:59.999000+00:00,0.07396,0.07454,0.07389,0.07447,3182378.0
2026-09-11 20:00:00+00:00,2026-09-11 20:59:59.999000+00:00,0.07447,0.07483,0.07429,0.07441,2382464.0
2026-09-11 21:00:00+00:00,2026-09-11 21:59:59.999000+00:00,0.07442,0.07471,0.07409,0.07409,1951049.0
2026-09-11 22:00:00+00:00,2026-09-11 22:59:59.999000+00:00,0.07409,0.07432,0.07393,0.07413,2713351.0
2026-09-11 23:00:00+00:00,2026-09-11 23:59:59.999000+00:00,0.0741,0.07443,0.074,0.07443,1657361.0
2026-09-12 00:00:00+00:00,2026-09-12 00:59:59.999000+00:00,0.07442,0.07451,0.0743,0.07445,1350088.0
2026-09-12 01:00:00+00:00,2026-09-12 01:59:59.999000+00:00,0.07444,0.07464,0.07437,0.07456,848491.0
2026-09-12 02:00:00+00:00,2026-09-12 02:59:59.999000+00:00,0.07456,0.07471,0.07447,0.07462,1294278.0
2026-09-12 03:00:00+00:00,2026-09-12 03:59:59.999000+00:00,0.07462,0.07475,0.07436,0.07456,1367723.0
2026-09-12 04:00:00+00:00,2026-09-12 04:59:59.999000+00:00,0.07457,0.07467,0.07442,0.07442,968350.0
2026-09-12 05:00:00+00:00,2026-09-12 05:59:59.999000+00:00,0.07441,0.07451,0.07423,0.07427,2280965.0
2026-09-12 06:00:00+00:00,2026-09-12 06:59:59.999000+00:00,0.07428,0.07437,0.07414,0.0743,1729378.0
2026-09-12 07:00:00+00:00,2026-09-12 07:59:59.999000+00:00,0.0743,0.0747,0.0743,0.07462,1270468.0
2026-09-12 08:00:00+00:00,2026-09-12 08:59:59.999000+00:00,0.0746,0.07472,0.07441,0.07445,998194.0
2026-09-12 09:00:00+00:00,2026-09-12 09:59:59.999000+00:00,0.07445,0.07453,0.07437,0.07441,949217.0
2026-09-12 10:00:00+00:00,2026-09-12 10:59:59.999000+00:00,0.07442,0.07462,0.07439,0.0746,995072.0
2026-09-12 11:00:00+00:00,2026-09-12 11:59:59.999000+00:00,0.0746,0.07485,0.07449,0.07482,1125531.0
2026-09-12 12:00:00+00:00,2026-09-12 12:59:59.999000+00:00,0.07482,0.07487,0.07459,0.07464,1136865.0
2026-09-12 13:00:00+00:00,2026-09-12 13:59:59.999000+00:00,0.07465,0.07465,0.07445,0.07451,934395.0
2026-09-12 14:00:00+00:00,2026-09-12 14:59:59.999000+00:00,0.07451,0.07467,0.0745,0.07467,703581.0
2026-09-12 15:00:00+00:00,2026-09-12 15:59:59.999000+00:00,0.07468,0.07501,0.07468,0.07495,1832268.0
2026-09-12 16:00:00+00:00,2026-09-12 16:59:59.999000+00:00,0.07496,0.07508,0.07469,0.07474,837075.0
2026-09-12 17:00:00+00:00,2026-09-12 17:59:59.999000+00:00,0.07471,0.07486,0.07465,0.07473,1308314.0
2026-09-12 18:00:00+00:00,2026-09-12 18:59:59.999000+00:00,0.07473,0.07473,0.07451,0.07455,1147753.0
2026-09-12 19:00:00+00:00,2026-09-12 19:59:59.999000+00:00,0.07457,0.07472,0.074,0.07439,3157759.0
2026-09-12 20:00:00+00:00,2026-09-12 20:59:59.999000+00:00,0.0744,0.07473,0.0744,0.0746,929543.0
2026-09-12 21:00:00+00:00,2026-09-12 21:59:59.999000+00:00,0.07461,0.07471,0.07445,0.07448,643705.0
2026-09-12 22:00:00+00:00,2026-09-12 22:59:59.999000+00:00,0.07448,0.07472,0.07442,0.07458,747366.0
2026-09-12 23:00:00+00:00,2026-09-12 23:59:59.999000+00:00,0.07459,0.07473,0.07451,0.07469,734501.0
2026-09-13 00:00:00+00:00,2026-09-13 00:59:59.999000+00:00,0.07469,0.07484,0.07462,0.07481,708118.0
2026-09-13 01:00:00+00:00,2026-09-13 01:59:59.999000+00:00,0.0748,0.07518,0.07473,0.07516,1590537.0
2026-09-13 02:00:00+00:00,2026-09-13 02:59:59.999000+00:00,0.07515,0.07521,0.07491,0.07499,1347757.0
2026-09-13 03:00:00+00:00,2026-09-13 03:59:59.999000+00:00,0.07498,0.07511,0.07485,0.07495,897458.0
2026-09-13 04:00:00+00:00,2026-09-13 04:59:59.999000+00:00,0.07494,0.07523,0.07489,0.07521,913245.0
2026-09-13 05:00:00+00:00,2026-09-13 05:59:59.999000+00:00,0.07522,0.07565,0.07521,0.07563,1391200.0
2026-09-13 06:00:00+00:00,2026-09-13 06:59:59.999000+00:00,0.07563,0.07565,0.07532,0.07543,1457962.0
2026-09-13 07:00:00+00:00,2026-09-13 07:59:59.999000+00:00,0.07542,0.07581,0.07537,0.0754,2981002.0
2026-09-13 08:00:00+00:00,2026-09-13 08:59:59.999000+00:00,0.07542,0.07557,0.07459,0.0749,3410206.0
2026-09-13 09:00:00+00:00,2026-09-13 09:59:59.999000+00:00,0.0749,0.07539,0.07464,0.07536,2630146.0
2026-09-13 10:00:00+00:00,2026-09-13 10:59:59.999000+00:00,0.07534,0.07551,0.07491,0.07496,2102818.0
2026-09-13 11:00:00+00:00,2026-09-13 11:59:59.999000+00:00,0.075,0.07542,0.07497,0.07537,1735012.0
2026-09-13 12:00:00+00:00,2026-09-13 12:59:59.999000+00:00,0.07536,0.07569,0.07508,0.07521,3183423.0
2026-09-13 13:00:00+00:00,2026-09-13 13:59:59.999000+00:00,0.07522,0.07594,0.07509,0.07591,4276722.0
2026-09-13 14:00:00+00:00,2026-09-13 14:59:59.999000+00:00,0.07592,0.07657,0.07588,0.07625,5153994.0
2026-09-13 15:00:00+00:00,2026-09-13 15:59:59.999000+00:00,0.07625,0.0763,0.07553,0.07555,2369409.0
2026-09-13 16:00:00+00:00,2026-09-13 16:59:59.999000+00:00,0.07554,0.07596,0.07554,0.07588,1346066.0
2026-09-13 17:00:00+00:00,2026-09-13 17:59:59.999000+00:00,0.07588,0.07658,0.07586,0.07634,1540210.0
2026-09-13 18:00:00+00:00,2026-09-13 18:59:59.999000+00:00,0.07632,0.07671,0.07632,0.07664,1478990.0
2026-09-13 19:00:00+00:00,2026-09-13 19:59:59.999000+00:00,0.07666,0.07669,0.07598,0.07607,1528704.0
2026-09-13 20:00:00+00:00,2026-09-13 20:59:59.999000+00:00,0.07607,0.07689,0.07606,0.07689,2282834.0
2026-09-13 21:00:00+00:00,2026-09-13 21:59:59.999000+00:00,0.07689,0.07752,0.07645,0.07652,4746598.0
2026-09-13 22:00:00+00:00,2026-09-13 22:59:59.999000+00:00,0.0765,0.0765,0.07476,0.0749,6284731.0
2026-09-13 23:00:00+00:00,2026-09-13 23:59:59.999000+00:00,0.07489,0.07526,0.07476,0.07511,1642697.0
2026-09-14 00:00:00+00:00,2026-09-14 00:59:59.999000+00:00,0.07512,0.07564,0.07498,0.07549,3518682.0
2026-09-14 01:00:00+00:00,2026-09-14 01:59:59.999000+00:00,0.07548,0.07598,0.07513,0.07592,2409424.0
2026-09-14 02:00:00+00:00,2026-09-14 02:59:59.999000+00:00,0.0759,0.07637,0.07573,0.07601,3441770.0
2026-09-14 03:00:00+00:00,2026-09-14 03:59:59.999000+00:00,0.076,0.0763,0.07597,0.07619,995195.0
2026-09-14 04:00:00+00:00,2026-09-14 04:59:59.999000+00:00,0.07621,0.07642,0.07609,0.07642,2078540.0
2026-09-14 05:00:00+00:00,2026-09-14 05:59:59.999000+00:00,0.07643,0.07661,0.07628,0.0764,1059780.0
2026-09-14 06:00:00+00:00,2026-09-14 06:59:59.999000+00:00,0.07641,0.07683,0.07619,0.0767,2680446.0
2026-09-14 07:00:00+00:00,2026-09-14 07:59:59.999000+00:00,0.0767,0.07684,0.07644,0.07663,2594335.0
2026-09-14 08:00:00+00:00,2026-09-14 08:59:59.999000+00:00,0.07664,0.07679,0.07629,0.07673,1883331.0
2026-09-14 09:00:00+00:00,2026-09-14 09:59:59.999000+00:00,0.07674,0.0769,0.07603,0.07668,3196564.0
2026-09-14 10:00:00+00:00,2026-09-14 10:59:59.999000+00:00,0.0767,0.07691,0.07637,0.07652,1423258.0
2026-09-14 11:00:00+00:00,2026-09-14 11:59:59.999000+00:00,0.07651,0.07706,0.07622,0.07669,3325777.0
2026-09-14 12:00:00+00:00,2026-09-14 12:59:59.999000+00:00,0.07671,0.07749,0.07666,0.0768,5092825.0
2026-09-14 13:00:00+00:00,2026-09-14 13:59:59.999000+00:00,0.07679,0.07714,0.07624,0.07675,4178867.0
2026-09-14 14:00:00+00:00,2026-09-14 14:59:59.999000+00:00,0.07674,0.07703,0.07634,0.07649,3530253.0
2026-09-14 15:00:00+00:00,2026-09-14 15:59:59.999000+00:00,0.07648,0.07684,0.07629,0.07667,2597985.0
2026-09-14 16:00:00+00:00,2026-09-14 16:59:59.999000+00:00,0.07667,0.078,0.07664,0.07776,5007102.0
2026-09-14 17:00:00+00:00,2026-09-14 17:59:59.999000+00:00,0.07776,0.07802,0.07725,0.07796,5956813.0
2026-09-14 18:00:00+00:00,2026-09-14 18:59:59.999000+00:00,0.07797,0.0786,0.07779,0.0784,9834051.0
2026-09-14 19:00:00+00:00,2026-09-14 19:59:59.999000+00:00,0.07841,0.07841,0.07775,0.07788,4357090.0
2026-09-14 20:00:00+00:00,2026-09-14 20:59:59.999000+00:00,0.0779,0.07934,0.0779,0.07896,5335289.0
2026-09-14 21:00:00+00:00,2026-09-14 21:59:59.999000+00:00,0.07897,0.079,0.07796,0.07797,3683856.0
2026-09-14 22:00:00+00:00,2026-09-14 22:59:59.999000+00:00,0.07797,0.07824,0.07738,0.07777,4211803.0
2026-09-14 23:00:00+00:00,2026-09-14 23:59:59.999000+00:00,0.07774,0.07784,0.07749,0.07771,1680681.0
2026-09-15 00:00:00+00:00,2026-09-15 00:59:59.999000+00:00,0.07774,0.07848,0.07769,0.07838,3433195.0
2026-09-15 01:00:00+00:00,2026-09-15 01:59:59.999000+00:00,0.07839,0.07839,0.0776,0.07796,5636582.0
2026-09-15 02:00:00+00:00,2026-09-15 02:59:59.999000+00:00,0.07795,0.07868,0.07773,0.07844,2761405.0
2026-09-15 03:00:00+00:00,2026-09-15 03:59:59.999000+00:00,0.07845,0.07846,0.07731,0.07735,4270867.0
2026-09-15 04:00:00+00:00,2026-09-15 04:59:59.999000+00:00,0.07734,0.07754,0.07677,0.07702,8352163.0
2026-09-15 05:00:00+00:00,2026-09-15 05:59:59.999000+00:00,0.077,0.0771,0.07652,0.07703,5782626.0
2026-09-15 06:00:00+00:00,2026-09-15 06:59:59.999000+00:00,0.07705,0.07708,0.07663,0.07672,3079702.0
2026-09-15 07:00:00+00:00,2026-09-15 07:59:59.999000+00:00,0.07673,0.07753,0.07659,0.07661,2952243.0
2026-09-15 08:00:00+00:00,2026-09-15 08:59:59.999000+00:00,0.07661,0.07727,0.07629,0.07726,3125068.0
2026-09-15 09:00:00+00:00,2026-09-15 09:59:59.999000+00:00,0.07727,0.07796,0.0771,0.07756,3411995.0
2026-09-15 10:00:00+00:00,2026-09-15 10:59:59.999000+00:00,0.07757,0.07785,0.07719,0.07769,1852697.0
2026-09-15 11:00:00+00:00,2026-09-15 11:59:59.999000+00:00,0.07768,0.07771,0.07691,0.07711,2328701.0
2026-09-15 12:00:00+00:00,2026-09-15 12:59:59.999000+00:00,0.07712,0.07955,0.07693,0.07905,9961596.0
2026-09-15 13:00:00+00:00,2026-09-15 13:59:59.999000+00:00,0.07904,0.07991,0.07784,0.07863,16173133.0
2026-09-15 14:00:00+00:00,2026-09-15 14:59:59.999000+00:00,0.07864,0.07898,0.07675,0.07719,11115243.0
2026-09-15 15:00:00+00:00,2026-09-15 15:59:59.999000+00:00,0.07716,0.07816,0.07689,0.07802,6119123.0
2026-09-15 16:00:00+00:00,2026-09-15 16:59:59.999000+00:00,0.07803,0.07844,0.07753,0.07766,5441997.0
2026-09-15 17:00:00+00:00,2026-09-15 17:59:59.999000+00:00,0.07765,0.07869,0.07745,0.07804,5200513.0
2026-09-15 18:00:00+00:00,2026-09-15 18:59:59.999000+00:00,0.07802,0.07824,0.07414,0.07603,34375554.0
2026-09-15 19:00:00+00:00,2026-09-15 19:59:59.999000+00:00,0.07602,0.07638,0.07513,0.07565,13706358.0
2026-09-15 20:00:00+00:00,2026-09-15 20:59:59.999000+00:00,0.07565,0.07584,0.07474,0.07557,11925140.0
2026-09-15 21:00:00+00:00,2026-09-15 21:59:59.999000+00:00,0.07557,0.07557,0.07457,0.07459,5536434.0
2026-09-15 22:00:00+00:00,2026-09-15 22:59:59.999000+00:00,0.0746,0.07482,0.07408,0.07444,5620866.0
2026-09-15 23:00:00+00:00,2026-09-15 23:59:59.999000+00:00,0.07442,0.07486,0.07416,0.07431,4687235.0
2026-09-16 00:00:00+00:00,2026-09-16 00:59:59.999000+00:00,0.0743,0.07462,0.0741,0.07425,3074328.0
2026-09-16 01:00:00+00:00,2026-09-16 01:59:59.999000+00:00,0.07424,0.07443,0.0738,0.07384,4082105.0
2026-09-16 02:00:00+00:00,2026-09-16 02:59:59.999000+00:00,0.07383,0.07486,0.07373,0.07439,4123327.0
2026-09-16 03:00:00+00:00,2026-09-16 03:59:59.999000+00:00,0.07439,0.07472,0.07424,0.07431,2281040.0
2026-09-16 04:00:00+00:00,2026-09-16 04:59:59.999000+00:00,0.0743,0.07485,0.07428,0.07458,3596549.0
2026-09-16 05:00:00+00:00,2026-09-16 05:59:59.999000+00:00,0.07457,0.07475,0.07431,0.07449,3218798.0
2026-09-16 06:00:00+00:00,2026-09-16 06:59:59.999000+00:00,0.07451,0.0747,0.07435,0.07467,2400282.0
2026-09-16 07:00:00+00:00,2026-09-16 07:59:59.999000+00:00,0.07467,0.07482,0.07443,0.07447,2698229.0
2026-09-16 08:00:00+00:00,2026-09-16 08:59:59.999000+00:00,0.07444,0.07445,0.07389,0.07412,4224353.0
2026-09-16 09:00:00+00:00,2026-09-16 09:59:59.999000+00:00,0.07412,0.07456,0.07412,0.07441,2211646.0
2026-09-16 10:00:00+00:00,2026-09-16 10:59:59.999000+00:00,0.07442,0.0745,0.07421,0.07439,2311935.0
2026-09-16 11:00:00+00:00,2026-09-16 11:59:59.999000+00:00,0.0744,0.07463,0.07428,0.07446,1558780.0
2026-09-16 12:00:00+00:00,2026-09-16 12:59:59.999000+00:00,0.07445,0.07448,0.0739,0.07415,2503999.0
2026-09-16 13:00:00+00:00,2026-09-16 13:59:59.999000+00:00,0.07413,0.07414,0.07305,0.07309,8370072.0
2026-09-16 14:00:00+00:00,2026-09-16 14:59:59.999000+00:00,0.07309,0.07311,0.07217,0.07263,8910881.0
2026-09-16 15:00:00+00:00,2026-09-16 15:59:59.999000+00:00,0.07263,0.07289,0.07196,0.07205,6377318.0
2026-09-16 16:00:00+00:00,2026-09-16 16:59:59.999000+00:00,0.07207,0.07297,0.07201,0.07278,5608218.0
2026-09-16 17:00:00+00:00,2026-09-16 17:59:59.999000+00:00,0.07276,0.07305,0.072,0.07244,4325295.0
2026-09-16 18:00:00+00:00,2026-09-16 18:59:59.999000+00:00,0.07244,0.07369,0.07207,0.07276,16930096.0
2026-09-16 19:00:00+00:00,2026-09-16 19:59:59.999000+00:00,0.0728,0.0736,0.07252,0.07359,4868684.0
2026-09-16 20:00:00+00:00,2026-09-16 20:59:59.999000+00:00,0.0736,0.07409,0.07331,0.07373,7571847.0
2026-09-16 21:00:00+00:00,2026-09-16 21:59:59.999000+00:00,0.07372,0.07372,0.07298,0.07314,2313732.0
2026-09-16 22:00:00+00:00,2026-09-16 22:59:59.999000+00:00,0.07313,0.07316,0.07267,0.07271,2543273.0
2026-09-16 23:00:00+00:00,2026-09-16 23:59:59.999000+00:00,0.07271,0.074,0.07261,0.0739,5778059.0
2026-09-17 00:00:00+00:00,2026-09-17 00:59:59.999000+00:00,0.07391,0.074,0.07345,0.07361,4020297.0
2026-09-17 01:00:00+00:00,2026-09-17 01:59:59.999000+00:00,0.07359,0.07435,0.07337,0.07393,11378532.0
2026-09-17 02:00:00+00:00,2026-09-17 02:59:59.999000+00:00,0.07394,0.07432,0.07353,0.07396,4592963.0
2026-09-17 03:00:00+00:00,2026-09-17 03:59:59.999000+00:00,0.07396,0.07443,0.07395,0.07441,3809949.0
2026-09-17 04:00:00+00:00,2026-09-17 04:59:59.999000+00:00,0.07441,0.07443,0.07368,0.07416,4369837.0
2026-09-17 05:00:00+00:00,2026-09-17 05:59:59.999000+00:00,0.07416,0.07435,0.0735,0.07358,5158090.0
2026-09-17 06:00:00+00:00,2026-09-17 06:59:59.999000+00:00,0.07358,0.074,0.07355,0.07395,2109592.0
2026-09-17 07:00:00+00:00,2026-09-17 07:59:59.999000+00:00,0.07396,0.07426,0.07377,0.07384,4111944.0
2026-09-17 08:00:00+00:00,2026-09-17 08:59:59.999000+00:00,0.07385,0.07433,0.07376,0.07419,3833662.0
2026-09-17 09:00:00+00:00,2026-09-17 09:59:59.999000+00:00,0.07419,0.0748,0.074,0.07436,8592699.0
2026-09-17 10:00:00+00:00,2026-09-17 10:59:59.999000+00:00,0.07435,0.07465,0.07421,0.07444,2975987.0
2026-09-17 11:00:00+00:00,2026-09-17 11:59:59.999000+00:00,0.07443,0.07459,0.07406,0.07444,2809740.0
2026-09-17 12:00:00+00:00,2026-09-17 12:59:59.999000+00:00,0.07442,0.07535,0.07438,0.07491,5382817.0
2026-09-17 13:00:00+00:00,2026-09-17 13:59:59.999000+00:00,0.07492,0.0751,0.07401,0.07467,4208822.0
2026-09-17 14:00:00+00:00,2026-09-17 14:59:59.999000+00:00,0.07467,0.07644,0.07446,0.07595,10649666.0
2026-09-17 15:00:00+00:00,2026-09-17 15:59:59.999000+00:00,0.07595,0.07649,0.07518,0.07639,2133584.0
2026-09-17 16:00:00+00:00,2026-09-17 16:59:59.999000+00:00,0.07639,0.07664,0.0757,0.07606,3722584.0
2026-09-17 17:00:00+00:00,2026-09-17 17:59:59.999000+00:00,0.07607,0.07656,0.07559,0.07561,2654145.0
2026-09-17 18:00:00+00:00,2026-09-17 18:59:59.999000+00:00,0.07561,0.07574,0.07519,0.0752,3384855.0
2026-09-17 19:00:00+00:00,2026-09-17 19:59:59.999000+00:00,0.0752,0.07539,0.07493,0.07514,4439615.0
2026-09-17 20:00:00+00:00,2026-09-17 20:59:59.999000+00:00,0.07514,0.07582,0.07513,0.07547,1672849.0
2026-09-17 21:00:00+00:00,2026-09-17 21:59:59.999000+00:00,0.07547,0.0756,0.0748,0.07481,2275063.0
2026-09-17 22:00:00+00:00,2026-09-17 22:59:59.999000+00:00,0.07481,0.07484,0.07398,0.07452,6514965.0
2026-09-17 23:00:00+00:00,2026-09-17 23:59:59.999000+00:00,0.07453,0.07475,0.07438,0.0746,2036836.0
2026-09-18 00:00:00+00:00,2026-09-18 00:59:59.999000+00:00,0.07461,0.07519,0.07434,0.07513,2282402.0
2026-09-18 01:00:00+00:00,2026-09-18 01:59:59.999000+00:00,0.07514,0.07528,0.0747,0.07523,3298976.0
2026-09-18 02:00:00+00:00,2026-09-18 02:59:59.999000+00:00,0.07525,0.07644,0.07515,0.07632,6093965.0
2026-09-18 03:00:00+00:00,2026-09-18 03:59:59.999000+00:00,0.07632,0.07765,0.07629,0.07741,8464104.0
2026-09-18 04:00:00+00:00,2026-09-18 04:59:59.999000+00:00,0.07741,0.07766,0.07678,0.07711,4008234.0
2026-09-18 05:00:00+00:00,2026-09-18 05:59:59.999000+00:00,0.07711,0.07731,0.07615,0.07631,4898577.0
2026-09-18 06:00:00+00:00,2026-09-18 06:59:59.999000+00:00,0.07632,0.07647,0.07594,0.07606,3544120.0
2026-09-18 07:00:00+00:00,2026-09-18 07:59:59.999000+00:00,0.07604,0.0768,0.07599,0.07657,4666376.0
2026-09-18 08:00:00+00:00,2026-09-18 08:59:59.999000+00:00,0.0766,0.07723,0.07631,0.07721,4378094.0
2026-09-18 09:00:00+00:00,2026-09-18 09:59:59.999000+00:00,0.07719,0.078,0.07708,0.07751,14321906.0
2026-09-18 10:00:00+00:00,2026-09-18 10:59:59.999000+00:00,0.07751,0.07818,0.07744,0.07757,6815944.0
2026-09-18 11:00:00+00:00,2026-09-18 11:59:59.999000+00:00,0.07756,0.07765,0.07656,0.07714,7704634.0
2026-09-18 12:00:00+00:00,2026-09-18 12:59:59.999000+00:00,0.07716,0.07721,0.07669,0.07703,6083871.0
2026-09-18 13:00:00+00:00,2026-09-18 13:59:59.999000+00:00,0.07703,0.07848,0.07695,0.07769,12671234.0
2026-09-18 14:00:00+00:00,2026-09-18 14:59:59.999000+00:00,0.0777,0.07899,0.0777,0.07892,13830207.0
2026-09-18 15:00:00+00:00,2026-09-18 15:59:59.999000+00:00,0.07894,0.0794,0.07835,0.07876,11722969.0
2026-09-18 16:00:00+00:00,2026-09-18 16:59:59.999000+00:00,0.0788,0.07914,0.07823,0.07837,4598248.0
2026-09-18 17:00:00+00:00,2026-09-18 17:59:59.999000+00:00,0.07837,0.07877,0.078,0.07875,6874787.0
2026-09-18 18:00:00+00:00,2026-09-18 18:59:59.999000+00:00,0.07875,0.07887,0.07849,0.07856,4921101.0
2026-09-18 19:00:00+00:00,2026-09-18 19:59:59.999000+00:00,0.07856,0.07945,0.07856,0.07944,6055508.0
2026-09-18 20:00:00+00:00,2026-09-18 20:59:59.999000+00:00,0.07943,0.07975,0.07907,0.07947,4705184.0
2026-09-18 21:00:00+00:00,2026-09-18 21:59:59.999000+00:00,0.07947,0.07998,0.07913,0.0793,5130414.0
2026-09-18 22:00:00+00:00,2026-09-18 22:59:59.999000+00:00,0.0793,0.07956,0.07901,0.07931,5196189.0
2026-09-18 23:00:00+00:00,2026-09-18 23:59:59.999000+00:00,0.07932,0.07951,0.07906,0.07923,3474627.0
2026-09-19 00:00:00+00:00,2026-09-19 00:59:59.999000+00:00,0.07923,0.07976,0.07913,0.07922,5160130.0
2026-09-19 01:00:00+00:00,2026-09-19 01:59:59.999000+00:00,0.07922,0.07946,0.07831,0.07934,9303985.0
2026-09-19 02:00:00+00:00,2026-09-19 02:59:59.999000+00:00,0.07936,0.07978,0.0793,0.07951,3815476.0
2026-09-19 03:00:00+00:00,2026-09-19 03:59:59.999000+00:00,0.07952,0.0798,0.07926,0.07953,3498686.0
2026-09-19 04:00:00+00:00,2026-09-19 04:59:59.999000+00:00,0.07952,0.07987,0.0787,0.07901,5278803.0
2026-09-19 05:00:00+00:00,2026-09-19 05:59:59.999000+00:00,0.079,0.07959,0.079,0.07927,4122336.0
2026-09-19 06:00:00+00:00,2026-09-19 06:59:59.999000+00:00,0.07928,0.07976,0.07845,0.07891,6429275.0
2026-09-19 07:00:00+00:00,2026-09-19 07:59:59.999000+00:00,0.07894,0.07916,0.07834,0.07834,4215444.0
2026-09-19 08:00:00+00:00,2026-09-19 08:59:59.999000+00:00,0.07835,0.07935,0.07816,0.07913,5321189.0
2026-09-19 09:00:00+00:00,2026-09-19 09:59:59.999000+00:00,0.07913,0.0797,0.07913,0.07943,5273992.0
2026-09-19 10:00:00+00:00,2026-09-19 10:59:59.999000+00:00,0.07945,0.08074,0.07934,0.08025,13761038.0
2026-09-19 11:00:00+00:00,2026-09-19 11:59:59.999000+00:00,0.08025,0.08094,0.08023,0.08077,9624385.0
2026-09-19 12:00:00+00:00,2026-09-19 12:59:59.999000+00:00,0.08076,0.08089,0.08042,0.08072,3922472.0
2026-09-19 13:00:00+00:00,2026-09-19 13:59:59.999000+00:00,0.08073,0.08164,0.08051,0.08095,18103873.0
2026-09-19 14:00:00+00:00,2026-09-19 14:59:59.999000+00:00,0.08097,0.08151,0.08071,0.08084,8824378.0
2026-09-19 15:00:00+00:00,2026-09-19 15:59:59.999000+00:00,0.08082,0.08141,0.08057,0.08107,7029375.0
2026-09-19 16:00:00+00:00,2026-09-19 16:59:59.999000+00:00,0.08108,0.08211,0.08075,0.08188,13267542.0
2026-09-19 17:00:00+00:00,2026-09-19 17:59:59.999000+00:00,0.08189,0.08226,0.08157,0.08157,7928024.0
2026-09-19 18:00:00+00:00,2026-09-19 18:59:59.999000+00:00,0.08157,0.0824,0.08142,0.08175,10137857.0
2026-09-19 19:00:00+00:00,2026-09-19 19:59:59.999000+00:00,0.08178,0.0824,0.08178,0.08207,5668590.0
2026-09-19 20:00:00+00:00,2026-09-19 20:59:59.999000+00:00,0.08208,0.08238,0.08109,0.08131,11153908.0
2026-09-19 21:00:00+00:00,2026-09-19 21:59:59.999000+00:00,0.08134,0.08165,0.08009,0.08076,12939092.0
2026-09-19 22:00:00+00:00,2026-09-19 22:59:59.999000+00:00,0.08076,0.08145,0.08031,0.08137,6578575.0
2026-09-19 23:00:00+00:00,2026-09-19 23:59:59.999000+00:00,0.08135,0.08169,0.08123,0.08145,4284803.0
2026-09-20 00:00:00+00:00,2026-09-20 00:59:59.999000+00:00,0.08145,0.08247,0.08117,0.08223,8591733.0
2026-09-20 01:00:00+00:00,2026-09-20 01:59:59.999000+00:00,0.08224,0.08389,0.08172,0.08188,28236612.0
2026-09-20 02:00:00+00:00,2026-09-20 02:59:59.999000+00:00,0.08189,0.08224,0.07951,0.07972,16274013.0
2026-09-20 03:00:00+00:00,2026-09-20 03:59:59.999000+00:00,0.0797,0.08067,0.07953,0.08058,8907946.0
2026-09-20 04:00:00+00:00,2026-09-20 04:59:59.999000+00:00,0.08057,0.0807,0.08003,0.08067,5962684.0
2026-09-20 05:00:00+00:00,2026-09-20 05:59:59.999000+00:00,0.08066,0.08113,0.08045,0.08108,7572023.0
2026-09-20 06:00:00+00:00,2026-09-20 06:59:59.999000+00:00,0.08106,0.08116,0.08044,0.08086,2497233.0
2026-09-20 07:00:00+00:00,2026-09-20 07:59:59.999000+00:00,0.08088,0.08232,0.08088,0.08149,16618083.0
2026-09-20 08:00:00+00:00,2026-09-20 08:59:59.999000+00:00,0.08149,0.0821,0.08088,0.081,5777132.0
2026-09-20 09:00:00+00:00,2026-09-20 09:59:59.999000+00:00,0.08099,0.08184,0.08097,0.08115,3498555.0
2026-09-20 10:00:00+00:00,2026-09-20 10:59:59.999000+00:00,0.08116,0.0812,0.08001,0.08025,6558521.0
2026-09-20 11:00:00+00:00,2026-09-20 11:59:59.999000+00:00,0.08025,0.08185,0.08008,0.08169,3946537.0
2026-09-20 12:00:00+00:00,2026-09-20 12:59:59.999000+00:00,0.0817,0.08289,0.0812,0.08182,11394554.0
2026-09-20 13:00:00+00:00,2026-09-20 13:59:59.999000+00:00,0.08182,0.08703,0.08182,0.0862,35449707.0
2026-09-20 14:00:00+00:00,2026-09-20 14:59:59.999000+00:00,0.0862,0.08855,0.08568,0.08754,63829361.0
2026-09-20 15:00:00+00:00,2026-09-20 15:59:59.999000+00:00,0.08754,0.08999,0.08555,0.08656,50162921.0
2026-09-20 16:00:00+00:00,2026-09-20 16:59:59.999000+00:00,0.08656,0.08852,0.08512,0.0878,30676720.0
2026-09-20 17:00:00+00:00,2026-09-20 17:59:59.999000+00:00,0.08779,0.08796,0.08558,0.08667,14910422.0
2026-09-20 18:00:00+00:00,2026-09-20 18:59:59.999000+00:00,0.08666,0.08695,0.08564,0.08593,9017126.0
2026-09-20 19:00:00+00:00,2026-09-20 19:59:59.999000+00:00,0.08593,0.08624,0.08484,0.08511,11545751.0
2026-09-20 20:00:00+00:00,2026-09-20 20:59:59.999000+00:00,0.08511,0.08602,0.08495,0.08586,8201729.0
2026-09-20 21:00:00+00:00,2026-09-20 21:59:59.999000+00:00,0.08586,0.0866,0.08451,0.0865,12329658.0
2026-09-20 22:00:00+00:00,2026-09-20 22:59:59.999000+00:00,0.08651,0.08714,0.08598,0.08625,7133463.0
2026-09-20 23:00:00+00:00,2026-09-20 23:59:59.999000+00:00,0.08626,0.08717,0.08594,0.08653,8615130.0
2026-09-21 00:00:00+00:00,2026-09-21 00:59:59.999000+00:00,0.08653,0.08846,0.08533,0.08572,30140721.0
2026-09-21 01:00:00+00:00,2026-09-21 01:59:59.999000+00:00,0.08572,0.08688,0.0849,0.08517,11506063.0
2026-09-21 02:00:00+00:00,2026-09-21 02:59:59.999000+00:00,0.08518,0.08628,0.0849,0.08594,4575089.0
2026-09-21 03:00:00+00:00,2026-09-21 03:59:59.999000+00:00,0.08595,0.08728,0.08595,0.08709,5153633.0
2026-09-21 04:00:00+00:00,2026-09-21 04:59:59.999000+00:00,0.0871,0.08796,0.08676,0.08692,7434771.0
2026-09-21 05:00:00+00:00,2026-09-21 05:59:59.999000+00:00,0.08691,0.08734,0.08627,0.08675,6922026.0
2026-09-21 06:00:00+00:00,2026-09-21 06:59:59.999000+00:00,0.08675,0.08792,0.08641,0.08685,7222220.0
2026-09-21 07:00:00+00:00,2026-09-21 07:59:59.999000+00:00,0.08685,0.08706,0.08637,0.08705,7758011.0
2026-09-21 08:00:00+00:00,2026-09-21 08:59:59.999000+00:00,0.08705,0.0889,0.08659,0.08863,16859288.0
2026-09-21 09:00:00+00:00,2026-09-21 09:59:59.999000+00:00,0.08863,0.0895,0.08793,0.08854,21557441.0
2026-09-21 10:00:00+00:00,2026-09-21 10:59:59.999000+00:00,0.08853,0.08965,0.08829,0.08958,9337811.0
2026-09-21 11:00:00+00:00,2026-09-21 11:59:59.999000+00:00,0.08958,0.09105,0.0894,0.09011,16001597.0
2026-09-21 12:00:00+00:00,2026-09-21 12:59:59.999000+00:00,0.0901,0.093,0.0897,0.09137,26815464.0
2026-09-21 13:00:00+00:00,2026-09-21 13:59:59.999000+00:00,0.09136,0.09213,0.08998,0.09113,19437220.0
2026-09-21 14:00:00+00:00,2026-09-21 14:59:59.999000+00:00,0.09113,0.09167,0.08972,0.09143,14215933.0
2026-09-21 15:00:00+00:00,2026-09-21 15:59:59.999000+00:00,0.09143,0.09274,0.09039,0.09255,13256561.0
2026-09-21 16:00:00+00:00,2026-09-21 16:59:59.999000+00:00,0.09255,0.09341,0.09174,0.09174,15994006.0
2026-09-21 17:00:00+00:00,2026-09-21 17:59:59.999000+00:00,0.09175,0.09254,0.09044,0.09079,16259581.0
2026-09-21 18:00:00+00:00,2026-09-21 18:59:59.999000+00:00,0.0908,0.09152,0.09049,0.09097,6459842.0
2026-09-21 19:00:00+00:00,2026-09-21 19:59:59.999000+00:00,0.09098,0.09142,0.09029,0.0914,8651234.0
2026-09-21 20:00:00+00:00,2026-09-21 20:59:59.999000+00:00,0.09141,0.09235,0.09119,0.09206,9235092.0
2026-09-21 21:00:00+00:00,2026-09-21 21:59:59.999000+00:00,0.09205,0.09281,0.09156,0.09177,6782991.0
2026-09-21 22:00:00+00:00,2026-09-21 22:59:59.999000+00:00,0.09179,0.09338,0.09179,0.09294,7127246.0
2026-09-21 23:00:00+00:00,2026-09-21 23:59:59.999000+00:00,0.09293,0.09358,0.09235,0.09336,5030464.0
2026-09-22 00:00:00+00:00,2026-09-22 00:59:59.999000+00:00,0.09339,0.09388,0.09232,0.0925,10352810.0
2026-09-22 01:00:00+00:00,2026-09-22 01:59:59.999000+00:00,0.09251,0.0929,0.09152,0.09206,8597257.0
2026-09-22 02:00:00+00:00,2026-09-22 02:59:59.999000+00:00,0.09207,0.09288,0.09136,0.0921,12565452.0
2026-09-22 03:00:00+00:00,2026-09-22 03:59:59.999000+00:00,0.09209,0.09438,0.0911,0.09399,19306002.0
2026-09-22 04:00:00+00:00,2026-09-22 04:59:59.999000+00:00,0.09399,0.09531,0.09239,0.09247,16855913.0
2026-09-22 05:00:00+00:00,2026-09-22 05:59:59.999000+00:00,0.09248,0.0931,0.09137,0.09271,8592131.0
2026-09-22 06:00:00+00:00,2026-09-22 06:59:59.999000+00:00,0.09272,0.0935,0.09239,0.09312,5231723.0
2026-09-22 07:00:00+00:00,2026-09-22 07:59:59.999000+00:00,0.09312,0.09524,0.09303,0.09482,12364581.0
2026-09-22 08:00:00+00:00,2026-09-22 08:59:59.999000+00:00,0.09482,0.09775,0.09462,0.09718,32347979.0
2026-09-22 09:00:00+00:00,2026-09-22 09:59:59.999000+00:00,0.09717,0.09743,0.09435,0.09473,17812163.0
2026-09-22 10:00:00+00:00,2026-09-22 10:59:59.999000+00:00,0.09472,0.09494,0.09297,0.0936,11293056.0
2026-09-22 11:00:00+00:00,2026-09-22 11:59:59.999000+00:00,0.09359,0.09447,0.09286,0.09392,8202128.0
2026-09-22 12:00:00+00:00,2026-09-22 12:59:59.999000+00:00,0.09392,0.09525,0.09352,0.09525,7888774.0
2026-09-22 13:00:00+00:00,2026-09-22 13:59:59.999000+00:00,0.09524,0.09734,0.09509,0.09701,13621055.0
2026-09-22 14:00:00+00:00,2026-09-22 14:59:59.999000+00:00,0.097,0.098,0.09475,0.09653,18426643.0
2026-09-22 15:00:00+00:00,2026-09-22 15:59:59.999000+00:00,0.09654,0.09899,0.0964,0.09862,18033515.0
2026-09-22 16:00:00+00:00,2026-09-22 16:59:59.999000+00:00,0.09861,0.09861,0.09473,0.09618,23688129.0
2026-09-22 17:00:00+00:00,2026-09-22 17:59:59.999000+00:00,0.09619,0.09673,0.0955,0.0959,9148548.0
2026-09-22 18:00:00+00:00,2026-09-22 18:59:59.999000+00:00,0.09591,0.09764,0.09573,0.09724,8396003.0
2026-09-22 19:00:00+00:00,2026-09-22 19:59:59.999000+00:00,0.09725,0.09999,0.0972,0.0988,23980615.0
2026-09-22 20:00:00+00:00,2026-09-22 20:59:59.999000+00:00,0.09879,0.10072,0.0983,0.0995,27139188.0
2026-09-22 21:00:00+00:00,2026-09-22 21:59:59.999000+00:00,0.09951,0.10059,0.09861,0.09972,7212112.0
2026-09-22 22:00:00+00:00,2026-09-22 22:59:59.999000+00:00,0.09971,0.10003,0.09825,0.09904,10401065.0
2026-09-22 23:00:00+00:00,2026-09-22 23:59:59.999000+00:00,0.09905,0.10005,0.09872,0.0991,11649048.0
2026-09-23 00:00:00+00:00,2026-09-23 00:59:59.999000+00:00,0.0991,0.09967,0.09843,0.09903,11321540.0
2026-09-23 01:00:00+00:00,2026-09-23 01:59:59.999000+00:00,0.09904,0.10054,0.09885,0.1002,10531511.0
2026-09-23 02:00:00+00:00,2026-09-23 02:59:59.999000+00:00,0.10019,0.10133,0.09941,0.10092,11566159.0
2026-09-23 03:00:00+00:00,2026-09-23 03:59:59.999000+00:00,0.10093,0.10133,0.09978,0.10039,11890613.0
2026-09-23 04:00:00+00:00,2026-09-23 04:59:59.999000+00:00,0.10038,0.10093,0.09963,0.10001,11875636.0
2026-09-23 05:00:00+00:00,2026-09-23 05:59:59.999000+00:00,0.10002,0.10009,0.09849,0.09884,10483290.0
2026-09-23 06:00:00+00:00,2026-09-23 06:59:59.999000+00:00,0.09885,0.10034,0.09885,0.09986,6236847.0
2026-09-23 07:00:00+00:00,2026-09-23 07:59:59.999000+00:00,0.09986,0.09988,0.09783,0.09785,9538587.0
2026-09-23 08:00:00+00:00,2026-09-23 08:59:59.999000+00:00,0.09784,0.09867,0.09697,0.09751,11716923.0
2026-09-23 09:00:00+00:00,2026-09-23 09:59:59.999000+00:00,0.0975,0.09807,0.09689,0.09736,7002625.0
2026-09-23 10:00:00+00:00,2026-09-23 10:59:59.999000+00:00,0.09738,0.09767,0.09651,0.0972,5740105.0
2026-09-23 11:00:00+00:00,2026-09-23 11:59:59.999000+00:00,0.0972,0.0972,0.09476,0.09523,19162457.0
2026-09-23 12:00:00+00:00,2026-09-23 12:59:59.999000+00:00,0.09522,0.09541,0.09436,0.0948,11612200.0
2026-09-23 13:00:00+00:00,2026-09-23 13:59:59.999000+00:00,0.0948,0.09481,0.09371,0.09406,9971372.0
2026-09-23 14:00:00+00:00,2026-09-23 14:59:59.999000+00:00,0.09405,0.09452,0.08827,0.09185,45183142.0
2026-09-23 15:00:00+00:00,2026-09-23 15:59:59.999000+00:00,0.09186,0.09215,0.08973,0.08998,15099484.0
2026-09-23 16:00:00+00:00,2026-09-23 16:59:59.999000+00:00,0.08997,0.09101,0.08892,0.09039,10362598.0
2026-09-23 17:00:00+00:00,2026-09-23 17:59:59.999000+00:00,0.09038,0.09073,0.0897,0.09042,5911634.0
2026-09-23 18:00:00+00:00,2026-09-23 18:59:59.999000+00:00,0.09042,0.09055,0.08988,0.09024,7030956.0
2026-09-23 19:00:00+00:00,2026-09-23 19:59:59.999000+00:00,0.09024,0.09067,0.08999,0.09029,4631216.0
2026-09-23 20:00:00+00:00,2026-09-23 20:59:59.999000+00:00,0.0903,0.0905,0.0897,0.08995,5064908.0
2026-09-23 21:00:00+00:00,2026-09-23 21:59:59.999000+00:00,0.08997,0.09071,0.08982,0.09029,3402352.0
2026-09-23 22:00:00+00:00,2026-09-23 22:59:59.999000+00:00,0.09029,0.09114,0.09005,0.09046,6596054.0
2026-09-23 23:00:00+00:00,2026-09-23 23:59:59.999000+00:00,0.09046,0.09074,0.09019,0.0905,2893118.0
2026-09-24 00:00:00+00:00,2026-09-24 00:59:59.999000+00:00,0.0905,0.09078,0.08967,0.08987,4476500.0
2026-09-24 01:00:00+00:00,2026-09-24 01:59:59.999000+00:00,0.08987,0.09014,0.08935,0.08943,4909378.0
2026-09-24 02:00:00+00:00,2026-09-24 02:59:59.999000+00:00,0.08943,0.09098,0.08896,0.09081,7090918.0
2026-09-24 03:00:00+00:00,2026-09-24 03:59:59.999000+00:00,0.09082,0.09188,0.09039,0.09067,7111752.0
2026-09-24 04:00:00+00:00,2026-09-24 04:59:59.999000+00:00,0.09067,0.09125,0.09017,0.09122,3833631.0
2026-09-24 05:00:00+00:00,2026-09-24 05:59:59.999000+00:00,0.09119,0.09191,0.09116,0.09129,7374384.0
2026-09-24 06:00:00+00:00,2026-09-24 06:59:59.999000+00:00,0.09129,0.09198,0.09114,0.0914,3300003.0
2026-09-24 07:00:00+00:00,2026-09-24 07:59:59.999000+00:00,0.0914,0.09171,0.09098,0.09143,4984114.0
2026-09-24 08:00:00+00:00,2026-09-24 08:59:59.999000+00:00,0.09143,0.09162,0.08971,0.09013,5692178.0
2026-09-24 09:00:00+00:00,2026-09-24 09:59:59.999000+00:00,0.09014,0.09033,0.08822,0.08897,8031252.0
2026-09-24 10:00:00+00:00,2026-09-24 10:59:59.999000+00:00,0.08898,0.09017,0.08875,0.09,4301618.0
2026-09-24 11:00:00+00:00,2026-09-24 11:59:59.999000+00:00,0.08999,0.09011,0.08936,0.08955,3974198.0
2026-09-24 12:00:00+00:00,2026-09-24 12:59:59.999000+00:00,0.08954,0.09083,0.08928,0.0907,5437791.0
2026-09-24 13:00:00+00:00,2026-09-24 13:59:59.999000+00:00,0.09069,0.09268,0.09067,0.09261,7638781.0
2026-09-24 14:00:00+00:00,2026-09-24 14:59:59.999000+00:00,0.0926,0.09493,0.09187,0.09272,18912409.0
2026-09-24 15:00:00+00:00,2026-09-24 15:59:59.999000+00:00,0.09271,0.0934,0.09169,0.09201,15854527.0
2026-09-24 16:00:00+00:00,2026-09-24 16:59:59.999000+00:00,0.09203,0.09339,0.09111,0.09296,13364503.0
2026-09-24 17:00:00+00:00,2026-09-24 17:59:59.999000+00:00,0.09296,0.09315,0.09225,0.09243,7318415.0
2026-09-24 18:00:00+00:00,2026-09-24 18:59:59.999000+00:00,0.09243,0.09338,0.09167,0.09327,6927869.0
2026-09-24 19:00:00+00:00,2026-09-24 19:59:59.999000+00:00,0.09328,0.0933,0.09236,0.09268,5003014.0
2026-09-24 20:00:00+00:00,2026-09-24 20:59:59.999000+00:00,0.09266,0.09322,0.09249,0.09292,3959764.0
2026-09-24 21:00:00+00:00,2026-09-24 21:59:59.999000+00:00,0.09294,0.09434,0.0928,0.09387,5027605.0
2026-09-24 22:00:00+00:00,2026-09-24 22:59:59.999000+00:00,0.09386,0.09392,0.09269,0.09307,4839308.0
2026-09-24 23:00:00+00:00,2026-09-24 23:59:59.999000+00:00,0.09306,0.09356,0.09294,0.09309,3102615.0
2026-09-25 00:00:00+00:00,2026-09-25 00:59:59.999000+00:00,0.0931,0.09383,0.0928,0.09328,6705589.0
2026-09-25 01:00:00+00:00,2026-09-25 01:59:59.999000+00:00,0.09328,0.09396,0.09267,0.09336,5887648.0
2026-09-25 02:00:00+00:00,2026-09-25 02:59:59.999000+00:00,0.09334,0.09424,0.09226,0.09236,7180559.0
2026-09-25 03:00:00+00:00,2026-09-25 03:59:59.999000+00:00,0.09236,0.09284,0.09193,0.09211,4906452.0
2026-09-25 04:00:00+00:00,2026-09-25 04:59:59.999000+00:00,0.09211,0.09296,0.09189,0.09245,4315336.0
2026-09-25 05:00:00+00:00,2026-09-25 05:59:59.999000+00:00,0.09245,0.09272,0.09202,0.09235,5761406.0
2026-09-25 06:00:00+00:00,2026-09-25 06:59:59.999000+00:00,0.09235,0.09262,0.09179,0.09202,4357799.0
2026-09-25 07:00:00+00:00,2026-09-25 07:59:59.999000+00:00,0.09201,0.09248,0.09145,0.09205,5184726.0
2026-09-25 08:00:00+00:00,2026-09-25 08:59:59.999000+00:00,0.09206,0.09307,0.09202,0.09275,4633547.0
