open_time,close_time,open,high,low,close,volume
2026-04-10 00:00:00+00:00,2026-04-10 03:59:59.999000+00:00,0.08937,0.08994,0.08835,0.08841,16796148.0
2026-04-10 04:00:00+00:00,2026-04-10 07:59:59.999000+00:00,0.08842,0.08879,0.08792,0.08804,16331960.0
2026-04-10 08:00:00+00:00,2026-04-10 11:59:59.999000+00:00,0.08805,0.08881,0.08775,0.08839,10720370.0
2026-04-10 12:00:00+00:00,2026-04-10 15:59:59.999000+00:00,0.08838,0.09001,0.08805,0.08912,17201437.0
2026-04-10 16:00:00+00:00,2026-04-10 19:59:59.999000+00:00,0.08913,0.09033,0.08892,0.09032,27371008.0
2026-04-10 20:00:00+00:00,2026-04-10 23:59:59.999000+00:00,0.09032,0.09049,0.08935,0.08951,11561087.0
2026-04-11 00:00:00+00:00,2026-04-11 03:59:59.999000+00:00,0.08951,0.08967,0.0883,0.08831,7456407.0
2026-04-11 04:00:00+00:00,2026-04-11 07:59:59.999000+00:00,0.0883,0.08836,0.08789,0.08812,9587640.0
2026-04-11 08:00:00+00:00,2026-04-11 11:59:59.999000+00:00,0.08813,0.08843,0.0879,0.08818,7148230.0
2026-04-11 12:00:00+00:00,2026-04-11 15:59:59.999000+00:00,0.08818,0.08859,0.08796,0.08812,8897944.0
2026-04-11 16:00:00+00:00,2026-04-11 19:59:59.999000+00:00,0.08812,0.08969,0.088,0.08968,20134329.0
2026-04-11 20:00:00+00:00,2026-04-11 23:59:59.999000+00:00,0.08969,0.08984,0.088,0.08832,14245984.0
2026-04-12 00:00:00+00:00,2026-04-12 03:59:59.999000+00:00,0.08831,0.0886,0.08667,0.08681,17874542.0
2026-04-12 04:00:00+00:00,2026-04-12 07:59:59.999000+00:00,0.08681,0.08692,0.08585,0.08626,19522039.0
2026-04-12 08:00:00+00:00,2026-04-12 11:59:59.999000+00:00,0.08626,0.08632,0.08584,0.086,10030214.0
2026-04-12 12:00:00+00:00,2026-04-12 15:59:59.999000+00:00,0.086,0.08604,0.08503,0.08552,11390628.0
2026-04-12 16:00:00+00:00,2026-04-12 19:59:59.999000+00:00,0.08552,0.08665,0.08547,0.0861,11683305.0
2026-04-12 20:00:00+00:00,2026-04-12 23:59:59.999000+00:00,0.08611,0.08653,0.08509,0.08516,9377889.0
2026-04-13 00:00:00+00:00,2026-04-13 03:59:59.999000+00:00,0.08516,0.08586,0.08502,0.08509,8415673.0
2026-04-13 04:00:00+00:00,2026-04-13 07:59:59.999000+00:00,0.08509,0.08595,0.0848,0.08502,10426018.0
2026-04-13 08:00:00+00:00,2026-04-13 11:59:59.999000+00:00,0.08501,0.08535,0.08439,0.08477,10360229.0
2026-04-13 12:00:00+00:00,2026-04-13 15:59:59.999000+00:00,0.08478,0.08634,0.08472,0.08502,26824519.0
2026-04-13 16:00:00+00:00,2026-04-13 19:59:59.999000+00:00,0.08502,0.0862,0.08455,0.08609,30501746.0
2026-04-13 20:00:00+00:00,2026-04-13 23:59:59.999000+00:00,0.08609,0.08813,0.08521,0.08778,30466978.0
2026-04-14 00:00:00+00:00,2026-04-14 03:59:59.999000+00:00,0.08778,0.08786,0.08643,0.0866,12778401.0
2026-04-14 04:00:00+00:00,2026-04-14 07:59:59.999000+00:00,0.0866,0.08677,0.08582,0.0864,12956357.0
2026-04-14 08:00:00+00:00,2026-04-14 11:59:59.999000+00:00,0.0864,0.08706,0.08636,0.08653,11353258.0
2026-04-14 12:00:00+00:00,2026-04-14 15:59:59.999000+00:00,0.08653,0.08776,0.08597,0.08614,25126593.0
2026-04-14 16:00:00+00:00,2026-04-14 19:59:59.999000+00:00,0.08614,0.08632,0.08454,0.08503,20700202.0
2026-04-14 20:00:00+00:00,2026-04-14 23:59:59.999000+00:00,0.08503,0.08514,0.08444,0.08505,7353695.0
2026-04-15 00:00:00+00:00,2026-04-15 03:59:59.999000+00:00,0.08505,0.08581,0.085,0.08522,7597210.0
2026-04-15 04:00:00+00:00,2026-04-15 07:59:59.999000+00:00,0.08522,0.08579,0.08485,0.08504,20232656.0
2026-04-15 08:00:00+00:00,2026-04-15 11:59:59.999000+00:00,0.08504,0.08615,0.08501,0.08584,10046765.0
2026-04-15 12:00:00+00:00,2026-04-15 15:59:59.999000+00:00,0.08585,0.08666,0.08553,0.08586,18214245.0
2026-04-15 16:00:00+00:00,2026-04-15 19:59:59.999000+00:00,0.08585,0.08744,0.08569,0.0871,14506682.0
2026-04-15 20:00:00+00:00,2026-04-15 23:59:59.999000+00:00,0.0871,0.08739,0.08614,0.08711,12197863.0
2026-04-16 00:00:00+00:00,2026-04-16 03:59:59.999000+00:00,0.08712,0.08768,0.08636,0.08756,13931463.0
2026-04-16 04:00:00+00:00,2026-04-16 07:59:59.999000+00:00,0.08755,0.08838,0.08741,0.08811,20253170.0
2026-04-16 08:00:00+00:00,2026-04-16 11:59:59.999000+00:00,0.08811,0.08874,0.0872,0.08762,15900073.0
2026-04-16 12:00:00+00:00,2026-04-16 15:59:59.999000+00:00,0.08763,0.08924,0.08682,0.0887,30631331.0
2026-04-16 16:00:00+00:00,2026-04-16 19:59:59.999000+00:00,0.0887,0.09089,0.08786,0.09087,26409006.0
2026-04-16 20:00:00+00:00,2026-04-16 23:59:59.999000+00:00,0.09086,0.09165,0.08975,0.09071,35144821.0
2026-04-17 00:00:00+00:00,2026-04-17 03:59:59.999000+00:00,0.0907,0.09089,0.08909,0.08918,13436790.0
2026-04-17 04:00:00+00:00,2026-04-17 07:59:59.999000+00:00,0.08918,0.09135,0.08859,0.0911,16515757.0
2026-04-17 08:00:00+00:00,2026-04-17 11:59:59.999000+00:00,0.0911,0.09186,0.09013,0.09106,29699882.0
2026-04-17 12:00:00+00:00,2026-04-17 15:59:59.999000+00:00,0.09106,0.09353,0.0909,0.09231,48111793.0
2026-04-17 16:00:00+00:00,2026-04-17 19:59:59.999000+00:00,0.09232,0.09306,0.0902,0.09089,29836493.0
2026-04-17 20:00:00+00:00,2026-04-17 23:59:59.999000+00:00,0.0909,0.09148,0.0902,0.09074,14832050.0
2026-04-18 00:00:00+00:00,2026-04-18 03:59:59.999000+00:00,0.09073,0.09109,0.08995,0.09008,7457539.0
2026-04-18 04:00:00+00:00,2026-04-18 07:59:59.999000+00:00,0.09009,0.09031,0.08935,0.09018,17447711.0
2026-04-18 08:00:00+00:00,2026-04-18 11:59:59.999000+00:00,0.09019,0.09026,0.08796,0.08861,25086007.0
2026-04-18 12:00:00+00:00,2026-04-18 15:59:59.999000+00:00,0.0886,0.08958,0.08851,0.08925,12606870.0
2026-04-18 16:00:00+00:00,2026-04-18 19:59:59.999000+00:00,0.08925,0.08952,0.0883,0.08882,9281388.0
2026-04-18 20:00:00+00:00,2026-04-18 23:59:59.999000+00:00,0.08881,0.08946,0.08858,0.08878,5369011.0
2026-04-19 00:00:00+00:00,2026-04-19 03:59:59.999000+00:00,0.08878,0.089,0.08787,0.08795,7183516.0
2026-04-19 04:00:00+00:00,2026-04-19 07:59:59.999000+00:00,0.08795,0.08886,0.08752,0.08829,12239686.0
2026-04-19 08:00:00+00:00,2026-04-19 11:59:59.999000+00:00,0.08828,0.08839,0.08736,0.08818,9959581.0
2026-04-19 12:00:00+00:00,2026-04-19 15:59:59.999000+00:00,0.08818,0.08963,0.08818,0.08899,16864530.0
2026-04-19 16:00:00+00:00,2026-04-19 19:59:59.999000+00:00,0.08899,0.08908,0.08772,0.08842,13610549.0
2026-04-19 20:00:00+00:00,2026-04-19 23:59:59.999000+00:00,0.08841,0.08853,0.08699,0.08724,14811875.0
2026-04-20 00:00:00+00:00,2026-04-20 03:59:59.999000+00:00,0.08725,0.08867,0.08718,0.08862,9308366.0
2026-04-20 04:00:00+00:00,2026-04-20 07:59:59.999000+00:00,0.08862,0.08969,0.08804,0.08901,12785418.0
2026-04-20 08:00:00+00:00,2026-04-20 11:59:59.999000+00:00,0.08902,0.08926,0.0886,0.08863,12933901.0
2026-04-20 12:00:00+00:00,2026-04-20 15:59:59.999000+00:00,0.08862,0.08988,0.08807,0.08987,30630574.0
2026-04-20 16:00:00+00:00,2026-04-20 19:59:59.999000+00:00,0.08986,0.09055,0.08921,0.08965,30378811.0
2026-04-20 20:00:00+00:00,2026-04-20 23:59:59.999000+00:00,0.08965,0.08983,0.08916,0.08973,10649223.0
2026-04-21 00:00:00+00:00,2026-04-21 03:59:59.999000+00:00,0.08974,0.09009,0.08908,0.08932,7572841.0
2026-04-21 04:00:00+00:00,2026-04-21 07:59:59.999000+00:00,0.08931,0.09067,0.08927,0.09056,8447202.0
2026-04-21 08:00:00+00:00,2026-04-21 11:59:59.999000+00:00,0.09055,0.09138,0.0904,0.09098,14732188.0
2026-04-21 12:00:00+00:00,2026-04-21 15:59:59.999000+00:00,0.09099,0.09123,0.08962,0.09036,18339516.0
2026-04-21 16:00:00+00:00,2026-04-21 19:59:59.999000+00:00,0.09037,0.09057,0.08877,0.08898,20772756.0
2026-04-21 20:00:00+00:00,2026-04-21 23:59:59.999000+00:00,0.08898,0.09048,0.08889,0.09034,9343471.0
2026-04-22 00:00:00+00:00,2026-04-22 03:59:59.999000+00:00,0.09036,0.0911,0.08986,0.09085,13765328.0
2026-04-22 04:00:00+00:00,2026-04-22 07:59:59.999000+00:00,0.09085,0.0914,0.09027,0.09082,23481788.0
2026-04-22 08:00:00+00:00,2026-04-22 11:59:59.999000+00:00,0.09082,0.09128,0.09073,0.09125,9539982.0
2026-04-22 12:00:00+00:00,2026-04-22 15:59:59.999000+00:00,0.09124,0.09345,0.09083,0.09269,26675322.0
2026-04-22 16:00:00+00:00,2026-04-22 19:59:59.999000+00:00,0.09269,0.0934,0.09118,0.0916,30467440.0
2026-04-22 20:00:00+00:00,2026-04-22 23:59:59.999000+00:00,0.0916,0.09174,0.09064,0.0908,13396842.0
2026-04-23 00:00:00+00:00,2026-04-23 03:59:59.999000+00:00,0.09081,0.09119,0.09011,0.09057,13904605.0
2026-04-23 04:00:00+00:00,2026-04-23 07:59:59.999000+00:00,0.09056,0.09136,0.09032,0.09084,9474411.0
2026-04-23 08:00:00+00:00,2026-04-23 11:59:59.999000+00:00,0.09082,0.09099,0.08971,0.09066,12573157.0
2026-04-23 12:00:00+00:00,2026-04-23 15:59:59.999000+00:00,0.09065,0.09144,0.0904,0.09096,13469050.0
2026-04-23 16:00:00+00:00,2026-04-23 19:59:59.999000+00:00,0.09096,0.09107,0.08985,0.09014,13639800.0
2026-04-23 20:00:00+00:00,2026-04-23 23:59:59.999000+00:00,0.09014,0.09106,0.09008,0.09081,5543234.0
2026-04-24 00:00:00+00:00,2026-04-24 03:59:59.999000+00:00,0.09081,0.09118,0.09029,0.09048,8169224.0
2026-04-24 04:00:00+00:00,2026-04-24 07:59:59.999000+00:00,0.09048,0.09085,0.0902,0.09063,4770793.0
2026-04-24 08:00:00+00:00,2026-04-24 11:59:59.999000+00:00,0.09063,0.09173,0.0901,0.0913,9727365.0
2026-04-24 12:00:00+00:00,2026-04-24 15:59:59.999000+00:00,0.09131,0.09158,0.09025,0.09155,13055696.0
2026-04-24 16:00:00+00:00,2026-04-24 19:59:59.999000+00:00,0.09154,0.09154,0.09087,0.09122,6581219.0
2026-04-24 20:00:00+00:00,2026-04-24 23:59:59.999000+00:00,0.09122,0.09221,0.09087,0.09093,14392182.0
2026-04-25 00:00:00+00:00,2026-04-25 03:59:59.999000+00:00,0.09094,0.0913,0.09067,0.09127,6043430.0
2026-04-25 04:00:00+00:00,2026-04-25 07:59:59.999000+00:00,0.09128,0.09154,0.09091,0.09135,4322972.0
2026-04-25 08:00:00+00:00,2026-04-25 11:59:59.999000+00:00,0.09134,0.09219,0.0912,0.09142,10129344.0
2026-04-25 12:00:00+00:00,2026-04-25 15:59:59.999000+00:00,0.09142,0.09179,0.09109,0.09137,7625612.0
2026-04-25 16:00:00+00:00,2026-04-25 19:59:59.999000+00:00,0.09136,0.09164,0.09019,0.09063,11360970.0
2026-04-25 20:00:00+00:00,2026-04-25 23:59:59.999000+00:00,0.09064,0.09139,0.0906,0.09122,6118072.0
2026-04-26 00:00:00+00:00,2026-04-26 03:59:59.999000+00:00,0.09123,0.0915,0.09056,0.09133,6574218.0
2026-04-26 04:00:00+00:00,2026-04-26 07:59:59.999000+00:00,0.09134,0.09253,0.09131,0.09224,14424271.0
2026-04-26 08:00:00+00:00,2026-04-26 11:59:59.999000+00:00,0.09225,0.09291,0.092,0.09285,9067742.0
2026-04-26 12:00:00+00:00,2026-04-26 15:59:59.999000+00:00,0.09284,0.09304,0.09171,0.09293,13879078.0
2026-04-26 16:00:00+00:00,2026-04-26 19:59:59.999000+00:00,0.09293,0.09327,0.09257,0.09261,14414587.0
2026-04-26 20:00:00+00:00,2026-04-26 23:59:59.999000+00:00,0.09262,0.09278,0.09185,0.09231,10360152.0
2026-04-27 00:00:00+00:00,2026-04-27 03:59:59.999000+00:00,0.09231,0.09314,0.09208,0.09276,13170014.0
2026-04-27 04:00:00+00:00,2026-04-27 07:59:59.999000+00:00,0.09275,0.0928,0.09044,0.09067,19269813.0
2026-04-27 08:00:00+00:00,2026-04-27 11:59:59.999000+00:00,0.09068,0.09127,0.0905,0.09094,9758969.0
2026-04-27 12:00:00+00:00,2026-04-27 15:59:59.999000+00:00,0.09093,0.09136,0.08901,0.08922,24607263.0
2026-04-27 16:00:00+00:00,2026-04-27 19:59:59.999000+00:00,0.08921,0.08997,0.0891,0.08936,11455458.0
2026-04-27 20:00:00+00:00,2026-04-27 23:59:59.999000+00:00,0.08935,0.08989,0.08904,0.08975,8747110.0
2026-04-28 00:00:00+00:00,2026-04-28 03:59:59.999000+00:00,0.08974,0.08976,0.0889,0.089,7225971.0
2026-04-28 04:00:00+00:00,2026-04-28 07:59:59.999000+00:00,0.089,0.08944,0.08863,0.08919,8009342.0
2026-04-28 08:00:00+00:00,2026-04-28 11:59:59.999000+00:00,0.0892,0.08933,0.08863,0.08883,6360242.0
2026-04-28 12:00:00+00:00,2026-04-28 15:59:59.999000+00:00,0.08884,0.0893,0.08818,0.08926,10713229.0
2026-04-28 16:00:00+00:00,2026-04-28 19:59:59.999000+00:00,0.08926,0.0894,0.08874,0.08921,9545720.0
2026-04-28 20:00:00+00:00,2026-04-28 23:59:59.999000+00:00,0.08922,0.08932,0.08882,0.08892,4329437.0
2026-04-29 00:00:00+00:00,2026-04-29 03:59:59.999000+00:00,0.08892,0.09003,0.08887,0.08999,7634752.0
2026-04-29 04:00:00+00:00,2026-04-29 07:59:59.999000+00:00,0.08999,0.09047,0.08976,0.08996,9677115.0
2026-04-29 08:00:00+00:00,2026-04-29 11:59:59.999000+00:00,0.08996,0.09105,0.08975,0.09022,16262252.0
2026-04-29 12:00:00+00:00,2026-04-29 15:59:59.999000+00:00,0.09022,0.09023,0.08842,0.08858,14781632.0
2026-04-29 16:00:00+00:00,2026-04-29 19:59:59.999000+00:00,0.08858,0.08892,0.08702,0.08791,21242374.0
2026-04-29 20:00:00+00:00,2026-04-29 23:59:59.999000+00:00,0.08791,0.08903,0.0879,0.08866,9213606.0
2026-04-30 00:00:00+00:00,2026-04-30 03:59:59.999000+00:00,0.08866,0.08929,0.08836,0.08845,8506235.0
2026-04-30 04:00:00+00:00,2026-04-30 07:59:59.999000+00:00,0.08845,0.0885,0.08768,0.08846,7412087.0
2026-04-30 08:00:00+00:00,2026-04-30 11:59:59.999000+00:00,0.08847,0.08886,0.08806,0.08834,6379626.0
2026-04-30 12:00:00+00:00,2026-04-30 15:59:59.999000+00:00,0.08832,0.08871,0.08781,0.08816,7085711.0
2026-04-30 16:00:00+00:00,2026-04-30 19:59:59.999000+00:00,0.08815,0.08827,0.0875,0.08758,11561337.0
2026-04-30 20:00:00+00:00,2026-04-30 23:59:59.999000+00:00,0.08757,0.08785,0.08728,0.08735,5551595.0
2026-05-01 00:00:00+00:00,2026-05-01 03:59:59.999000+00:00,0.08736,0.08839,0.08736,0.08806,9015051.0
2026-05-01 04:00:00+00:00,2026-05-01 07:59:59.999000+00:00,0.08806,0.0883,0.08763,0.08792,6854120.0
2026-05-01 08:00:00+00:00,2026-05-01 11:59:59.999000+00:00,0.08792,0.08818,0.08753,0.08771,5965895.0
2026-05-01 12:00:00+00:00,2026-05-01 15:59:59.999000+00:00,0.08771,0.08863,0.08766,0.08824,16114386.0
2026-05-01 16:00:00+00:00,2026-05-01 19:59:59.999000+00:00,0.08825,0.0884,0.08782,0.08793,6028375.0
2026-05-01 20:00:00+00:00,2026-05-01 23:59:59.999000+00:00,0.08794,0.08856,0.08771,0.08815,16186429.0
2026-05-02 00:00:00+00:00,2026-05-02 03:59:59.999000+00:00,0.08815,0.0884,0.0879,0.08806,5035317.0
2026-05-02 04:00:00+00:00,2026-05-02 07:59:59.999000+00:00,0.08806,0.08814,0.0876,0.08778,3995935.0
2026-05-02 08:00:00+00:00,2026-05-02 11:59:59.999000+00:00,0.08779,0.08814,0.08767,0.08778,5123932.0
2026-05-02 12:00:00+00:00,2026-05-02 15:59:59.999000+00:00,0.08779,0.08849,0.08768,0.08848,7701081.0
2026-05-02 16:00:00+00:00,2026-05-02 19:59:59.999000+00:00,0.08847,0.08872,0.08806,0.0887,3515782.0
2026-05-02 20:00:00+00:00,2026-05-02 23:59:59.999000+00:00,0.0887,0.08914,0.08855,0.08858,4795002.0
2026-05-03 00:00:00+00:00,2026-05-03 03:59:59.999000+00:00,0.08859,0.0887,0.08769,0.08781,7349739.0
2026-05-03 04:00:00+00:00,2026-05-03 07:59:59.999000+00:00,0.0878,0.08815,0.0877,0.08789,4468609.0
2026-05-03 08:00:00+00:00,2026-05-03 11:59:59.999000+00:00,0.0879,0.08839,0.08744,0.08812,6169511.0
2026-05-03 12:00:00+00:00,2026-05-03 15:59:59.999000+00:00,0.08814,0.08839,0.08779,0.0882,3519085.0
2026-05-03 16:00:00+00:00,2026-05-03 19:59:59.999000+00:00,0.0882,0.08828,0.08787,0.08814,2786260.0
2026-05-03 20:00:00+00:00,2026-05-03 23:59:59.999000+00:00,0.08813,0.0885,0.08766,0.08772,7671459.0
2026-05-04 00:00:00+00:00,2026-05-04 03:59:59.999000+00:00,0.08771,0.08928,0.08724,0.08913,15550122.0
2026-05-04 04:00:00+00:00,2026-05-04 07:59:59.999000+00:00,0.08913,0.08959,0.0889,0.08902,8930531.0
2026-05-04 08:00:00+00:00,2026-05-04 11:59:59.999000+00:00,0.08901,0.08943,0.08744,0.0878,16869333.0
2026-05-04 12:00:00+00:00,2026-05-04 15:59:59.999000+00:00,0.08781,0.08893,0.08751,0.08801,17843924.0
2026-05-04 16:00:00+00:00,2026-05-04 19:59:59.999000+00:00,0.08802,0.08846,0.0876,0.08793,9934071.0
2026-05-04 20:00:00+00:00,2026-05-04 23:59:59.999000+00:00,0.08794,0.0882,0.08733,0.08773,8762331.0
2026-05-05 00:00:00+00:00,2026-05-05 03:59:59.999000+00:00,0.08774,0.08869,0.0877,0.08846,12362773.0
2026-05-05 04:00:00+00:00,2026-05-05 07:59:59.999000+00:00,0.08846,0.08898,0.08822,0.08879,7589064.0
2026-05-05 08:00:00+00:00,2026-05-05 11:59:59.999000+00:00,0.08879,0.08977,0.08878,0.08952,10478247.0
2026-05-05 12:00:00+00:00,2026-05-05 15:59:59.999000+00:00,0.08953,0.09098,0.08944,0.08978,29138539.0
2026-05-05 16:00:00+00:00,2026-05-05 19:59:59.999000+00:00,0.08979,0.09055,0.0892,0.09041,15452311.0
2026-05-05 20:00:00+00:00,2026-05-05 23:59:59.999000+00:00,0.0904,0.09113,0.09012,0.0903,20751007.0
2026-05-06 00:00:00+00:00,2026-05-06 03:59:59.999000+00:00,0.09029,0.09151,0.09019,0.09132,14553622.0
2026-05-06 04:00:00+00:00,2026-05-06 07:59:59.999000+00:00,0.09132,0.09152,0.09055,0.09129,9343897.0
2026-05-06 08:00:00+00:00,2026-05-06 11:59:59.999000+00:00,0.09129,0.093,0.09127,0.093,24126229.0
2026-05-06 12:00:00+00:00,2026-05-06 15:59:59.999000+00:00,0.09299,0.09318,0.09033,0.09176,29075394.0
2026-05-06 16:00:00+00:00,2026-05-06 19:59:59.999000+00:00,0.09176,0.09207,0.0912,0.09166,13218004.0
2026-05-06 20:00:00+00:00,2026-05-06 23:59:59.999000+00:00,0.09166,0.09194,0.09071,0.09141,20955794.0
2026-05-07 00:00:00+00:00,2026-05-07 03:59:59.999000+00:00,0.09141,0.09158,0.08983,0.08985,14182910.0
2026-05-07 04:00:00+00:00,2026-05-07 07:59:59.999000+00:00,0.08985,0.09136,0.08981,0.0913,13347638.0
2026-05-07 08:00:00+00:00,2026-05-07 11:59:59.999000+00:00,0.09131,0.09154,0.09046,0.091,10331025.0
2026-05-07 12:00:00+00:00,2026-05-07 15:59:59.999000+00:00,0.091,0.09172,0.08933,0.08965,24693508.0
2026-05-07 16:00:00+00:00,2026-05-07 19:59:59.999000+00:00,0.08965,0.09047,0.08934,0.08985,14091531.0
2026-05-07 20:00:00+00:00,2026-05-07 23:59:59.999000+00:00,0.08986,0.09039,0.08935,0.0901,11575419.0
2026-05-08 00:00:00+00:00,2026-05-08 03:59:59.999000+00:00,0.09011,0.09061,0.08946,0.08999,12028943.0
2026-05-08 04:00:00+00:00,2026-05-08 07:59:59.999000+00:00,0.08998,0.09036,0.08972,0.09023,9910788.0
2026-05-08 08:00:00+00:00,2026-05-08 11:59:59.999000+00:00,0.09024,0.09122,0.09022,0.09094,12583784.0
2026-05-08 12:00:00+00:00,2026-05-08 15:59:59.999000+00:00,0.09094,0.09244,0.09016,0.09225,23074646.0
2026-05-08 16:00:00+00:00,2026-05-08 19:59:59.999000+00:00,0.09226,0.09345,0.09159,0.09259,17690388.0
2026-05-08 20:00:00+00:00,2026-05-08 23:59:59.999000+00:00,0.0926,0.09317,0.0922,0.09269,13492412.0
2026-05-09 00:00:00+00:00,2026-05-09 03:59:59.999000+00:00,0.0927,0.09517,0.09256,0.09428,23793181.0
2026-05-09 04:00:00+00:00,2026-05-09 07:59:59.999000+00:00,0.09429,0.09443,0.09312,0.09323,13056567.0
2026-05-09 08:00:00+00:00,2026-05-09 11:59:59.999000+00:00,0.09323,0.09345,0.09225,0.0927,9463635.0
2026-05-09 12:00:00+00:00,2026-05-09 15:59:59.999000+00:00,0.09269,0.09285,0.0919,0.0921,7645063.0
2026-05-09 16:00:00+00:00,2026-05-09 19:59:59.999000+00:00,0.09211,0.09296,0.09155,0.09287,9435838.0
2026-05-09 20:00:00+00:00,2026-05-09 23:59:59.999000+00:00,0.09288,0.09335,0.09267,0.09289,8593547.0
2026-05-10 00:00:00+00:00,2026-05-10 03:59:59.999000+00:00,0.0929,0.09346,0.09223,0.09291,13184103.0
2026-05-10 04:00:00+00:00,2026-05-10 07:59:59.999000+00:00,0.09291,0.0944,0.0928,0.09408,9649611.0
2026-05-10 08:00:00+00:00,2026-05-10 11:59:59.999000+00:00,0.09407,0.09519,0.09379,0.09516,15782745.0
2026-05-10 12:00:00+00:00,2026-05-10 15:59:59.999000+00:00,0.09517,0.09611,0.09479,0.096,28173558.0
2026-05-10 16:00:00+00:00,2026-05-10 19:59:59.999000+00:00,0.096,0.09965,0.096,0.09864,51040356.0
2026-05-10 20:00:00+00:00,2026-05-10 23:59:59.999000+00:00,0.09864,0.09905,0.09484,0.09752,42984278.0
2026-05-11 00:00:00+00:00,2026-05-11 03:59:59.999000+00:00,0.09751,0.09773,0.09496,0.09578,27116967.0
2026-05-11 04:00:00+00:00,2026-05-11 07:59:59.999000+00:00,0.09579,0.09659,0.09508,0.09642,12024547.0
2026-05-11 08:00:00+00:00,2026-05-11 11:59:59.999000+00:00,0.09643,0.09725,0.09552,0.09666,21942845.0
2026-05-11 12:00:00+00:00,2026-05-11 15:59:59.999000+00:00,0.09666,0.09731,0.09513,0.09726,39210087.0
2026-05-11 16:00:00+00:00,2026-05-11 19:59:59.999000+00:00,0.09726,0.09728,0.09577,0.09618,33777748.0
2026-05-11 20:00:00+00:00,2026-05-11 23:59:59.999000+00:00,0.09619,0.09702,0.09615,0.0969,11295227.0
2026-05-12 00:00:00+00:00,2026-05-12 03:59:59.999000+00:00,0.09691,0.09731,0.09523,0.09548,19141151.0
2026-05-12 04:00:00+00:00,2026-05-12 07:59:59.999000+00:00,0.09548,0.09688,0.09528,0.09568,14825035.0
2026-05-12 08:00:00+00:00,2026-05-12 11:59:59.999000+00:00,0.09567,0.09578,0.09402,0.0947,21946282.0
2026-05-12 12:00:00+00:00,2026-05-12 15:59:59.999000+00:00,0.0947,0.0953,0.09278,0.0929,42090186.0
2026-05-12 16:00:00+00:00,2026-05-12 19:59:59.999000+00:00,0.09292,0.09402,0.09262,0.09376,19679187.0
2026-05-12 20:00:00+00:00,2026-05-12 23:59:59.999000+00:00,0.09377,0.09421,0.09352,0.09385,7823040.0
2026-05-13 00:00:00+00:00,2026-05-13 03:59:59.999000+00:00,0.09386,0.09514,0.09354,0.09486,12079701.0
2026-05-13 04:00:00+00:00,2026-05-13 07:59:59.999000+00:00,0.09487,0.09509,0.09407,0.09457,11930244.0
2026-05-13 08:00:00+00:00,2026-05-13 11:59:59.999000+00:00,0.09458,0.09561,0.09326,0.09333,30254139.0
2026-05-13 12:00:00+00:00,2026-05-13 15:59:59.999000+00:00,0.09333,0.09346,0.09149,0.09172,40974697.0
2026-05-13 16:00:00+00:00,2026-05-13 19:59:59.999000+00:00,0.09172,0.09306,0.09169,0.09302,16790068.0
2026-05-13 20:00:00+00:00,2026-05-13 23:59:59.999000+00:00,0.09302,0.09405,0.09263,0.0934,15498282.0
2026-05-14 00:00:00+00:00,2026-05-14 03:59:59.999000+00:00,0.0934,0.09401,0.09266,0.0928,12059244.0
2026-05-14 04:00:00+00:00,2026-05-14 07:59:59.999000+00:00,0.09281,0.09367,0.09269,0.09296,14536564.0
2026-05-14 08:00:00+00:00,2026-05-14 11:59:59.999000+00:00,0.09297,0.09322,0.09249,0.09277,6377493.0
2026-05-14 12:00:00+00:00,2026-05-14 15:59:59.999000+00:00,0.09277,0.09647,0.09277,0.09621,40357253.0
2026-05-14 16:00:00+00:00,2026-05-14 19:59:59.999000+00:00,0.09621,0.09852,0.09511,0.09615,62939863.0
2026-05-14 20:00:00+00:00,2026-05-14 23:59:59.999000+00:00,0.09616,0.09624,0.09479,0.09499,16728479.0
2026-05-15 00:00:00+00:00,2026-05-15 03:59:59.999000+00:00,0.09499,0.09577,0.0946,0.09506,13919234.0
2026-05-15 04:00:00+00:00,2026-05-15 07:59:59.999000+00:00,0.09505,0.09506,0.09359,0.09444,14232052.0
2026-05-15 08:00:00+00:00,2026-05-15 11:59:59.999000+00:00,0.09445,0.09445,0.09304,0.0932,11197152.0
2026-05-15 12:00:00+00:00,2026-05-15 15:59:59.999000+00:00,0.09321,0.09353,0.09127,0.09229,24599493.0
2026-05-15 16:00:00+00:00,2026-05-15 19:59:59.999000+00:00,0.09229,0.094,0.09223,0.09286,28345821.0
2026-05-15 20:00:00+00:00,2026-05-15 23:59:59.999000+00:00,0.09287,0.09307,0.09256,0.09286,7250331.0
2026-05-16 00:00:00+00:00,2026-05-16 03:59:59.999000+00:00,0.09285,0.09311,0.09262,0.09294,8230535.0
2026-05-16 04:00:00+00:00,2026-05-16 07:59:59.999000+00:00,0.09295,0.09309,0.09067,0.09103,22908228.0
2026-05-16 08:00:00+00:00,2026-05-16 11:59:59.999000+00:00,0.09102,0.09128,0.09,0.09102,17252626.0
2026-05-16 12:00:00+00:00,2026-05-16 15:59:59.999000+00:00,0.09101,0.0921,0.09067,0.09203,12267666.0
2026-05-16 16:00:00+00:00,2026-05-16 19:59:59.999000+00:00,0.09203,0.0922,0.09146,0.0915,8510407.0
2026-05-16 20:00:00+00:00,2026-05-16 23:59:59.999000+00:00,0.0915,0.09168,0.09114,0.09125,4710109.0
2026-05-17 00:00:00+00:00,2026-05-17 03:59:59.999000+00:00,0.09124,0.09156,0.09085,0.09123,7190565.0
2026-05-17 04:00:00+00:00,2026-05-17 07:59:59.999000+00:00,0.09123,0.09205,0.09123,0.09174,8871599.0
2026-05-17 08:00:00+00:00,2026-05-17 11:59:59.999000+00:00,0.09173,0.09207,0.09136,0.0916,5481195.0
2026-05-17 12:00:00+00:00,2026-05-17 15:59:59.999000+00:00,0.0916,0.0919,0.09072,0.09092,6656705.0
2026-05-17 16:00:00+00:00,2026-05-17 19:59:59.999000+00:00,0.09093,0.09117,0.0905,0.09107,5321934.0
2026-05-17 20:00:00+00:00,2026-05-17 23:59:59.999000+00:00,0.09107,0.09132,0.08832,0.09011,28003361.0
2026-05-18 00:00:00+00:00,2026-05-18 03:59:59.999000+00:00,0.0901,0.09021,0.08933,0.08969,10280278.0
2026-05-18 04:00:00+00:00,2026-05-18 07:59:59.999000+00:00,0.08969,0.08992,0.08869,0.08885,20669237.0
2026-05-18 08:00:00+00:00,2026-05-18 11:59:59.999000+00:00,0.08885,0.08942,0.08823,0.08893,8980217.0
2026-05-18 12:00:00+00:00,2026-05-18 15:59:59.999000+00:00,0.08893,0.08973,0.08813,0.08893,18419190.0
2026-05-18 16:00:00+00:00,2026-05-18 19:59:59.999000+00:00,0.08893,0.08934,0.08812,0.08917,13738882.0
2026-05-18 20:00:00+00:00,2026-05-18 23:59:59.999000+00:00,0.08918,0.09032,0.08897,0.09019,11853877.0
2026-05-19 00:00:00+00:00,2026-05-19 03:59:59.999000+00:00,0.0902,0.09103,0.08977,0.09002,14114415.0
2026-05-19 04:00:00+00:00,2026-05-19 07:59:59.999000+00:00,0.09002,0.09065,0.08987,0.09053,9891065.0
2026-05-19 08:00:00+00:00,2026-05-19 11:59:59.999000+00:00,0.09052,0.09053,0.08917,0.08926,9897224.0
2026-05-19 12:00:00+00:00,2026-05-19 15:59:59.999000+00:00,0.08926,0.08975,0.08829,0.08845,14669252.0
2026-05-19 16:00:00+00:00,2026-05-19 19:59:59.999000+00:00,0.08846,0.08888,0.08791,0.08827,11630752.0
2026-05-19 20:00:00+00:00,2026-05-19 23:59:59.999000+00:00,0.08827,0.08872,0.08803,0.08856,7349303.0
2026-05-20 00:00:00+00:00,2026-05-20 03:59:59.999000+00:00,0.08856,0.08888,0.08803,0.08861,8004517.0
2026-05-20 04:00:00+00:00,2026-05-20 07:59:59.999000+00:00,0.08862,0.08935,0.08833,0.08901,7097061.0
2026-05-20 08:00:00+00:00,2026-05-20 11:59:59.999000+00:00,0.08901,0.08943,0.0885,0.0886,6938142.0
2026-05-20 12:00:00+00:00,2026-05-20 15:59:59.999000+00:00,0.0886,0.08964,0.08827,0.08922,20037321.0
2026-05-20 16:00:00+00:00,2026-05-20 19:59:59.999000+00:00,0.08922,0.08967,0.08888,0.08939,10082229.0
2026-05-20 20:00:00+00:00,2026-05-20 23:59:59.999000+00:00,0.08938,0.08941,0.08858,0.08882,7592811.0
2026-05-21 00:00:00+00:00,2026-05-21 03:59:59.999000+00:00,0.08881,0.08976,0.08876,0.0897,9133091.0
2026-05-21 04:00:00+00:00,2026-05-21 07:59:59.999000+00:00,0.0897,0.08992,0.08847,0.08892,10732851.0
2026-05-21 08:00:00+00:00,2026-05-21 11:59:59.999000+00:00,0.08892,0.08924,0.08802,0.08805,18554359.0
2026-05-21 12:00:00+00:00,2026-05-21 15:59:59.999000+00:00,0.08807,0.08881,0.08784,0.08866,14318778.0
2026-05-21 16:00:00+00:00,2026-05-21 19:59:59.999000+00:00,0.08866,0.0908,0.08846,0.09018,22112787.0
2026-05-21 20:00:00+00:00,2026-05-21 23:59:59.999000+00:00,0.09019,0.09053,0.08966,0.08996,9223331.0
2026-05-22 00:00:00+00:00,2026-05-22 03:59:59.999000+00:00,0.08997,0.09006,0.08908,0.09,10163400.0
2026-05-22 04:00:00+00:00,2026-05-22 07:59:59.999000+00:00,0.09,0.09037,0.08892,0.08977,14116409.0
2026-05-22 08:00:00+00:00,2026-05-22 11:59:59.999000+00:00,0.08978,0.09084,0.08963,0.09081,25077276.0
2026-05-22 12:00:00+00:00,2026-05-22 15:59:59.999000+00:00,0.09083,0.09101,0.08897,0.08936,28617128.0
2026-05-22 16:00:00+00:00,2026-05-22 19:59:59.999000+00:00,0.08935,0.09019,0.08763,0.08843,45444200.0
2026-05-22 20:00:00+00:00,2026-05-22 23:59:59.999000+00:00,0.08844,0.08914,0.08761,0.0879,20591147.0
2026-05-23 00:00:00+00:00,2026-05-23 03:59:59.999000+00:00,0.08791,0.08877,0.08768,0.08845,11469310.0
2026-05-23 04:00:00+00:00,2026-05-23 07:59:59.999000+00:00,0.08845,0.08845,0.0857,0.08614,28728756.0
2026-05-23 08:00:00+00:00,2026-05-23 11:59:59.999000+00:00,0.08615,0.08623,0.0854,0.08593,17039811.0
2026-05-23 12:00:00+00:00,2026-05-23 15:59:59.999000+00:00,0.08593,0.0879,0.08584,0.08766,18503659.0
2026-05-23 16:00:00+00:00,2026-05-23 19:59:59.999000+00:00,0.08767,0.08866,0.08752,0.08852,10852969.0
2026-05-23 20:00:00+00:00,2026-05-23 23:59:59.999000+00:00,0.08853,0.09108,0.08845,0.08972,40542689.0
2026-05-24 00:00:00+00:00,2026-05-24 03:59:59.999000+00:00,0.08973,0.09004,0.08944,0.08962,6949406.0
2026-05-24 04:00:00+00:00,2026-05-24 07:59:59.999000+00:00,0.08962,0.08997,0.08938,0.08948,7271615.0
2026-05-24 08:00:00+00:00,2026-05-24 11:59:59.999000+00:00,0.08949,0.08979,0.08909,0.08941,14612724.0
2026-05-24 12:00:00+00:00,2026-05-24 15:59:59.999000+00:00,0.08941,0.08944,0.08778,0.08876,12641002.0
2026-05-24 16:00:00+00:00,2026-05-24 19:59:59.999000+00:00,0.08875,0.08904,0.08838,0.08845,4936981.0
2026-05-24 20:00:00+00:00,2026-05-24 23:59:59.999000+00:00,0.08846,0.08858,0.08722,0.08842,14436873.0
2026-05-25 00:00:00+00:00,2026-05-25 03:59:59.999000+00:00,0.08843,0.08863,0.08804,0.08859,6640641.0
2026-05-25 04:00:00+00:00,2026-05-25 07:59:59.999000+00:00,0.08859,0.08976,0.08836,0.08949,12773248.0
2026-05-25 08:00:00+00:00,2026-05-25 11:59:59.999000+00:00,0.08949,0.08989,0.08928,0.08948,5642119.0
2026-05-25 12:00:00+00:00,2026-05-25 15:59:59.999000+00:00,0.08948,0.08979,0.08899,0.08918,13366749.0
2026-05-25 16:00:00+00:00,2026-05-25 19:59:59.999000+00:00,0.08918,0.0896,0.08869,0.0889,20704527.0
2026-05-25 20:00:00+00:00,2026-05-25 23:59:59.999000+00:00,0.08891,0.08903,0.08792,0.08812,12938158.0
2026-05-26 00:00:00+00:00,2026-05-26 03:59:59.999000+00:00,0.08813,0.08817,0.08671,0.08727,15622242.0
2026-05-26 04:00:00+00:00,2026-05-26 07:59:59.999000+00:00,0.08727,0.08807,0.08716,0.08744,7237945.0
2026-05-26 08:00:00+00:00,2026-05-26 11:59:59.999000+00:00,0.08743,0.08893,0.08739,0.08841,15297647.0
2026-05-26 12:00:00+00:00,2026-05-26 15:59:59.999000+00:00,0.08841,0.08929,0.08713,0.08761,22123988.0
2026-05-26 16:00:00+00:00,2026-05-26 19:59:59.999000+00:00,0.0876,0.08761,0.08637,0.08687,18415276.0
2026-05-26 20:00:00+00:00,2026-05-26 23:59:59.999000+00:00,0.08688,0.08706,0.08649,0.08657,9064912.0
2026-05-27 00:00:00+00:00,2026-05-27 03:59:59.999000+00:00,0.08657,0.08698,0.08618,0.0863,7905434.0
2026-05-27 04:00:00+00:00,2026-05-27 07:59:59.999000+00:00,0.0863,0.08631,0.08565,0.08618,11036218.0
2026-05-27 08:00:00+00:00,2026-05-27 11:59:59.999000+00:00,0.08618,0.08641,0.08562,0.08569,10226033.0
2026-05-27 12:00:00+00:00,2026-05-27 15:59:59.999000+00:00,0.08571,0.08679,0.08536,0.08629,25401468.0
2026-05-27 16:00:00+00:00,2026-05-27 19:59:59.999000+00:00,0.08629,0.08642,0.08521,0.08607,8100280.0
2026-05-27 20:00:00+00:00,2026-05-27 23:59:59.999000+00:00,0.08608,0.08644,0.08513,0.0857,15107395.0
2026-05-28 00:00:00+00:00,2026-05-28 03:59:59.999000+00:00,0.08569,0.08597,0.08223,0.08287,30491393.0
2026-05-28 04:00:00+00:00,2026-05-28 07:59:59.999000+00:00,0.08287,0.08384,0.08187,0.08373,47335091.0
2026-05-28 08:00:00+00:00,2026-05-28 11:59:59.999000+00:00,0.08373,0.08397,0.08306,0.08335,9331655.0
2026-05-28 12:00:00+00:00,2026-05-28 15:59:59.999000+00:00,0.08336,0.08965,0.08336,0.08881,233590292.0
2026-05-28 16:00:00+00:00,2026-05-28 19:59:59.999000+00:00,0.08881,0.09259,0.08762,0.08872,124527913.0
2026-05-28 20:00:00+00:00,2026-05-28 23:59:59.999000+00:00,0.08872,0.09219,0.08801,0.09101,69282237.0
2026-05-29 00:00:00+00:00,2026-05-29 03:59:59.999000+00:00,0.09102,0.0927,0.08945,0.09157,81218733.0
2026-05-29 04:00:00+00:00,2026-05-29 07:59:59.999000+00:00,0.09159,0.09563,0.08961,0.09196,115358360.0
2026-05-29 08:00:00+00:00,2026-05-29 11:59:59.999000+00:00,0.09195,0.09371,0.08937,0.08958,88256948.0
2026-05-29 12:00:00+00:00,2026-05-29 15:59:59.999000+00:00,0.08958,0.09265,0.0885,0.0924,94390483.0
2026-05-29 16:00:00+00:00,2026-05-29 19:59:59.999000+00:00,0.09241,0.09307,0.09073,0.0929,48991860.0
2026-05-29 20:00:00+00:00,2026-05-29 23:59:59.999000+00:00,0.09291,0.09981,0.09251,0.09921,129158032.0
2026-05-30 00:00:00+00:00,2026-05-30 03:59:59.999000+00:00,0.09922,0.1099,0.09922,0.10094,388744848.0
2026-05-30 04:00:00+00:00,2026-05-30 07:59:59.999000+00:00,0.10093,0.10098,0.09589,0.09684,140196040.0
2026-05-30 08:00:00+00:00,2026-05-30 11:59:59.999000+00:00,0.09684,0.09943,0.09605,0.0987,69475274.0
2026-05-30 12:00:00+00:00,2026-05-30 15:59:59.999000+00:00,0.0987,0.10188,0.09764,0.09778,112610370.0
2026-05-30 16:00:00+00:00,2026-05-30 19:59:59.999000+00:00,0.09777,0.09854,0.09722,0.0977,38237024.0
2026-05-30 20:00:00+00:00,2026-05-30 23:59:59.999000+00:00,0.0977,0.0977,0.09454,0.09514,43828254.0
2026-05-31 00:00:00+00:00,2026-05-31 03:59:59.999000+00:00,0.09515,0.09643,0.09362,0.09534,54770430.0
2026-05-31 04:00:00+00:00,2026-05-31 07:59:59.999000+00:00,0.09534,0.09731,0.09505,0.09697,34095513.0
2026-05-31 08:00:00+00:00,2026-05-31 11:59:59.999000+00:00,0.09697,0.09935,0.09596,0.09883,55660550.0
2026-05-31 12:00:00+00:00,2026-05-31 15:59:59.999000+00:00,0.09883,0.09936,0.09475,0.09479,72713079.0
2026-05-31 16:00:00+00:00,2026-05-31 19:59:59.999000+00:00,0.09479,0.09551,0.09429,0.09551,17111252.0
2026-05-31 20:00:00+00:00,2026-05-31 23:59:59.999000+00:00,0.09551,0.09768,0.09551,0.0966,21051757.0
2026-06-01 00:00:00+00:00,2026-06-01 03:59:59.999000+00:00,0.0966,0.09797,0.09433,0.09641,48792970.0
2026-06-01 04:00:00+00:00,2026-06-01 07:59:59.999000+00:00,0.0964,0.09698,0.0938,0.09389,52757543.0
2026-06-01 08:00:00+00:00,2026-06-01 11:59:59.999000+00:00,0.0939,0.09526,0.09366,0.09427,27581116.0
2026-06-01 12:00:00+00:00,2026-06-01 15:59:59.999000+00:00,0.09427,0.09448,0.09186,0.09224,50848814.0
2026-06-01 16:00:00+00:00,2026-06-01 19:59:59.999000+00:00,0.09224,0.09372,0.09195,0.09324,23501783.0
2026-06-01 20:00:00+00:00,2026-06-01 23:59:59.999000+00:00,0.09323,0.09358,0.09153,0.09236,19437638.0
2026-06-02 00:00:00+00:00,2026-06-02 03:59:59.999000+00:00,0.09237,0.09259,0.09081,0.09244,28160251.0
2026-06-02 04:00:00+00:00,2026-06-02 07:59:59.999000+00:00,0.09244,0.09287,0.09018,0.09072,21361258.0
2026-06-02 08:00:00+00:00,2026-06-02 11:59:59.999000+00:00,0.09072,0.0909,0.08986,0.08996,18388934.0
2026-06-02 12:00:00+00:00,2026-06-02 15:59:59.999000+00:00,0.08995,0.0904,0.08762,0.08844,46044901.0
2026-06-02 16:00:00+00:00,2026-06-02 19:59:59.999000+00:00,0.08843,0.08937,0.08646,0.08769,27110321.0
2026-06-02 20:00:00+00:00,2026-06-02 23:59:59.999000+00:00,0.08768,0.08828,0.08588,0.08691,20503410.0
2026-06-03 00:00:00+00:00,2026-06-03 03:59:59.999000+00:00,0.08692,0.08767,0.08515,0.08547,26301729.0
2026-06-03 04:00:00+00:00,2026-06-03 07:59:59.999000+00:00,0.08547,0.08915,0.08547,0.08843,28441334.0
2026-06-03 08:00:00+00:00,2026-06-03 11:59:59.999000+00:00,0.08841,0.08847,0.08716,0.08791,17562155.0
2026-06-03 12:00:00+00:00,2026-06-03 15:59:59.999000+00:00,0.08792,0.08805,0.08628,0.0864,20694142.0
2026-06-03 16:00:00+00:00,2026-06-03 19:59:59.999000+00:00,0.08641,0.08699,0.08532,0.08551,22880212.0
2026-06-03 20:00:00+00:00,2026-06-03 23:59:59.999000+00:00,0.0855,0.08691,0.08465,0.08526,25853054.0
2026-06-04 00:00:00+00:00,2026-06-04 03:59:59.999000+00:00,0.08525,0.08616,0.0816,0.08577,59551414.0
2026-06-04 04:00:00+00:00,2026-06-04 07:59:59.999000+00:00,0.08578,0.08757,0.08535,0.08576,40595755.0
2026-06-04 08:00:00+00:00,2026-06-04 11:59:59.999000+00:00,0.08577,0.08612,0.0827,0.08361,39786664.0
2026-06-04 12:00:00+00:00,2026-06-04 15:59:59.999000+00:00,0.08362,0.08771,0.08311,0.08575,43763439.0
2026-06-04 16:00:00+00:00,2026-06-04 19:59:59.999000+00:00,0.08574,0.08587,0.08442,0.08482,27763976.0
2026-06-04 20:00:00+00:00,2026-06-04 23:59:59.999000+00:00,0.08482,0.08541,0.08321,0.08381,19790974.0
2026-06-05 00:00:00+00:00,2026-06-05 03:59:59.999000+00:00,0.08379,0.08396,0.08175,0.0818,22363130.0
2026-06-05 04:00:00+00:00,2026-06-05 07:59:59.999000+00:00,0.08181,0.08312,0.07903,0.082,65090228.0
2026-06-05 08:00:00+00:00,2026-06-05 11:59:59.999000+00:00,0.08202,0.08261,0.08006,0.08068,44592068.0
2026-06-05 12:00:00+00:00,2026-06-05 15:59:59.999000+00:00,0.08067,0.08273,0.07881,0.0798,51764706.0
2026-06-05 16:00:00+00:00,2026-06-05 19:59:59.999000+00:00,0.07979,0.08111,0.07742,0.07935,50531496.0
2026-06-05 20:00:00+00:00,2026-06-05 23:59:59.999000+00:00,0.07934,0.08167,0.07869,0.08035,34771135.0
2026-06-06 00:00:00+00:00,2026-06-06 03:59:59.999000+00:00,0.08034,0.0813,0.07857,0.07868,20239241.0
2026-06-06 04:00:00+00:00,2026-06-06 07:59:59.999000+00:00,0.07868,0.0796,0.07659,0.0795,41679241.0
2026-06-06 08:00:00+00:00,2026-06-06 11:59:59.999000+00:00,0.07951,0.08012,0.07767,0.07866,26547869.0
2026-06-06 12:00:00+00:00,2026-06-06 15:59:59.999000+00:00,0.07867,0.07953,0.07815,0.07926,19365199.0
2026-06-06 16:00:00+00:00,2026-06-06 19:59:59.999000+00:00,0.07925,0.07978,0.07797,0.07874,27643744.0
2026-06-06 20:00:00+00:00,2026-06-06 23:59:59.999000+00:00,0.07873,0.07989,0.07846,0.0797,15696314.0
2026-06-07 00:00:00+00:00,2026-06-07 03:59:59.999000+00:00,0.0797,0.08155,0.07941,0.0814,18066761.0
2026-06-07 04:00:00+00:00,2026-06-07 07:59:59.999000+00:00,0.08141,0.08202,0.08091,0.08193,18379144.0
2026-06-07 08:00:00+00:00,2026-06-07 11:59:59.999000+00:00,0.08192,0.08257,0.08124,0.08161,15589189.0
2026-06-07 12:00:00+00:00,2026-06-07 15:59:59.999000+00:00,0.08162,0.08164,0.08047,0.08132,17367369.0
2026-06-07 16:00:00+00:00,2026-06-07 19:59:59.999000+00:00,0.08133,0.08174,0.07978,0.08011,12365630.0
2026-06-07 20:00:00+00:00,2026-06-07 23:59:59.999000+00:00,0.0801,0.08286,0.07991,0.08195,20148628.0
2026-06-08 00:00:00+00:00,2026-06-08 03:59:59.999000+00:00,0.08194,0.08259,0.08139,0.08215,13192714.0
2026-06-08 04:00:00+00:00,2026-06-08 07:59:59.999000+00:00,0.08216,0.08225,0.08079,0.08181,13216257.0
2026-06-08 08:00:00+00:00,2026-06-08 11:59:59.999000+00:00,0.0818,0.08251,0.08114,0.08219,14527651.0
2026-06-08 12:00:00+00:00,2026-06-08 15:59:59.999000+00:00,0.08219,0.08331,0.08158,0.08218,18235798.0
2026-06-08 16:00:00+00:00,2026-06-08 19:59:59.999000+00:00,0.08219,0.08253,0.08154,0.0817,13346497.0
2026-06-08 20:00:00+00:00,2026-06-08 23:59:59.999000+00:00,0.08171,0.08222,0.0813,0.08133,10693378.0
2026-06-09 00:00:00+00:00,2026-06-09 03:59:59.999000+00:00,0.08132,0.08144,0.0799,0.08038,13549885.0
2026-06-09 04:00:00+00:00,2026-06-09 07:59:59.999000+00:00,0.08037,0.08165,0.08027,0.08095,14487627.0
2026-06-09 08:00:00+00:00,2026-06-09 11:59:59.999000+00:00,0.08095,0.081,0.08009,0.08044,7235085.0
2026-06-09 12:00:00+00:00,2026-06-09 15:59:59.999000+00:00,0.08043,0.08083,0.07919,0.07919,17608212.0
2026-06-09 16:00:00+00:00,2026-06-09 19:59:59.999000+00:00,0.07919,0.08034,0.07868,0.0802,23260622.0
2026-06-09 20:00:00+00:00,2026-06-09 23:59:59.999000+00:00,0.08021,0.08047,0.0793,0.0795,9040145.0
2026-06-10 00:00:00+00:00,2026-06-10 03:59:59.999000+00:00,0.07951,0.07968,0.07834,0.07867,12313561.0
2026-06-10 04:00:00+00:00,2026-06-10 07:59:59.999000+00:00,0.07867,0.07898,0.07819,0.07865,6689698.0
2026-06-10 08:00:00+00:00,2026-06-10 11:59:59.999000+00:00,0.07866,0.07868,0.07745,0.07783,11994269.0
2026-06-10 12:00:00+00:00,2026-06-10 15:59:59.999000+00:00,0.07782,0.07974,0.07761,0.07945,28514464.0
2026-06-10 16:00:00+00:00,2026-06-10 19:59:59.999000+00:00,0.07945,0.07958,0.0776,0.07782,17053971.0
2026-06-10 20:00:00+00:00,2026-06-10 23:59:59.999000+00:00,0.07781,0.07807,0.07695,0.07769,13690393.0
2026-06-11 00:00:00+00:00,2026-06-11 03:59:59.999000+00:00,0.07769,0.07937,0.07767,0.0792,16388177.0
2026-06-11 04:00:00+00:00,2026-06-11 07:59:59.999000+00:00,0.0792,0.0794,0.07873,0.07885,9371929.0
2026-06-11 08:00:00+00:00,2026-06-11 11:59:59.999000+00:00,0.07886,0.07932,0.07865,0.07892,9753573.0
2026-06-11 12:00:00+00:00,2026-06-11 15:59:59.999000+00:00,0.07891,0.07891,0.07716,0.0774,22208612.0
2026-06-11 16:00:00+00:00,2026-06-11 19:59:59.999000+00:00,0.0774,0.07983,0.07694,0.07948,37746735.0
2026-06-11 20:00:00+00:00,2026-06-11 23:59:59.999000+00:00,0.07949,0.08023,0.07896,0.07925,20956944.0
2026-06-12 00:00:00+00:00,2026-06-12 03:59:59.999000+00:00,0.07925,0.08032,0.0792,0.08032,13807211.0
2026-06-12 04:00:00+00:00,2026-06-12 07:59:59.999000+00:00,0.08033,0.08052,0.07858,0.07868,18328907.0
2026-06-12 08:00:00+00:00,2026-06-12 11:59:59.999000+00:00,0.07867,0.08014,0.07866,0.07953,21039208.0
2026-06-12 12:00:00+00:00,2026-06-12 15:59:59.999000+00:00,0.07952,0.07995,0.07796,0.07806,34436610.0
2026-06-12 16:00:00+00:00,2026-06-12 19:59:59.999000+00:00,0.07806,0.07848,0.07753,0.07797,20474503.0
2026-06-12 20:00:00+00:00,2026-06-12 23:59:59.999000+00:00,0.07798,0.07828,0.07766,0.07787,8248119.0
2026-06-13 00:00:00+00:00,2026-06-13 03:59:59.999000+00:00,0.07788,0.07835,0.07762,0.07778,9432850.0
2026-06-13 04:00:00+00:00,2026-06-13 07:59:59.999000+00:00,0.0778,0.07816,0.0768,0.07802,16128290.0
2026-06-13 08:00:00+00:00,2026-06-13 11:59:59.999000+00:00,0.07801,0.07862,0.0779,0.07859,10138556.0
2026-06-13 12:00:00+00:00,2026-06-13 15:59:59.999000+00:00,0.07859,0.07896,0.0781,0.07859,17321236.0
2026-06-13 16:00:00+00:00,2026-06-13 19:59:59.999000+00:00,0.0786,0.07872,0.07781,0.07794,13349999.0
2026-06-13 20:00:00+00:00,2026-06-13 23:59:59.999000+00:00,0.07793,0.07896,0.07786,0.07833,8383753.0
2026-06-14 00:00:00+00:00,2026-06-14 03:59:59.999000+00:00,0.07834,0.07909,0.07826,0.0783,8259742.0
2026-06-14 04:00:00+00:00,2026-06-14 07:59:59.999000+00:00,0.0783,0.07922,0.07827,0.07914,20553897.0
2026-06-14 08:00:00+00:00,2026-06-14 11:59:59.999000+00:00,0.07915,0.07965,0.07858,0.07859,15955509.0
2026-06-14 12:00:00+00:00,2026-06-14 15:59:59.999000+00:00,0.07859,0.0788,0.07732,0.07749,18523685.0
2026-06-14 16:00:00+00:00,2026-06-14 19:59:59.999000+00:00,0.07749,0.07775,0.07685,0.07745,15380412.0
2026-06-14 20:00:00+00:00,2026-06-14 23:59:59.999000+00:00,0.07746,0.08119,0.07731,0.08118,28867641.0
2026-06-15 00:00:00+00:00,2026-06-15 03:59:59.999000+00:00,0.08119,0.08225,0.08063,0.08118,40622840.0
2026-06-15 04:00:00+00:00,2026-06-15 07:59:59.999000+00:00,0.08118,0.08219,0.08084,0.08144,16265615.0
2026-06-15 08:00:00+00:00,2026-06-15 11:59:59.999000+00:00,0.08145,0.08233,0.08099,0.08197,22623574.0
2026-06-15 12:00:00+00:00,2026-06-15 15:59:59.999000+00:00,0.08198,0.08397,0.08183,0.08381,53346527.0
2026-06-15 16:00:00+00:00,2026-06-15 19:59:59.999000+00:00,0.08381,0.08459,0.08246,0.08286,52448579.0
2026-06-15 20:00:00+00:00,2026-06-15 23:59:59.999000+00:00,0.08287,0.08327,0.08203,0.08258,12835610.0
2026-06-16 00:00:00+00:00,2026-06-16 03:59:59.999000+00:00,0.08259,0.08335,0.08172,0.08281,21121820.0
2026-06-16 04:00:00+00:00,2026-06-16 07:59:59.999000+00:00,0.08282,0.08315,0.08178,0.08315,16129447.0
2026-06-16 08:00:00+00:00,2026-06-16 11:59:59.999000+00:00,0.08316,0.08483,0.08301,0.08382,33056791.0
2026-06-16 12:00:00+00:00,2026-06-16 15:59:59.999000+00:00,0.08383,0.08395,0.08037,0.08097,39140612.0
2026-06-16 16:00:00+00:00,2026-06-16 19:59:59.999000+00:00,0.08098,0.08202,0.08054,0.08106,19859358.0
2026-06-16 20:00:00+00:00,2026-06-16 23:59:59.999000+00:00,0.08105,0.08175,0.08059,0.08068,10593678.0
2026-06-17 00:00:00+00:00,2026-06-17 03:59:59.999000+00:00,0.08069,0.08176,0.0804,0.08118,13587263.0
2026-06-17 04:00:00+00:00,2026-06-17 07:59:59.999000+00:00,0.08119,0.08161,0.08065,0.08104,15911214.0
2026-06-17 08:00:00+00:00,2026-06-17 11:59:59.999000+00:00,0.08104,0.08107,0.07967,0.08005,31343001.0
2026-06-17 12:00:00+00:00,2026-06-17 15:59:59.999000+00:00,0.08006,0.08233,0.07985,0.08214,17368984.0
2026-06-17 16:00:00+00:00,2026-06-17 19:59:59.999000+00:00,0.08215,0.0824,0.07943,0.07985,34257734.0
2026-06-17 20:00:00+00:00,2026-06-17 23:59:59.999000+00:00,0.07985,0.082,0.07945,0.0813,18118381.0
2026-06-18 00:00:00+00:00,2026-06-18 03:59:59.999000+00:00,0.08131,0.08218,0.08062,0.08067,18750920.0
2026-06-18 04:00:00+00:00,2026-06-18 07:59:59.999000+00:00,0.08067,0.08088,0.07926,0.08033,21990168.0
2026-06-18 08:00:00+00:00,2026-06-18 11:59:59.999000+00:00,0.08033,0.08099,0.08003,0.08067,11711521.0
2026-06-18 12:00:00+00:00,2026-06-18 15:59:59.999000+00:00,0.08068,0.0816,0.0787,0.07908,29543623.0
2026-06-18 16:00:00+00:00,2026-06-18 19:59:59.999000+00:00,0.07907,0.08041,0.07896,0.0802,19273936.0
2026-06-18 20:00:00+00:00,2026-06-18 23:59:59.999000+00:00,0.08021,0.08097,0.08004,0.08026,17545243.0
2026-06-19 00:00:00+00:00,2026-06-19 03:59:59.999000+00:00,0.08027,0.08091,0.07952,0.07982,11272230.0
2026-06-19 04:00:00+00:00,2026-06-19 07:59:59.999000+00:00,0.07983,0.07984,0.07873,0.07905,14559180.0
2026-06-19 08:00:00+00:00,2026-06-19 11:59:59.999000+00:00,0.07905,0.07947,0.07881,0.07919,10646362.0
2026-06-19 12:00:00+00:00,2026-06-19 15:59:59.999000+00:00,0.0792,0.08141,0.07886,0.08138,22108169.0
2026-06-19 16:00:00+00:00,2026-06-19 19:59:59.999000+00:00,0.08139,0.0814,0.08002,0.08017,14781116.0
2026-06-19 20:00:00+00:00,2026-06-19 23:59:59.999000+00:00,0.08017,0.0807,0.08002,0.08051,6608825.0
2026-06-20 00:00:00+00:00,2026-06-20 03:59:59.999000+00:00,0.0805,0.08087,0.07942,0.07976,11529676.0
2026-06-20 04:00:00+00:00,2026-06-20 07:59:59.999000+00:00,0.07977,0.08081,0.07966,0.08025,10840722.0
2026-06-20 08:00:00+00:00,2026-06-20 11:59:59.999000+00:00,0.08024,0.08083,0.07995,0.08006,11430247.0
2026-06-20 12:00:00+00:00,2026-06-20 15:59:59.999000+00:00,0.08008,0.08056,0.07934,0.0804,13977535.0
2026-06-20 16:00:00+00:00,2026-06-20 19:59:59.999000+00:00,0.0804,0.0807,0.07985,0.08018,4929810.0
2026-06-20 20:00:00+00:00,2026-06-20 23:59:59.999000+00:00,0.08017,0.08077,0.08003,0.0807,6181240.0
2026-06-21 00:00:00+00:00,2026-06-21 03:59:59.999000+00:00,0.08071,0.08082,0.08016,0.08048,3660243.0
2026-06-21 04:00:00+00:00,2026-06-21 07:59:59.999000+00:00,0.08049,0.08059,0.07988,0.08013,3951504.0
2026-06-21 08:00:00+00:00,2026-06-21 11:59:59.999000+00:00,0.08013,0.0805,0.07971,0.07987,11365841.0
2026-06-21 12:00:00+00:00,2026-06-21 15:59:59.999000+00:00,0.07987,0.08045,0.07969,0.08025,6742217.0
2026-06-21 16:00:00+00:00,2026-06-21 19:59:59.999000+00:00,0.08025,0.08028,0.07953,0.07996,5411576.0
2026-06-21 20:00:00+00:00,2026-06-21 23:59:59.999000+00:00,0.07996,0.07996,0.07801,0.07808,14843622.0
2026-06-22 00:00:00+00:00,2026-06-22 03:59:59.999000+00:00,0.07809,0.07961,0.07801,0.07873,12743508.0
2026-06-22 04:00:00+00:00,2026-06-22 07:59:59.999000+00:00,0.07873,0.07963,0.07855,0.07951,4698804.0
2026-06-22 08:00:00+00:00,2026-06-22 11:59:59.999000+00:00,0.07952,0.08063,0.07885,0.08022,9686041.0
2026-06-22 12:00:00+00:00,2026-06-22 15:59:59.999000+00:00,0.08024,0.08062,0.07934,0.07939,16320063.0
2026-06-22 16:00:00+00:00,2026-06-22 19:59:59.999000+00:00,0.0794,0.07993,0.07901,0.07917,8087194.0
2026-06-22 20:00:00+00:00,2026-06-22 23:59:59.999000+00:00,0.07918,0.07941,0.07854,0.07875,8179185.0
2026-06-23 00:00:00+00:00,2026-06-23 03:59:59.999000+00:00,0.07874,0.07913,0.07829,0.07908,9984519.0
2026-06-23 04:00:00+00:00,2026-06-23 07:59:59.999000+00:00,0.07909,0.07912,0.07721,0.07781,13367361.0
2026-06-23 08:00:00+00:00,2026-06-23 11:59:59.999000+00:00,0.07782,0.0779,0.07663,0.0777,14638754.0
2026-06-23 12:00:00+00:00,2026-06-23 15:59:59.999000+00:00,0.07769,0.07822,0.07724,0.07773,12817139.0
2026-06-23 16:00:00+00:00,2026-06-23 19:59:59.999000+00:00,0.07774,0.07812,0.07708,0.07723,6845266.0
2026-06-23 20:00:00+00:00,2026-06-23 23:59:59.999000+00:00,0.07723,0.07803,0.07722,0.07757,4569292.0
2026-06-24 00:00:00+00:00,2026-06-24 03:59:59.999000+00:00,0.07756,0.07826,0.07718,0.07728,25130758.0
2026-06-24 04:00:00+00:00,2026-06-24 07:59:59.999000+00:00,0.07727,0.07776,0.07677,0.07736,23345493.0
2026-06-24 08:00:00+00:00,2026-06-24 11:59:59.999000+00:00,0.07737,0.07742,0.07605,0.07696,11383828.0
2026-06-24 12:00:00+00:00,2026-06-24 15:59:59.999000+00:00,0.07695,0.077,0.07391,0.07403,24518415.0
2026-06-24 16:00:00+00:00,2026-06-24 19:59:59.999000+00:00,0.07403,0.07476,0.073,0.07448,29933762.0
2026-06-24 20:00:00+00:00,2026-06-24 23:59:59.999000+00:00,0.07448,0.07727,0.07439,0.07565,19084935.0
2026-06-25 00:00:00+00:00,2026-06-25 03:59:59.999000+00:00,0.07566,0.07592,0.07437,0.0744,11785249.0
2026-06-25 04:00:00+00:00,2026-06-25 07:59:59.999000+00:00,0.0744,0.07534,0.0741,0.07431,15625789.0
2026-06-25 08:00:00+00:00,2026-06-25 11:59:59.999000+00:00,0.07431,0.07433,0.07315,0.07342,11947410.0
2026-06-25 12:00:00+00:00,2026-06-25 15:59:59.999000+00:00,0.07343,0.07425,0.07066,0.07313,41476732.0
2026-06-25 16:00:00+00:00,2026-06-25 19:59:59.999000+00:00,0.07314,0.07392,0.07205,0.0729,18127020.0
2026-06-25 20:00:00+00:00,2026-06-25 23:59:59.999000+00:00,0.07291,0.074,0.07279,0.07346,7870969.0
2026-06-26 00:00:00+00:00,2026-06-26 03:59:59.999000+00:00,0.07347,0.07371,0.07129,0.07264,10428417.0
2026-06-26 04:00:00+00:00,2026-06-26 07:59:59.999000+00:00,0.07265,0.07422,0.07247,0.07422,7391778.0
2026-06-26 08:00:00+00:00,2026-06-26 11:59:59.999000+00:00,0.07421,0.07423,0.07258,0.07279,7766780.0
2026-06-26 12:00:00+00:00,2026-06-26 15:59:59.999000+00:00,0.07279,0.07371,0.07179,0.07318,15844749.0
2026-06-26 16:00:00+00:00,2026-06-26 19:59:59.999000+00:00,0.07319,0.07392,0.07162,0.07185,22791897.0
2026-06-26 20:00:00+00:00,2026-06-26 23:59:59.999000+00:00,0.07185,0.07232,0.07066,0.07094,21392998.0
2026-06-27 00:00:00+00:00,2026-06-27 03:59:59.999000+00:00,0.07096,0.07255,0.07096,0.07246,9872275.0
2026-06-27 04:00:00+00:00,2026-06-27 07:59:59.999000+00:00,0.07247,0.07292,0.07208,0.07252,15801071.0
2026-06-27 08:00:00+00:00,2026-06-27 11:59:59.999000+00:00,0.07253,0.07277,0.07201,0.07276,13565748.0
2026-06-27 12:00:00+00:00,2026-06-27 15:59:59.999000+00:00,0.07276,0.07349,0.07258,0.07328,8251127.0
2026-06-27 16:00:00+00:00,2026-06-27 19:59:59.999000+00:00,0.07328,0.07341,0.0719,0.07214,6498385.0
2026-06-27 20:00:00+00:00,2026-06-27 23:59:59.999000+00:00,0.07214,0.07254,0.07161,0.07193,7208888.0
2026-06-28 00:00:00+00:00,2026-06-28 03:59:59.999000+00:00,0.07193,0.07196,0.07137,0.07166,4136056.0
2026-06-28 04:00:00+00:00,2026-06-28 07:59:59.999000+00:00,0.07167,0.07199,0.07116,0.07133,5960216.0
2026-06-28 08:00:00+00:00,2026-06-28 11:59:59.999000+00:00,0.07133,0.07173,0.071,0.07158,7873952.0
2026-06-28 12:00:00+00:00,2026-06-28 15:59:59.999000+00:00,0.07158,0.07186,0.07111,0.07125,8834478.0
2026-06-28 16:00:00+00:00,2026-06-28 19:59:59.999000+00:00,0.07125,0.07129,0.07046,0.07094,12460486.0
2026-06-28 20:00:00+00:00,2026-06-28 23:59:59.999000+00:00,0.07094,0.07137,0.07018,0.07103,7481177.0
2026-06-29 00:00:00+00:00,2026-06-29 03:59:59.999000+00:00,0.07103,0.07211,0.07085,0.07187,13041973.0
2026-06-29 04:00:00+00:00,2026-06-29 07:59:59.999000+00:00,0.07188,0.07188,0.07061,0.07168,7429836.0
2026-06-29 08:00:00+00:00,2026-06-29 11:59:59.999000+00:00,0.07167,0.07179,0.07076,0.07097,7939601.0
2026-06-29 12:00:00+00:00,2026-06-29 15:59:59.999000+00:00,0.07098,0.07192,0.07065,0.07127,13664671.0
2026-06-29 16:00:00+00:00,2026-06-29 19:59:59.999000+00:00,0.07126,0.07243,0.07078,0.07198,11973957.0
2026-06-29 20:00:00+00:00,2026-06-29 23:59:59.999000+00:00,0.07198,0.07226,0.07148,0.07169,7190934.0
2026-06-30 00:00:00+00:00,2026-06-30 03:59:59.999000+00:00,0.07168,0.07181,0.07082,0.07091,5539216.0
2026-06-30 04:00:00+00:00,2026-06-30 07:59:59.999000+00:00,0.07091,0.07156,0.0708,0.07108,8680287.0
2026-06-30 08:00:00+00:00,2026-06-30 11:59:59.999000+00:00,0.07108,0.07114,0.07015,0.07031,8147737.0
2026-06-30 12:00:00+00:00,2026-06-30 15:59:59.999000+00:00,0.07031,0.07122,0.06965,0.06994,20538273.0
2026-06-30 16:00:00+00:00,2026-06-30 19:59:59.999000+00:00,0.06995,0.07033,0.0685,0.06968,34079370.0
2026-06-30 20:00:00+00:00,2026-06-30 23:59:59.999000+00:00,0.06967,0.06981,0.06906,0.06953,8882493.0
2026-07-01 00:00:00+00:00,2026-07-01 03:59:59.999000+00:00,0.06954,0.07043,0.0685,0.07034,12698909.0
2026-07-01 04:00:00+00:00,2026-07-01 07:59:59.999000+00:00,0.07033,0.07084,0.06854,0.06878,10649205.0
2026-07-01 08:00:00+00:00,2026-07-01 11:59:59.999000+00:00,0.06877,0.0696,0.06866,0.06939,6599194.0
2026-07-01 12:00:00+00:00,2026-07-01 15:59:59.999000+00:00,0.0694,0.0723,0.06877,0.07227,20989495.0
2026-07-01 16:00:00+00:00,2026-07-01 19:59:59.999000+00:00,0.07228,0.07302,0.07142,0.072,15074872.0
2026-07-01 20:00:00+00:00,2026-07-01 23:59:59.999000+00:00,0.072,0.07283,0.07146,0.07192,12067641.0
2026-07-02 00:00:00+00:00,2026-07-02 03:59:59.999000+00:00,0.07192,0.07385,0.07165,0.07374,17821925.0
2026-07-02 04:00:00+00:00,2026-07-02 07:59:59.999000+00:00,0.07373,0.07379,0.0726,0.07298,8259097.0
2026-07-02 08:00:00+00:00,2026-07-02 11:59:59.999000+00:00,0.07298,0.07386,0.07275,0.07383,8701488.0
2026-07-02 12:00:00+00:00,2026-07-02 15:59:59.999000+00:00,0.07382,0.07494,0.07365,0.07419,16954950.0
2026-07-02 16:00:00+00:00,2026-07-02 19:59:59.999000+00:00,0.07419,0.07452,0.0724,0.07261,13888571.0
2026-07-02 20:00:00+00:00,2026-07-02 23:59:59.999000+00:00,0.07262,0.07271,0.07054,0.07088,29821026.0
2026-07-03 00:00:00+00:00,2026-07-03 03:59:59.999000+00:00,0.0709,0.07237,0.0705,0.07149,43815020.0
2026-07-03 04:00:00+00:00,2026-07-03 07:59:59.999000+00:00,0.07149,0.07182,0.07087,0.07121,25302402.0
2026-07-03 08:00:00+00:00,2026-07-03 11:59:59.999000+00:00,0.07121,0.07191,0.07099,0.0717,17876482.0
2026-07-03 12:00:00+00:00,2026-07-03 15:59:59.999000+00:00,0.0717,0.07244,0.07157,0.07192,25394393.0
2026-07-03 16:00:00+00:00,2026-07-03 19:59:59.999000+00:00,0.07193,0.0735,0.07133,0.07276,27666338.0
2026-07-03 20:00:00+00:00,2026-07-03 23:59:59.999000+00:00,0.07276,0.07443,0.07276,0.07338,21508946.0
2026-07-04 00:00:00+00:00,2026-07-04 03:59:59.999000+00:00,0.07338,0.07351,0.07251,0.07285,10316201.0
2026-07-04 04:00:00+00:00,2026-07-04 07:59:59.999000+00:00,0.07286,0.07337,0.072,0.07233,10151805.0
2026-07-04 08:00:00+00:00,2026-07-04 11:59:59.999000+00:00,0.07234,0.07437,0.07205,0.07338,21668567.0
2026-07-04 12:00:00+00:00,2026-07-04 15:59:59.999000+00:00,0.07338,0.07506,0.07329,0.07474,21684472.0
2026-07-04 16:00:00+00:00,2026-07-04 19:59:59.999000+00:00,0.07473,0.07584,0.0742,0.07464,15496201.0
2026-07-04 20:00:00+00:00,2026-07-04 23:59:59.999000+00:00,0.07463,0.07734,0.07447,0.07729,33603555.0
2026-07-05 00:00:00+00:00,2026-07-05 03:59:59.999000+00:00,0.07729,0.07764,0.07478,0.07525,22037417.0
2026-07-05 04:00:00+00:00,2026-07-05 07:59:59.999000+00:00,0.07526,0.07563,0.07435,0.07505,12110648.0
2026-07-05 08:00:00+00:00,2026-07-05 11:59:59.999000+00:00,0.07507,0.07582,0.07433,0.07489,8476030.0
2026-07-05 12:00:00+00:00,2026-07-05 15:59:59.999000+00:00,0.07488,0.07564,0.07461,0.07529,6862702.0
2026-07-05 16:00:00+00:00,2026-07-05 19:59:59.999000+00:00,0.07529,0.07561,0.07492,0.07538,7135157.0
2026-07-05 20:00:00+00:00,2026-07-05 23:59:59.999000+00:00,0.07538,0.07691,0.075,0.07632,10650706.0
2026-07-06 00:00:00+00:00,2026-07-06 03:59:59.999000+00:00,0.07631,0.07637,0.07543,0.07565,7505807.0
2026-07-06 04:00:00+00:00,2026-07-06 07:59:59.999000+00:00,0.07565,0.07572,0.07432,0.07479,8197907.0
2026-07-06 08:00:00+00:00,2026-07-06 11:59:59.999000+00:00,0.07478,0.07496,0.07425,0.07425,7022851.0
2026-07-06 12:00:00+00:00,2026-07-06 15:59:59.999000+00:00,0.07424,0.0746,0.07254,0.07452,27676983.0
2026-07-06 16:00:00+00:00,2026-07-06 19:59:59.999000+00:00,0.07452,0.07502,0.07409,0.0741,7905186.0
2026-07-06 20:00:00+00:00,2026-07-06 23:59:59.999000+00:00,0.07411,0.07467,0.07292,0.07336,17632530.0
2026-07-07 00:00:00+00:00,2026-07-07 03:59:59.999000+00:00,0.07337,0.07369,0.07215,0.07224,10474623.0
2026-07-07 04:00:00+00:00,2026-07-07 07:59:59.999000+00:00,0.07223,0.0724,0.0716,0.07173,13041483.0
2026-07-07 08:00:00+00:00,2026-07-07 11:59:59.999000+00:00,0.07172,0.07182,0.07091,0.0714,17154581.0
2026-07-07 12:00:00+00:00,2026-07-07 15:59:59.999000+00:00,0.07138,0.07257,0.07058,0.07257,21956542.0
2026-07-07 16:00:00+00:00,2026-07-07 19:59:59.999000+00:00,0.07258,0.07289,0.07136,0.0715,13147164.0
2026-07-07 20:00:00+00:00,2026-07-07 23:59:59.999000+00:00,0.07151,0.07173,0.07034,0.07091,10956498.0
2026-07-08 00:00:00+00:00,2026-07-08 03:59:59.999000+00:00,0.07092,0.07117,0.07,0.07035,12954285.0
2026-07-08 04:00:00+00:00,2026-07-08 07:59:59.999000+00:00,0.07036,0.07038,0.0696,0.07002,7859868.0
2026-07-08 08:00:00+00:00,2026-07-08 11:59:59.999000+00:00,0.07002,0.0702,0.06903,0.06962,13894060.0
2026-07-08 12:00:00+00:00,2026-07-08 15:59:59.999000+00:00,0.06962,0.07013,0.06896,0.06914,13930972.0
2026-07-08 16:00:00+00:00,2026-07-08 19:59:59.999000+00:00,0.06915,0.06997,0.0691,0.06948,11065973.0
2026-07-08 20:00:00+00:00,2026-07-08 23:59:59.999000+00:00,0.0695,0.06958,0.06884,0.06936,7179152.0
2026-07-09 00:00:00+00:00,2026-07-09 03:59:59.999000+00:00,0.06936,0.07051,0.06916,0.06952,11084273.0
2026-07-09 04:00:00+00:00,2026-07-09 07:59:59.999000+00:00,0.06953,0.07153,0.06947,0.07058,18876275.0
2026-07-09 08:00:00+00:00,2026-07-09 11:59:59.999000+00:00,0.07059,0.07107,0.0702,0.07059,8970986.0
2026-07-09 12:00:00+00:00,2026-07-09 15:59:59.999000+00:00,0.07057,0.07084,0.06976,0.06996,9493525.0
2026-07-09 16:00:00+00:00,2026-07-09 19:59:59.999000+00:00,0.06995,0.07055,0.06965,0.07005,9870174.0
2026-07-09 20:00:00+00:00,2026-07-09 23:59:59.999000+00:00,0.07006,0.07054,0.0698,0.06994,7177660.0
2026-07-10 00:00:00+00:00,2026-07-10 03:59:59.999000+00:00,0.06993,0.07122,0.0695,0.07048,11610719.0
2026-07-10 04:00:00+00:00,2026-07-10 07:59:59.999000+00:00,0.07049,0.07097,0.07041,0.07046,4620807.0
2026-07-10 08:00:00+00:00,2026-07-10 11:59:59.999000+00:00,0.07045,0.07137,0.07041,0.07122,7549917.0
2026-07-10 12:00:00+00:00,2026-07-10 15:59:59.999000+00:00,0.07121,0.07147,0.06985,0.07035,15714028.0
2026-07-10 16:00:00+00:00,2026-07-10 19:59:59.999000+00:00,0.07035,0.07061,0.06969,0.06997,10145643.0
2026-07-10 20:00:00+00:00,2026-07-10 23:59:59.999000+00:00,0.06996,0.07041,0.06976,0.07035,6569527.0
2026-07-11 00:00:00+00:00,2026-07-11 03:59:59.999000+00:00,0.07034,0.07121,0.06988,0.07005,29876939.0
2026-07-11 04:00:00+00:00,2026-07-11 07:59:59.999000+00:00,0.07004,0.07068,0.06982,0.07066,24265227.0
2026-07-11 08:00:00+00:00,2026-07-11 11:59:59.999000+00:00,0.07064,0.07071,0.06666,0.06871,63765234.0
2026-07-11 12:00:00+00:00,2026-07-11 15:59:59.999000+00:00,0.0687,0.07014,0.06825,0.06992,23721040.0
2026-07-11 16:00:00+00:00,2026-07-11 19:59:59.999000+00:00,0.06993,0.07018,0.06927,0.06994,9377284.0
2026-07-11 20:00:00+00:00,2026-07-11 23:59:59.999000+00:00,0.06995,0.07,0.0685,0.0685,8478806.0
2026-07-12 00:00:00+00:00,2026-07-12 03:59:59.999000+00:00,0.06849,0.06893,0.06742,0.06856,24786042.0
2026-07-12 04:00:00+00:00,2026-07-12 07:59:59.999000+00:00,0.06856,0.06857,0.06731,0.06766,8367892.0
2026-07-12 08:00:00+00:00,2026-07-12 11:59:59.999000+00:00,0.06766,0.06805,0.0675,0.06789,8684007.0
2026-07-12 12:00:00+00:00,2026-07-12 15:59:59.999000+00:00,0.06789,0.06817,0.06716,0.06775,9971383.0
2026-07-12 16:00:00+00:00,2026-07-12 19:59:59.999000+00:00,0.06776,0.06783,0.06734,0.06775,4455297.0
2026-07-12 20:00:00+00:00,2026-07-12 23:59:59.999000+00:00,0.06774,0.06841,0.06709,0.06762,7045222.0
2026-07-13 00:00:00+00:00,2026-07-13 03:59:59.999000+00:00,0.06762,0.06869,0.06672,0.06715,15567013.0
2026-07-13 04:00:00+00:00,2026-07-13 07:59:59.999000+00:00,0.06714,0.06778,0.06698,0.06769,6325675.0
2026-07-13 08:00:00+00:00,2026-07-13 11:59:59.999000+00:00,0.0677,0.06794,0.06681,0.06683,10938600.0
2026-07-13 12:00:00+00:00,2026-07-13 15:59:59.999000+00:00,0.06684,0.06732,0.0664,0.06674,16547145.0
2026-07-13 16:00:00+00:00,2026-07-13 19:59:59.999000+00:00,0.06675,0.06687,0.06601,0.06649,13009958.0
2026-07-13 20:00:00+00:00,2026-07-13 23:59:59.999000+00:00,0.0665,0.06669,0.06559,0.06661,8375746.0
2026-07-14 00:00:00+00:00,2026-07-14 03:59:59.999000+00:00,0.06662,0.0667,0.06565,0.06617,12548241.0
2026-07-14 04:00:00+00:00,2026-07-14 07:59:59.999000+00:00,0.06616,0.06672,0.06591,0.06604,9966658.0
2026-07-14 08:00:00+00:00,2026-07-14 11:59:59.999000+00:00,0.06604,0.06636,0.0658,0.06634,10445957.0
2026-07-14 12:00:00+00:00,2026-07-14 15:59:59.999000+00:00,0.06635,0.06771,0.06595,0.06699,43873257.0
2026-07-14 16:00:00+00:00,2026-07-14 19:59:59.999000+00:00,0.067,0.06721,0.06633,0.06662,13347917.0
2026-07-14 20:00:00+00:00,2026-07-14 23:59:59.999000+00:00,0.06662,0.06747,0.06635,0.06737,14003957.0
2026-07-15 00:00:00+00:00,2026-07-15 03:59:59.999000+00:00,0.06737,0.06749,0.0671,0.06749,6857451.0
2026-07-15 04:00:00+00:00,2026-07-15 07:59:59.999000+00:00,0.06749,0.06793,0.0671,0.06751,11689854.0
2026-07-15 08:00:00+00:00,2026-07-15 11:59:59.999000+00:00,0.06751,0.06761,0.06716,0.06751,10199747.0
2026-07-15 12:00:00+00:00,2026-07-15 15:59:59.999000+00:00,0.06752,0.0684,0.06743,0.06829,21996878.0
2026-07-15 16:00:00+00:00,2026-07-15 19:59:59.999000+00:00,0.0683,0.06833,0.06721,0.06746,9864096.0
2026-07-15 20:00:00+00:00,2026-07-15 23:59:59.999000+00:00,0.06746,0.06824,0.06738,0.06796,12553645.0
2026-07-16 00:00:00+00:00,2026-07-16 03:59:59.999000+00:00,0.06797,0.0683,0.0674,0.06753,7332199.0
2026-07-16 04:00:00+00:00,2026-07-16 07:59:59.999000+00:00,0.06754,0.06775,0.06696,0.06709,8923344.0
2026-07-16 08:00:00+00:00,2026-07-16 11:59:59.999000+00:00,0.06709,0.06766,0.06679,0.06757,8401301.0
2026-07-16 12:00:00+00:00,2026-07-16 15:59:59.999000+00:00,0.06758,0.06811,0.06691,0.06807,28232465.0
2026-07-16 16:00:00+00:00,2026-07-16 19:59:59.999000+00:00,0.06808,0.0682,0.06713,0.06734,13954348.0
2026-07-16 20:00:00+00:00,2026-07-16 23:59:59.999000+00:00,0.06734,0.06782,0.06632,0.06658,15717073.0
2026-07-17 00:00:00+00:00,2026-07-17 03:59:59.999000+00:00,0.06658,0.06694,0.06619,0.06643,8021710.0
2026-07-17 04:00:00+00:00,2026-07-17 07:59:59.999000+00:00,0.06642,0.06661,0.06581,0.06603,15130298.0
2026-07-17 08:00:00+00:00,2026-07-17 11:59:59.999000+00:00,0.06604,0.06652,0.06587,0.06604,11978378.0
2026-07-17 12:00:00+00:00,2026-07-17 15:59:59.999000+00:00,0.06604,0.06633,0.06534,0.06602,24909646.0
2026-07-17 16:00:00+00:00,2026-07-17 19:59:59.999000+00:00,0.06602,0.06647,0.06589,0.06613,15423405.0
2026-07-17 20:00:00+00:00,2026-07-17 23:59:59.999000+00:00,0.06613,0.06618,0.06586,0.0659,6229701.0
2026-07-18 00:00:00+00:00,2026-07-18 03:59:59.999000+00:00,0.06591,0.06634,0.06568,0.06633,8206963.0
2026-07-18 04:00:00+00:00,2026-07-18 07:59:59.999000+00:00,0.06634,0.06636,0.06596,0.06633,7034576.0
2026-07-18 08:00:00+00:00,2026-07-18 11:59:59.999000+00:00,0.06633,0.06645,0.06606,0.06623,4986390.0
2026-07-18 12:00:00+00:00,2026-07-18 15:59:59.999000+00:00,0.06622,0.0667,0.06616,0.06668,11054370.0
2026-07-18 16:00:00+00:00,2026-07-18 19:59:59.999000+00:00,0.06667,0.06693,0.06661,0.06677,10284919.0
2026-07-18 20:00:00+00:00,2026-07-18 23:59:59.999000+00:00,0.06677,0.06711,0.06676,0.06711,5286630.0
2026-07-19 00:00:00+00:00,2026-07-19 03:59:59.999000+00:00,0.06712,0.06743,0.06666,0.06678,10848225.0
2026-07-19 04:00:00+00:00,2026-07-19 07:59:59.999000+00:00,0.06678,0.06754,0.06666,0.06719,27204051.0
2026-07-19 08:00:00+00:00,2026-07-19 11:59:59.999000+00:00,0.06719,0.06731,0.0665,0.06672,14214015.0
2026-07-19 12:00:00+00:00,2026-07-19 15:59:59.999000+00:00,0.06672,0.06696,0.06654,0.06672,4601174.0
2026-07-19 16:00:00+00:00,2026-07-19 19:59:59.999000+00:00,0.06673,0.06678,0.06628,0.06644,4803125.0
2026-07-19 20:00:00+00:00,2026-07-19 23:59:59.999000+00:00,0.06643,0.0667,0.06633,0.06655,4051614.0
2026-07-20 00:00:00+00:00,2026-07-20 03:59:59.999000+00:00,0.06656,0.0669,0.06584,0.06617,9120210.0
2026-07-20 04:00:00+00:00,2026-07-20 07:59:59.999000+00:00,0.06617,0.06617,0.06543,0.06574,10343931.0
2026-07-20 08:00:00+00:00,2026-07-20 11:59:59.999000+00:00,0.06573,0.06667,0.06552,0.06664,13019552.0
2026-07-20 12:00:00+00:00,2026-07-20 15:59:59.999000+00:00,0.06665,0.0669,0.06578,0.06674,13068763.0
2026-07-20 16:00:00+00:00,2026-07-20 19:59:59.999000+00:00,0.06674,0.06711,0.06599,0.06611,15340084.0
2026-07-20 20:00:00+00:00,2026-07-20 23:59:59.999000+00:00,0.06611,0.06686,0.06605,0.06672,13010405.0
2026-07-21 00:00:00+00:00,2026-07-21 03:59:59.999000+00:00,0.06672,0.06719,0.06665,0.06718,11937509.0
2026-07-21 04:00:00+00:00,2026-07-21 07:59:59.999000+00:00,0.06717,0.06756,0.06674,0.06749,23820288.0
2026-07-21 08:00:00+00:00,2026-07-21 11:59:59.999000+00:00,0.06749,0.06856,0.06747,0.06841,22938263.0
2026-07-21 12:00:00+00:00,2026-07-21 15:59:59.999000+00:00,0.06842,0.06891,0.06816,0.06862,18938331.0
2026-07-21 16:00:00+00:00,2026-07-21 19:59:59.999000+00:00,0.06861,0.07101,0.06834,0.06982,36483200.0
2026-07-21 20:00:00+00:00,2026-07-21 23:59:59.999000+00:00,0.06983,0.07025,0.06912,0.06959,13489730.0
2026-07-22 00:00:00+00:00,2026-07-22 03:59:59.999000+00:00,0.06959,0.07076,0.06945,0.07026,11855826.0
2026-07-22 04:00:00+00:00,2026-07-22 07:59:59.999000+00:00,0.07026,0.07041,0.06952,0.0702,16321341.0
2026-07-22 08:00:00+00:00,2026-07-22 11:59:59.999000+00:00,0.07019,0.07195,0.07016,0.07141,19936854.0
2026-07-22 12:00:00+00:00,2026-07-22 15:59:59.999000+00:00,0.07141,0.07335,0.07074,0.07253,35331861.0
2026-07-22 16:00:00+00:00,2026-07-22 19:59:59.999000+00:00,0.07252,0.07419,0.07149,0.07176,36528996.0
2026-07-22 20:00:00+00:00,2026-07-22 23:59:59.999000+00:00,0.07175,0.07322,0.07153,0.07288,14341745.0
2026-07-23 00:00:00+00:00,2026-07-23 03:59:59.999000+00:00,0.07289,0.07365,0.07247,0.07266,23769864.0
2026-07-23 04:00:00+00:00,2026-07-23 07:59:59.999000+00:00,0.07265,0.07397,0.07259,0.07352,17508499.0
2026-07-23 08:00:00+00:00,2026-07-23 11:59:59.999000+00:00,0.07353,0.0745,0.07275,0.07285,21223942.0
2026-07-23 12:00:00+00:00,2026-07-23 15:59:59.999000+00:00,0.07283,0.07297,0.071,0.07194,25576762.0
2026-07-23 16:00:00+00:00,2026-07-23 19:59:59.999000+00:00,0.07195,0.07259,0.07162,0.07214,15663281.0
2026-07-23 20:00:00+00:00,2026-07-23 23:59:59.999000+00:00,0.07214,0.07267,0.07112,0.07112,9924311.0
2026-07-24 00:00:00+00:00,2026-07-24 03:59:59.999000+00:00,0.07112,0.07129,0.07058,0.07095,9752450.0
2026-07-24 04:00:00+00:00,2026-07-24 07:59:59.999000+00:00,0.07096,0.07153,0.07071,0.07114,7466451.0
2026-07-24 08:00:00+00:00,2026-07-24 11:59:59.999000+00:00,0.07114,0.07114,0.07032,0.07049,7080115.0
2026-07-24 12:00:00+00:00,2026-07-24 15:59:59.999000+00:00,0.07048,0.07118,0.07038,0.07081,11061707.0
2026-07-24 16:00:00+00:00,2026-07-24 19:59:59.999000+00:00,0.07081,0.07198,0.07046,0.07141,12077580.0
2026-07-24 20:00:00+00:00,2026-07-24 23:59:59.999000+00:00,0.07141,0.07282,0.07035,0.0708,21703577.0
2026-07-25 00:00:00+00:00,2026-07-25 03:59:59.999000+00:00,0.07081,0.0712,0.06995,0.07045,13425745.0
2026-07-25 04:00:00+00:00,2026-07-25 07:59:59.999000+00:00,0.07045,0.07055,0.07006,0.07009,3235539.0
2026-07-25 08:00:00+00:00,2026-07-25 11:59:59.999000+00:00,0.0701,0.07041,0.06977,0.0701,8903241.0
2026-07-25 12:00:00+00:00,2026-07-25 15:59:59.999000+00:00,0.07012,0.07026,0.06996,0.0702,4470950.0
2026-07-25 16:00:00+00:00,2026-07-25 19:59:59.999000+00:00,0.07021,0.07142,0.07009,0.07101,9609238.0
2026-07-25 20:00:00+00:00,2026-07-25 23:59:59.999000+00:00,0.07102,0.07122,0.07031,0.07099,7738906.0
2026-07-26 00:00:00+00:00,2026-07-26 03:59:59.999000+00:00,0.07098,0.07102,0.07005,0.07019,6329243.0
2026-07-26 04:00:00+00:00,2026-07-26 07:59:59.999000+00:00,0.07018,0.07046,0.06969,0.06994,7837498.0
2026-07-26 08:00:00+00:00,2026-07-26 11:59:59.999000+00:00,0.06996,0.07049,0.06991,0.07007,4885759.0
2026-07-26 12:00:00+00:00,2026-07-26 15:59:59.999000+00:00,0.07007,0.07027,0.06976,0.07013,5347236.0
2026-07-26 16:00:00+00:00,2026-07-26 19:59:59.999000+00:00,0.07014,0.07042,0.0699,0.06998,3021591.0
2026-07-26 20:00:00+00:00,2026-07-26 23:59:59.999000+00:00,0.06998,0.07048,0.06912,0.07026,10208862.0
2026-07-27 00:00:00+00:00,2026-07-27 03:59:59.999000+00:00,0.07026,0.07026,0.0693,0.07001,6695286.0
2026-07-27 04:00:00+00:00,2026-07-27 07:59:59.999000+00:00,0.07001,0.07004,0.06937,0.0694,5730044.0
2026-07-27 08:00:00+00:00,2026-07-27 11:59:59.999000+00:00,0.06941,0.06961,0.06898,0.06923,8572746.0
2026-07-27 12:00:00+00:00,2026-07-27 15:59:59.999000+00:00,0.06922,0.0698,0.06787,0.06804,18184834.0
2026-07-27 16:00:00+00:00,2026-07-27 19:59:59.999000+00:00,0.06805,0.06906,0.06795,0.06897,6634237.0
2026-07-27 20:00:00+00:00,2026-07-27 23:59:59.999000+00:00,0.06897,0.06908,0.06807,0.06814,6695041.0
2026-07-28 00:00:00+00:00,2026-07-28 03:59:59.999000+00:00,0.06814,0.06838,0.06731,0.06775,10521540.0
2026-07-28 04:00:00+00:00,2026-07-28 07:59:59.999000+00:00,0.06773,0.06881,0.0677,0.06793,26410458.0
2026-07-28 08:00:00+00:00,2026-07-28 11:59:59.999000+00:00,0.06793,0.06813,0.06754,0.06755,6054796.0
2026-07-28 12:00:00+00:00,2026-07-28 15:59:59.999000+00:00,0.06754,0.06855,0.06709,0.06851,12291262.0
2026-07-28 16:00:00+00:00,2026-07-28 19:59:59.999000+00:00,0.06851,0.06905,0.06794,0.06839,9729680.0
2026-07-28 20:00:00+00:00,2026-07-28 23:59:59.999000+00:00,0.06839,0.0686,0.06803,0.06845,5468830.0
2026-07-29 00:00:00+00:00,2026-07-29 03:59:59.999000+00:00,0.06845,0.06924,0.06824,0.06825,7599225.0
2026-07-29 04:00:00+00:00,2026-07-29 07:59:59.999000+00:00,0.06826,0.06879,0.06794,0.06873,5580165.0
2026-07-29 08:00:00+00:00,2026-07-29 11:59:59.999000+00:00,0.06874,0.06897,0.06822,0.06845,5011118.0
2026-07-29 12:00:00+00:00,2026-07-29 15:59:59.999000+00:00,0.06845,0.06845,0.06777,0.06786,5526908.0
2026-07-29 16:00:00+00:00,2026-07-29 19:59:59.999000+00:00,0.06786,0.06854,0.06743,0.06744,11521261.0
2026-07-29 20:00:00+00:00,2026-07-29 23:59:59.999000+00:00,0.06744,0.06795,0.06695,0.06789,9498990.0
2026-07-30 00:00:00+00:00,2026-07-30 03:59:59.999000+00:00,0.06792,0.06859,0.06769,0.06803,5716813.0
2026-07-30 04:00:00+00:00,2026-07-30 07:59:59.999000+00:00,0.06804,0.06804,0.06772,0.06772,2952830.0
2026-07-30 08:00:00+00:00,2026-07-30 11:59:59.999000+00:00,0.06773,0.06809,0.06768,0.06806,4195977.0
2026-07-30 12:00:00+00:00,2026-07-30 15:59:59.999000+00:00,0.06807,0.06858,0.06801,0.06816,8426439.0
2026-07-30 16:00:00+00:00,2026-07-30 19:59:59.999000+00:00,0.06814,0.06867,0.06814,0.0686,4034073.0
2026-07-30 20:00:00+00:00,2026-07-30 23:59:59.999000+00:00,0.0686,0.06902,0.0684,0.0684,7231090.0
2026-07-31 00:00:00+00:00,2026-07-31 03:59:59.999000+00:00,0.0684,0.0685,0.06798,0.06837,5880848.0
2026-07-31 04:00:00+00:00,2026-07-31 07:59:59.999000+00:00,0.06837,0.06891,0.06832,0.06885,6246011.0
2026-07-31 08:00:00+00:00,2026-07-31 11:59:59.999000+00:00,0.06883,0.06891,0.06802,0.06809,4152766.0
2026-07-31 12:00:00+00:00,2026-07-31 15:59:59.999000+00:00,0.06809,0.06839,0.06746,0.0675,11817420.0
2026-07-31 16:00:00+00:00,2026-07-31 19:59:59.999000+00:00,0.06749,0.06846,0.06745,0.06812,5658743.0
2026-07-31 20:00:00+00:00,2026-07-31 23:59:59.999000+00:00,0.06812,0.06888,0.06804,0.06884,4651270.0
2026-08-01 00:00:00+00:00,2026-08-01 03:59:59.999000+00:00,0.06884,0.0706,0.06873,0.07006,13569903.0
2026-08-01 04:00:00+00:00,2026-08-01 07:59:59.999000+00:00,0.07007,0.07013,0.0694,0.06979,5302721.0
2026-08-01 08:00:00+00:00,2026-08-01 11:59:59.999000+00:00,0.06979,0.07049,0.06973,0.06993,5076706.0
2026-08-01 12:00:00+00:00,2026-08-01 15:59:59.999000+00:00,0.06992,0.07026,0.06959,0.06987,5384389.0
2026-08-01 16:00:00+00:00,2026-08-01 19:59:59.999000+00:00,0.06986,0.07001,0.06872,0.06918,9410912.0
2026-08-01 20:00:00+00:00,2026-08-01 23:59:59.999000+00:00,0.06917,0.06945,0.06901,0.06904,3277547.0
2026-08-02 00:00:00+00:00,2026-08-02 03:59:59.999000+00:00,0.06904,0.06973,0.06899,0.06953,8752805.0
2026-08-02 04:00:00+00:00,2026-08-02 07:59:59.999000+00:00,0.06953,0.07073,0.06953,0.0705,8219222.0
2026-08-02 08:00:00+00:00,2026-08-02 11:59:59.999000+00:00,0.07051,0.07067,0.06981,0.07012,8513245.0
2026-08-02 12:00:00+00:00,2026-08-02 15:59:59.999000+00:00,0.07013,0.07044,0.06985,0.06998,11209386.0
2026-08-02 16:00:00+00:00,2026-08-02 19:59:59.999000+00:00,0.06998,0.07019,0.06965,0.06988,5418682.0
2026-08-02 20:00:00+00:00,2026-08-02 23:59:59.999000+00:00,0.06986,0.07016,0.06969,0.07007,5999656.0
2026-08-03 00:00:00+00:00,2026-08-03 03:59:59.999000+00:00,0.07006,0.0701,0.06912,0.06934,6958082.0
2026-08-03 04:00:00+00:00,2026-08-03 07:59:59.999000+00:00,0.06933,0.06949,0.06888,0.06903,5954658.0
2026-08-03 08:00:00+00:00,2026-08-03 11:59:59.999000+00:00,0.06903,0.06903,0.06848,0.06872,5598104.0
2026-08-03 12:00:00+00:00,2026-08-03 15:59:59.999000+00:00,0.06873,0.07033,0.06872,0.07027,16775631.0
2026-08-03 16:00:00+00:00,2026-08-03 19:59:59.999000+00:00,0.07027,0.07092,0.07002,0.07047,11826466.0
2026-08-03 20:00:00+00:00,2026-08-03 23:59:59.999000+00:00,0.07046,0.07131,0.07039,0.07052,6085399.0
2026-08-04 00:00:00+00:00,2026-08-04 03:59:59.999000+00:00,0.07051,0.07128,0.06994,0.0712,6993088.0
2026-08-04 04:00:00+00:00,2026-08-04 07:59:59.999000+00:00,0.07119,0.07156,0.07045,0.07087,5286726.0
2026-08-04 08:00:00+00:00,2026-08-04 11:59:59.999000+00:00,0.07087,0.07156,0.07054,0.07096,18459843.0
2026-08-04 12:00:00+00:00,2026-08-04 15:59:59.999000+00:00,0.07096,0.07096,0.06919,0.06969,33685166.0
2026-08-04 16:00:00+00:00,2026-08-04 19:59:59.999000+00:00,0.06968,0.07026,0.0696,0.07022,5036841.0
2026-08-04 20:00:00+00:00,2026-08-04 23:59:59.999000+00:00,0.07021,0.07022,0.06936,0.06942,4417842.0
2026-08-05 00:00:00+00:00,2026-08-05 03:59:59.999000+00:00,0.06941,0.06952,0.06901,0.06912,4508707.0
2026-08-05 04:00:00+00:00,2026-08-05 07:59:59.999000+00:00,0.0691,0.06941,0.06901,0.06918,3832797.0
2026-08-05 08:00:00+00:00,2026-08-05 11:59:59.999000+00:00,0.06918,0.06946,0.06903,0.0692,4479332.0
2026-08-05 12:00:00+00:00,2026-08-05 15:59:59.999000+00:00,0.0692,0.07005,0.0687,0.06872,15576268.0
2026-08-05 16:00:00+00:00,2026-08-05 19:59:59.999000+00:00,0.06873,0.06987,0.06871,0.06968,5267545.0
2026-08-05 20:00:00+00:00,2026-08-05 23:59:59.999000+00:00,0.06967,0.06987,0.06907,0.06907,3794552.0
2026-08-06 00:00:00+00:00,2026-08-06 03:59:59.999000+00:00,0.06909,0.06953,0.06831,0.06838,5488811.0
2026-08-06 04:00:00+00:00,2026-08-06 07:59:59.999000+00:00,0.06838,0.06887,0.0683,0.06853,6512359.0
2026-08-06 08:00:00+00:00,2026-08-06 11:59:59.999000+00:00,0.06851,0.06894,0.06818,0.06883,5456966.0
2026-08-06 12:00:00+00:00,2026-08-06 15:59:59.999000+00:00,0.06883,0.06971,0.06841,0.06842,12839817.0
2026-08-06 16:00:00+00:00,2026-08-06 19:59:59.999000+00:00,0.06843,0.06895,0.06807,0.06814,8405230.0
2026-08-06 20:00:00+00:00,2026-08-06 23:59:59.999000+00:00,0.06813,0.0685,0.06808,0.06823,6381275.0
2026-08-07 00:00:00+00:00,2026-08-07 03:59:59.999000+00:00,0.06823,0.06859,0.06808,0.06808,4428851.0
2026-08-07 04:00:00+00:00,2026-08-07 07:59:59.999000+00:00,0.06808,0.06869,0.06792,0.0686,7064917.0
2026-08-07 08:00:00+00:00,2026-08-07 11:59:59.999000+00:00,0.06861,0.06885,0.06839,0.06852,4531683.0
2026-08-07 12:00:00+00:00,2026-08-07 15:59:59.999000+00:00,0.06852,0.06881,0.0677,0.06792,10188671.0
2026-08-07 16:00:00+00:00,2026-08-07 19:59:59.999000+00:00,0.06792,0.06804,0.06716,0.06772,8633849.0
2026-08-07 20:00:00+00:00,2026-08-07 23:59:59.999000+00:00,0.06774,0.06817,0.06768,0.06807,2875680.0
2026-08-08 00:00:00+00:00,2026-08-08 03:59:59.999000+00:00,0.06806,0.06852,0.06796,0.06821,3987952.0
2026-08-08 04:00:00+00:00,2026-08-08 07:59:59.999000+00:00,0.06821,0.06841,0.06806,0.06841,3264698.0
2026-08-08 08:00:00+00:00,2026-08-08 11:59:59.999000+00:00,0.06842,0.06876,0.06828,0.06858,7745951.0
2026-08-08 12:00:00+00:00,2026-08-08 15:59:59.999000+00:00,0.06858,0.06942,0.06858,0.0693,5824309.0
2026-08-08 16:00:00+00:00,2026-08-08 19:59:59.999000+00:00,0.06931,0.06998,0.06906,0.06919,6509170.0
2026-08-08 20:00:00+00:00,2026-08-08 23:59:59.999000+00:00,0.06918,0.06949,0.06885,0.06899,1728505.0
2026-08-09 00:00:00+00:00,2026-08-09 03:59:59.999000+00:00,0.06898,0.06955,0.06888,0.06943,3384506.0
2026-08-09 04:00:00+00:00,2026-08-09 07:59:59.999000+00:00,0.06942,0.07006,0.06905,0.06949,6046531.0
2026-08-09 08:00:00+00:00,2026-08-09 11:59:59.999000+00:00,0.0695,0.06968,0.06871,0.06883,6107680.0
2026-08-09 12:00:00+00:00,2026-08-09 15:59:59.999000+00:00,0.06883,0.06936,0.0688,0.06919,2796450.0
2026-08-09 16:00:00+00:00,2026-08-09 19:59:59.999000+00:00,0.06918,0.06947,0.06909,0.06944,2511058.0
2026-08-09 20:00:00+00:00,2026-08-09 23:59:59.999000+00:00,0.06944,0.06973,0.06858,0.06862,4187509.0
2026-08-10 00:00:00+00:00,2026-08-10 03:59:59.999000+00:00,0.06861,0.06923,0.06843,0.06843,4899409.0
2026-08-10 04:00:00+00:00,2026-08-10 07:59:59.999000+00:00,0.06843,0.06888,0.06842,0.06878,2935420.0
2026-08-10 08:00:00+00:00,2026-08-10 11:59:59.999000+00:00,0.06878,0.06885,0.06853,0.06858,4849894.0
2026-08-10 12:00:00+00:00,2026-08-10 15:59:59.999000+00:00,0.06858,0.06871,0.0679,0.06814,10909561.0
2026-08-10 16:00:00+00:00,2026-08-10 19:59:59.999000+00:00,0.06813,0.0683,0.0678,0.06806,3932507.0
2026-08-10 20:00:00+00:00,2026-08-10 23:59:59.999000+00:00,0.06805,0.06809,0.06746,0.06766,4776458.0
2026-08-11 00:00:00+00:00,2026-08-11 03:59:59.999000+00:00,0.06766,0.06799,0.06741,0.06788,5887774.0
2026-08-11 04:00:00+00:00,2026-08-11 07:59:59.999000+00:00,0.06788,0.06795,0.0672,0.06739,6937082.0
2026-08-11 08:00:00+00:00,2026-08-11 11:59:59.999000+00:00,0.0674,0.06753,0.06685,0.06718,11307379.0
2026-08-11 12:00:00+00:00,2026-08-11 15:59:59.999000+00:00,0.06718,0.06726,0.06588,0.06617,24971716.0
2026-08-11 16:00:00+00:00,2026-08-11 19:59:59.999000+00:00,0.06616,0.0664,0.06595,0.06629,5904351.0
2026-08-11 20:00:00+00:00,2026-08-11 23:59:59.999000+00:00,0.06629,0.0667,0.06626,0.06643,4002956.0
2026-08-12 00:00:00+00:00,2026-08-12 03:59:59.999000+00:00,0.06643,0.06686,0.06631,0.06674,2898298.0
2026-08-12 04:00:00+00:00,2026-08-12 07:59:59.999000+00:00,0.06673,0.06681,0.06648,0.0668,3758986.0
2026-08-12 08:00:00+00:00,2026-08-12 11:59:59.999000+00:00,0.06679,0.06684,0.06641,0.06684,2897675.0
2026-08-12 12:00:00+00:00,2026-08-12 15:59:59.999000+00:00,0.06684,0.067,0.06558,0.06602,12753501.0
2026-08-12 16:00:00+00:00,2026-08-12 19:59:59.999000+00:00,0.06602,0.06614,0.06568,0.06581,3698017.0
2026-08-12 20:00:00+00:00,2026-08-12 23:59:59.999000+00:00,0.0658,0.06607,0.06562,0.06606,3548146.0
2026-08-13 00:00:00+00:00,2026-08-13 03:59:59.999000+00:00,0.06606,0.06611,0.06566,0.06607,2344274.0
2026-08-13 04:00:00+00:00,2026-08-13 07:59:59.999000+00:00,0.06607,0.0666,0.06607,0.06643,3340338.0
2026-08-13 08:00:00+00:00,2026-08-13 11:59:59.999000+00:00,0.06643,0.06664,0.0659,0.06605,6689627.0
2026-08-13 12:00:00+00:00,2026-08-13 15:59:59.999000+00:00,0.06605,0.06696,0.06601,0.06649,7069015.0
2026-08-13 16:00:00+00:00,2026-08-13 19:59:59.999000+00:00,0.06649,0.06684,0.06547,0.0656,19928616.0
2026-08-13 20:00:00+00:00,2026-08-13 23:59:59.999000+00:00,0.06561,0.06574,0.06547,0.06553,4500028.0
2026-08-14 00:00:00+00:00,2026-08-14 03:59:59.999000+00:00,0.06553,0.06582,0.06525,0.06545,9022069.0
2026-08-14 04:00:00+00:00,2026-08-14 07:59:59.999000+00:00,0.06544,0.06567,0.06521,0.06528,4717512.0
2026-08-14 08:00:00+00:00,2026-08-14 11:59:59.999000+00:00,0.06528,0.06566,0.06482,0.06551,11911476.0
2026-08-14 12:00:00+00:00,2026-08-14 15:59:59.999000+00:00,0.06552,0.06622,0.0654,0.06593,6846369.0
2026-08-14 16:00:00+00:00,2026-08-14 19:59:59.999000+00:00,0.06594,0.06605,0.06507,0.06512,4589261.0
2026-08-14 20:00:00+00:00,2026-08-14 23:59:59.999000+00:00,0.06512,0.06592,0.06505,0.0659,5377102.0
2026-08-15 00:00:00+00:00,2026-08-15 03:59:59.999000+00:00,0.06591,0.0664,0.06576,0.06624,4953654.0
2026-08-15 04:00:00+00:00,2026-08-15 07:59:59.999000+00:00,0.06623,0.06638,0.06563,0.06563,2789376.0
2026-08-15 08:00:00+00:00,2026-08-15 11:59:59.999000+00:00,0.06563,0.0659,0.06549,0.06578,2954117.0
2026-08-15 12:00:00+00:00,2026-08-15 15:59:59.999000+00:00,0.06578,0.06591,0.06566,0.06591,1371963.0
2026-08-15 16:00:00+00:00,2026-08-15 19:59:59.999000+00:00,0.06591,0.06591,0.06538,0.06582,3427534.0
2026-08-15 20:00:00+00:00,2026-08-15 23:59:59.999000+00:00,0.06582,0.06582,0.06544,0.06549,2229680.0
2026-08-16 00:00:00+00:00,2026-08-16 03:59:59.999000+00:00,0.06548,0.06549,0.06489,0.06526,6426096.0
2026-08-16 04:00:00+00:00,2026-08-16 07:59:59.999000+00:00,0.06527,0.06534,0.06503,0.06511,2156825.0
2026-08-16 08:00:00+00:00,2026-08-16 11:59:59.999000+00:00,0.0651,0.06518,0.06503,0.06513,1090219.0
2026-08-16 12:00:00+00:00,2026-08-16 15:59:59.999000+00:00,0.06512,0.06529,0.06503,0.06518,1510143.0
2026-08-16 16:00:00+00:00,2026-08-16 19:59:59.999000+00:00,0.06519,0.06545,0.06511,0.06519,1751373.0
2026-08-16 20:00:00+00:00,2026-08-16 23:59:59.999000+00:00,0.06519,0.06526,0.06444,0.06465,6479554.0
2026-08-17 00:00:00+00:00,2026-08-17 03:59:59.999000+00:00,0.06466,0.06511,0.06429,0.06492,4111283.0
2026-08-17 04:00:00+00:00,2026-08-17 07:59:59.999000+00:00,0.06492,0.06602,0.06491,0.06561,20408888.0
2026-08-17 08:00:00+00:00,2026-08-17 11:59:59.999000+00:00,0.06562,0.06638,0.06532,0.06619,8222835.0
2026-08-17 12:00:00+00:00,2026-08-17 15:59:59.999000+00:00,0.06619,0.06635,0.06545,0.06633,8434487.0
2026-08-17 16:00:00+00:00,2026-08-17 19:59:59.999000+00:00,0.06633,0.06633,0.06573,0.06578,8471184.0
2026-08-17 20:00:00+00:00,2026-08-17 23:59:59.999000+00:00,0.06577,0.06609,0.0657,0.066,2346383.0
2026-08-18 00:00:00+00:00,2026-08-18 03:59:59.999000+00:00,0.06601,0.06611,0.06521,0.06545,6911462.0
2026-08-18 04:00:00+00:00,2026-08-18 07:59:59.999000+00:00,0.06544,0.06601,0.06537,0.06576,3547220.0
2026-08-18 08:00:00+00:00,2026-08-18 11:59:59.999000+00:00,0.06577,0.06614,0.0655,0.06594,4090872.0
2026-08-18 12:00:00+00:00,2026-08-18 15:59:59.999000+00:00,0.06593,0.06646,0.06579,0.06619,6811075.0
2026-08-18 16:00:00+00:00,2026-08-18 19:59:59.999000+00:00,0.06622,0.06638,0.06578,0.06623,5834425.0
2026-08-18 20:00:00+00:00,2026-08-18 23:59:59.999000+00:00,0.06623,0.0674,0.06619,0.06737,15781520.0
2026-08-19 00:00:00+00:00,2026-08-19 03:59:59.999000+00:00,0.06738,0.06782,0.06708,0.06771,14439057.0
2026-08-19 04:00:00+00:00,2026-08-19 07:59:59.999000+00:00,0.06772,0.068,0.0674,0.06751,8298503.0
2026-08-19 08:00:00+00:00,2026-08-19 11:59:59.999000+00:00,0.06752,0.06789,0.06734,0.06779,7352033.0
2026-08-19 12:00:00+00:00,2026-08-19 15:59:59.999000+00:00,0.0678,0.06984,0.0676,0.06921,24948103.0
2026-08-19 16:00:00+00:00,2026-08-19 19:59:59.999000+00:00,0.06921,0.07045,0.06896,0.06954,30480680.0
2026-08-19 20:00:00+00:00,2026-08-19 23:59:59.999000+00:00,0.06953,0.07181,0.06946,0.07065,33780298.0
2026-08-20 00:00:00+00:00,2026-08-20 03:59:59.999000+00:00,0.07064,0.07146,0.0702,0.07055,15608538.0
2026-08-20 04:00:00+00:00,2026-08-20 07:59:59.999000+00:00,0.07055,0.07189,0.07055,0.0714,11640432.0
2026-08-20 08:00:00+00:00,2026-08-20 11:59:59.999000+00:00,0.0714,0.0736,0.07121,0.07342,37540313.0
2026-08-20 12:00:00+00:00,2026-08-20 15:59:59.999000+00:00,0.07343,0.07395,0.07237,0.0738,36393605.0
2026-08-20 16:00:00+00:00,2026-08-20 19:59:59.999000+00:00,0.0738,0.07449,0.07171,0.07226,47641677.0
2026-08-20 20:00:00+00:00,2026-08-20 23:59:59.999000+00:00,0.07226,0.07362,0.07226,0.07344,24177814.0
2026-08-21 00:00:00+00:00,2026-08-21 03:59:59.999000+00:00,0.07345,0.07533,0.07345,0.07507,24717691.0
2026-08-21 04:00:00+00:00,2026-08-21 07:59:59.999000+00:00,0.07507,0.07574,0.07474,0.07573,24606510.0
2026-08-21 08:00:00+00:00,2026-08-21 11:59:59.999000+00:00,0.07572,0.07733,0.07483,0.07558,73109424.0
2026-08-21 12:00:00+00:00,2026-08-21 15:59:59.999000+00:00,0.07558,0.0786,0.07537,0.07785,63004005.0
2026-08-21 16:00:00+00:00,2026-08-21 19:59:59.999000+00:00,0.07788,0.07829,0.07602,0.07608,52431980.0
2026-08-21 20:00:00+00:00,2026-08-21 23:59:59.999000+00:00,0.07608,0.08083,0.07589,0.07981,56121377.0
2026-08-22 00:00:00+00:00,2026-08-22 03:59:59.999000+00:00,0.0798,0.0835,0.07873,0.08274,76180786.0
2026-08-22 04:00:00+00:00,2026-08-22 07:59:59.999000+00:00,0.08275,0.08687,0.0746,0.07852,170936053.0
2026-08-22 08:00:00+00:00,2026-08-22 11:59:59.999000+00:00,0.07853,0.07897,0.07604,0.07746,51103937.0
2026-08-22 12:00:00+00:00,2026-08-22 15:59:59.999000+00:00,0.07745,0.07832,0.07594,0.07629,34103479.0
2026-08-22 16:00:00+00:00,2026-08-22 19:59:59.999000+00:00,0.07628,0.07813,0.07626,0.07789,15383657.0
2026-08-22 20:00:00+00:00,2026-08-22 23:59:59.999000+00:00,0.07789,0.07816,0.07654,0.07742,20169259.0
2026-08-23 00:00:00+00:00,2026-08-23 03:59:59.999000+00:00,0.07743,0.07835,0.07651,0.07701,23872995.0
2026-08-23 04:00:00+00:00,2026-08-23 07:59:59.999000+00:00,0.077,0.07751,0.07575,0.07666,28691300.0
2026-08-23 08:00:00+00:00,2026-08-23 11:59:59.999000+00:00,0.07667,0.07945,0.07662,0.07924,27213511.0
2026-08-23 12:00:00+00:00,2026-08-23 15:59:59.999000+00:00,0.07924,0.08103,0.07795,0.07944,38059747.0
2026-08-23 16:00:00+00:00,2026-08-23 19:59:59.999000+00:00,0.07944,0.07976,0.07838,0.07888,15314104.0
2026-08-23 20:00:00+00:00,2026-08-23 23:59:59.999000+00:00,0.07888,0.08101,0.07866,0.07981,29801588.0
2026-08-24 00:00:00+00:00,2026-08-24 03:59:59.999000+00:00,0.07981,0.08013,0.07734,0.07874,25358971.0
2026-08-24 04:00:00+00:00,2026-08-24 07:59:59.999000+00:00,0.07874,0.08071,0.07874,0.0803,28911072.0
2026-08-24 08:00:00+00:00,2026-08-24 11:59:59.999000+00:00,0.08031,0.08069,0.0787,0.08023,25548860.0
2026-08-24 12:00:00+00:00,2026-08-24 15:59:59.999000+00:00,0.08023,0.08151,0.0787,0.07937,39749416.0
2026-08-24 16:00:00+00:00,2026-08-24 19:59:59.999000+00:00,0.07937,0.07998,0.07839,0.07919,48165404.0
2026-08-24 20:00:00+00:00,2026-08-24 23:59:59.999000+00:00,0.0792,0.08025,0.07897,0.07928,36000806.0
2026-08-25 00:00:00+00:00,2026-08-25 03:59:59.999000+00:00,0.07928,0.08426,0.07905,0.08337,71944295.0
2026-08-25 04:00:00+00:00,2026-08-25 07:59:59.999000+00:00,0.08337,0.08356,0.07961,0.08009,46326368.0
2026-08-25 08:00:00+00:00,2026-08-25 11:59:59.999000+00:00,0.08009,0.08103,0.07982,0.08029,18797488.0
2026-08-25 12:00:00+00:00,2026-08-25 15:59:59.999000+00:00,0.0803,0.08062,0.07926,0.08017,27129893.0
2026-08-25 16:00:00+00:00,2026-08-25 19:59:59.999000+00:00,0.08016,0.08058,0.07882,0.07893,21825440.0
2026-08-25 20:00:00+00:00,2026-08-25 23:59:59.999000+00:00,0.07893,0.07904,0.07721,0.07775,38916094.0
2026-08-26 00:00:00+00:00,2026-08-26 03:59:59.999000+00:00,0.07774,0.07874,0.07723,0.07822,31750974.0
2026-08-26 04:00:00+00:00,2026-08-26 07:59:59.999000+00:00,0.07823,0.07874,0.07783,0.07783,9208058.0
2026-08-26 08:00:00+00:00,2026-08-26 11:59:59.999000+00:00,0.07783,0.07806,0.077,0.07747,12628952.0
2026-08-26 12:00:00+00:00,2026-08-26 15:59:59.999000+00:00,0.07746,0.07818,0.07629,0.07675,25054166.0
2026-08-26 16:00:00+00:00,2026-08-26 19:59:59.999000+00:00,0.07674,0.07778,0.07645,0.07743,15558896.0
2026-08-26 20:00:00+00:00,2026-08-26 23:59:59.999000+00:00,0.07742,0.07871,0.07678,0.07859,14332034.0
2026-08-27 00:00:00+00:00,2026-08-27 03:59:59.999000+00:00,0.07859,0.07859,0.07711,0.07728,14688071.0
2026-08-27 04:00:00+00:00,2026-08-27 07:59:59.999000+00:00,0.0773,0.07793,0.07694,0.07792,8604224.0
2026-08-27 08:00:00+00:00,2026-08-27 11:59:59.999000+00:00,0.07792,0.07893,0.07775,0.07823,14589144.0
2026-08-27 12:00:00+00:00,2026-08-27 15:59:59.999000+00:00,0.07823,0.07962,0.07811,0.07918,16242583.0
2026-08-27 16:00:00+00:00,2026-08-27 19:59:59.999000+00:00,0.07918,0.07975,0.07841,0.07851,16497209.0
2026-08-27 20:00:00+00:00,2026-08-27 23:59:59.999000+00:00,0.07848,0.07938,0.0783,0.07874,6809776.0
2026-08-28 00:00:00+00:00,2026-08-28 03:59:59.999000+00:00,0.07876,0.0798,0.07752,0.07761,11339045.0
2026-08-28 04:00:00+00:00,2026-08-28 07:59:59.999000+00:00,0.07761,0.07841,0.07719,0.07811,8831987.0
2026-08-28 08:00:00+00:00,2026-08-28 11:59:59.999000+00:00,0.07812,0.07833,0.07715,0.07803,9670835.0
2026-08-28 12:00:00+00:00,2026-08-28 15:59:59.999000+00:00,0.07803,0.07819,0.07502,0.07576,37499836.0
2026-08-28 16:00:00+00:00,2026-08-28 19:59:59.999000+00:00,0.07576,0.07641,0.07375,0.07635,95079586.0
2026-08-28 20:00:00+00:00,2026-08-28 23:59:59.999000+00:00,0.07634,0.07679,0.07577,0.07609,10470093.0
2026-08-29 00:00:00+00:00,2026-08-29 03:59:59.999000+00:00,0.0761,0.07627,0.07534,0.07542,6564613.0
2026-08-29 04:00:00+00:00,2026-08-29 07:59:59.999000+00:00,0.07541,0.07561,0.07475,0.07498,5662583.0
2026-08-29 08:00:00+00:00,2026-08-29 11:59:59.999000+00:00,0.07497,0.07497,0.07459,0.07473,4514794.0
2026-08-29 12:00:00+00:00,2026-08-29 15:59:59.999000+00:00,0.07473,0.07581,0.07472,0.07553,6521593.0
2026-08-29 16:00:00+00:00,2026-08-29 19:59:59.999000+00:00,0.07552,0.07565,0.07516,0.0755,6707926.0
2026-08-29 20:00:00+00:00,2026-08-29 23:59:59.999000+00:00,0.07551,0.07572,0.07538,0.07551,5734350.0
2026-08-30 00:00:00+00:00,2026-08-30 03:59:59.999000+00:00,0.07551,0.07572,0.07507,0.07513,5247522.0
2026-08-30 04:00:00+00:00,2026-08-30 07:59:59.999000+00:00,0.07512,0.07521,0.07376,0.07487,27837323.0
2026-08-30 08:00:00+00:00,2026-08-30 11:59:59.999000+00:00,0.07486,0.0752,0.07479,0.07505,4344136.0
2026-08-30 12:00:00+00:00,2026-08-30 15:59:59.999000+00:00,0.07505,0.07577,0.07494,0.07498,6833636.0
2026-08-30 16:00:00+00:00,2026-08-30 19:59:59.999000+00:00,0.07499,0.07614,0.07496,0.07574,10389324.0
2026-08-30 20:00:00+00:00,2026-08-30 23:59:59.999000+00:00,0.07575,0.07604,0.07295,0.07345,17975250.0
2026-08-31 00:00:00+00:00,2026-08-31 03:59:59.999000+00:00,0.07345,0.07424,0.07308,0.07363,11046627.0
2026-08-31 04:00:00+00:00,2026-08-31 07:59:59.999000+00:00,0.07365,0.07448,0.07344,0.07443,12569350.0
2026-08-31 08:00:00+00:00,2026-08-31 11:59:59.999000+00:00,0.07443,0.07463,0.07401,0.07419,5796257.0
2026-08-31 12:00:00+00:00,2026-08-31 15:59:59.999000+00:00,0.0742,0.07461,0.07311,0.07333,18033774.0
2026-08-31 16:00:00+00:00,2026-08-31 19:59:59.999000+00:00,0.07333,0.07391,0.07313,0.0734,15963870.0
2026-08-31 20:00:00+00:00,2026-08-31 23:59:59.999000+00:00,0.07341,0.07423,0.07338,0.07363,11754795.0
2026-09-01 00:00:00+00:00,2026-09-01 03:59:59.999000+00:00,0.07363,0.07446,0.07355,0.07444,9009005.0
2026-09-01 04:00:00+00:00,2026-09-01 07:59:59.999000+00:00,0.07445,0.07529,0.07443,0.07475,11527717.0
2026-09-01 08:00:00+00:00,2026-09-01 11:59:59.999000+00:00,0.07475,0.07525,0.07379,0.07522,9990586.0
2026-09-01 12:00:00+00:00,2026-09-01 15:59:59.999000+00:00,0.07523,0.07559,0.07418,0.07456,20132317.0
2026-09-01 16:00:00+00:00,2026-09-01 19:59:59.999000+00:00,0.07457,0.07471,0.07339,0.07437,23446176.0
2026-09-01 20:00:00+00:00,2026-09-01 23:59:59.999000+00:00,0.07438,0.07465,0.07373,0.07407,8150428.0
2026-09-02 00:00:00+00:00,2026-09-02 03:59:59.999000+00:00,0.07408,0.07421,0.07303,0.07401,11461810.0
2026-09-02 04:00:00+00:00,2026-09-02 07:59:59.999000+00:00,0.07401,0.07434,0.07365,0.07404,8770259.0
2026-09-02 08:00:00+00:00,2026-09-02 11:59:59.999000+00:00,0.07404,0.07412,0.07277,0.0734,10115051.0
2026-09-02 12:00:00+00:00,2026-09-02 15:59:59.999000+00:00,0.07338,0.07417,0.07308,0.07337,10669588.0
2026-09-02 16:00:00+00:00,2026-09-02 19:59:59.999000+00:00,0.07336,0.0741,0.07313,0.07396,10370269.0
2026-09-02 20:00:00+00:00,2026-09-02 23:59:59.999000+00:00,0.07397,0.07461,0.0739,0.07458,7026551.0
2026-09-03 00:00:00+00:00,2026-09-03 03:59:59.999000+00:00,0.07458,0.07628,0.07432,0.07588,22230171.0
2026-09-03 04:00:00+00:00,2026-09-03 07:59:59.999000+00:00,0.07588,0.07662,0.0754,0.07605,9479695.0
2026-09-03 08:00:00+00:00,2026-09-03 11:59:59.999000+00:00,0.07605,0.07709,0.07603,0.07695,17170753.0
2026-09-03 12:00:00+00:00,2026-09-03 15:59:59.999000+00:00,0.07694,0.07928,0.07684,0.07925,37846261.0
2026-09-03 16:00:00+00:00,2026-09-03 19:59:59.999000+00:00,0.07924,0.08098,0.07851,0.07966,27755208.0
2026-09-03 20:00:00+00:00,2026-09-03 23:59:59.999000+00:00,0.07966,0.07974,0.07859,0.07928,12947918.0
2026-09-04 00:00:00+00:00,2026-09-04 03:59:59.999000+00:00,0.07927,0.07941,0.07816,0.07818,10062980.0
2026-09-04 04:00:00+00:00,2026-09-04 07:59:59.999000+00:00,0.07817,0.07876,0.07761,0.0778,9102513.0
2026-09-04 08:00:00+00:00,2026-09-04 11:59:59.999000+00:00,0.07782,0.07963,0.07771,0.07894,17579521.0
2026-09-04 12:00:00+00:00,2026-09-04 15:59:59.999000+00:00,0.07895,0.07929,0.07644,0.0773,32168309.0
2026-09-04 16:00:00+00:00,2026-09-04 19:59:59.999000+00:00,0.0773,0.07774,0.07713,0.07732,12036511.0
2026-09-04 20:00:00+00:00,2026-09-04 23:59:59.999000+00:00,0.07733,0.0784,0.07732,0.0784,8422467.0
2026-09-05 00:00:00+00:00,2026-09-05 03:59:59.999000+00:00,0.0784,0.07916,0.07835,0.07884,11537608.0
2026-09-05 04:00:00+00:00,2026-09-05 07:59:59.999000+00:00,0.07885,0.08027,0.07865,0.07975,13331569.0
2026-09-05 08:00:00+00:00,2026-09-05 11:59:59.999000+00:00,0.07976,0.08072,0.0794,0.08041,15419794.0
2026-09-05 12:00:00+00:00,2026-09-05 15:59:59.999000+00:00,0.0804,0.08153,0.08027,0.08046,15643946.0
2026-09-05 16:00:00+00:00,2026-09-05 19:59:59.999000+00:00,0.08046,0.08129,0.08028,0.08074,10691782.0
2026-09-05 20:00:00+00:00,2026-09-05 23:59:59.999000+00:00,0.08074,0.08106,0.08007,0.08022,10416510.0
2026-09-06 00:00:00+00:00,2026-09-06 03:59:59.999000+00:00,0.08022,0.08231,0.08013,0.08218,14831985.0
2026-09-06 04:00:00+00:00,2026-09-06 07:59:59.999000+00:00,0.08218,0.08224,0.08057,0.08107,9350383.0
2026-09-06 08:00:00+00:00,2026-09-06 11:59:59.999000+00:00,0.08107,0.08201,0.08088,0.08154,11090138.0
2026-09-06 12:00:00+00:00,2026-09-06 15:59:59.999000+00:00,0.08155,0.08155,0.08013,0.08051,11246851.0
2026-09-06 16:00:00+00:00,2026-09-06 19:59:59.999000+00:00,0.08052,0.0809,0.08019,0.08052,9927646.0
2026-09-06 20:00:00+00:00,2026-09-06 23:59:59.999000+00:00,0.08053,0.08187,0.08043,0.08162,11308729.0
2026-09-07 00:00:00+00:00,2026-09-07 03:59:59.999000+00:00,0.0816,0.08235,0.08057,0.08064,14564857.0
2026-09-07 04:00:00+00:00,2026-09-07 07:59:59.999000+00:00,0.08064,0.08149,0.07997,0.08043,10012777.0
2026-09-07 08:00:00+00:00,2026-09-07 11:59:59.999000+00:00,0.0804,0.08145,0.08035,0.08068,12921777.0
2026-09-07 12:00:00+00:00,2026-09-07 15:59:59.999000+00:00,0.0807,0.0832,0.08054,0.0807,50045426.0
2026-09-07 16:00:00+00:00,2026-09-07 19:59:59.999000+00:00,0.08074,0.08307,0.08074,0.08249,33989202.0
2026-09-07 20:00:00+00:00,2026-09-07 23:59:59.999000+00:00,0.0825,0.08301,0.08147,0.08187,12856975.0
2026-09-08 00:00:00+00:00,2026-09-08 03:59:59.999000+00:00,0.08186,0.083,0.08143,0.08167,13405253.0
2026-09-08 04:00:00+00:00,2026-09-08 07:59:59.999000+00:00,0.08166,0.08166,0.08006,0.08039,19165100.0
2026-09-08 08:00:00+00:00,2026-09-08 11:59:59.999000+00:00,0.08034,0.08092,0.07955,0.08003,15586560.0
2026-09-08 12:00:00+00:00,2026-09-08 15:59:59.999000+00:00,0.08,0.0809,0.07907,0.0809,21332451.0
2026-09-08 16:00:00+00:00,2026-09-08 19:59:59.999000+00:00,0.08089,0.08089,0.07914,0.07933,18561346.0
2026-09-08 20:00:00+00:00,2026-09-08 23:59:59.999000+00:00,0.07933,0.07988,0.07872,0.07906,12756684.0
2026-09-09 00:00:00+00:00,2026-09-09 03:59:59.999000+00:00,0.07907,0.07936,0.07844,0.07856,14177606.0
2026-09-09 04:00:00+00:00,2026-09-09 07:59:59.999000+00:00,0.07854,0.0798,0.07854,0.0796,17053472.0
2026-09-09 08:00:00+00:00,2026-09-09 11:59:59.999000+00:00,0.07961,0.07998,0.078,0.0787,20079761.0
2026-09-09 12:00:00+00:00,2026-09-09 15:59:59.999000+00:00,0.0787,0.07906,0.07728,0.07773,21422006.0
2026-09-09 16:00:00+00:00,2026-09-09 19:59:59.999000+00:00,0.07772,0.07862,0.07701,0.07704,22636344.0
2026-09-09 20:00:00+00:00,2026-09-09 23:59:59.999000+00:00,0.07705,0.07779,0.07567,0.07656,21184707.0
2026-09-10 00:00:00+00:00,2026-09-10 03:59:59.999000+00:00,0.07655,0.07717,0.07613,0.07693,10570693.0
2026-09-10 04:00:00+00:00,2026-09-10 07:59:59.999000+00:00,0.07692,0.07725,0.07616,0.07632,7678500.0
2026-09-10 08:00:00+00:00,2026-09-10 11:59:59.999000+00:00,0.07631,0.07656,0.07584,0.07618,9084917.0
2026-09-10 12:00:00+00:00,2026-09-10 15:59:59.999000+00:00,0.07616,0.07631,0.07474,0.07553,20443185.0
2026-09-10 16:00:00+00:00,2026-09-10 19:59:59.999000+00:00,0.07552,0.07564,0.07461,0.07526,12804474.0
2026-09-10 20:00:00+00:00,2026-09-10 23:59:59.999000+00:00,0.07526,0.07592,0.07465,0.07477,7151338.0
2026-09-11 00:00:00+00:00,2026-09-11 03:59:59.999000+00:00,0.07478,0.0754,0.07476,0.07521,6986101.0
2026-09-11 04:00:00+00:00,2026-09-11 07:59:59.999000+00:00,0.07518,0.07568,0.07429,0.07452,12841944.0
2026-09-11 08:00:00+00:00,2026-09-11 11:59:59.999000+00:00,0.07451,0.0748,0.07332,0.07386,13480571.0
2026-09-11 12:00:00+00:00,2026-09-11 15:59:59.999000+00:00,0.07386,0.07712,0.07352,0.07533,37548738.0
2026-09-11 16:00:00+00:00,2026-09-11 19:59:59.999000+00:00,0.07533,0.07589,0.07389,0.07447,16722775.0
2026-09-11 20:00:00+00:00,2026-09-11 23:59:59.999000+00:00,0.07447,0.07483,0.07393,0.07443,8704225.0
2026-09-12 00:00:00+00:00,2026-09-12 03:59:59.999000+00:00,0.07442,0.07475,0.0743,0.07456,4860580.0
2026-09-12 04:00:00+00:00,2026-09-12 07:59:59.999000+00:00,0.07457,0.0747,0.07414,0.07462,6249161.0
2026-09-12 08:00:00+00:00,2026-09-12 11:59:59.999000+00:00,0.0746,0.07485,0.07437,0.07482,4068014.0
2026-09-12 12:00:00+00:00,2026-09-12 15:59:59.999000+00:00,0.07482,0.07501,0.07445,0.07495,4607109.0
2026-09-12 16:00:00+00:00,2026-09-12 19:59:59.999000+00:00,0.07496,0.07508,0.074,0.07439,6450901.0
2026-09-12 20:00:00+00:00,2026-09-12 23:59:59.999000+00:00,0.0744,0.07473,0.0744,0.07469,3055115.0
2026-09-13 00:00:00+00:00,2026-09-13 03:59:59.999000+00:00,0.07469,0.07521,0.07462,0.07495,4543870.0
2026-09-13 04:00:00+00:00,2026-09-13 07:59:59.999000+00:00,0.07494,0.07581,0.07489,0.0754,6743409.0
2026-09-13 08:00:00+00:00,2026-09-13 11:59:59.999000+00:00,0.07542,0.07557,0.07459,0.07537,9878182.0
2026-09-13 12:00:00+00:00,2026-09-13 15:59:59.999000+00:00,0.07536,0.07657,0.07508,0.07555,14983548.0
2026-09-13 16:00:00+00:00,2026-09-13 19:59:59.999000+00:00,0.07554,0.07671,0.07554,0.07607,5893970.0
2026-09-13 20:00:00+00:00,2026-09-13 23:59:59.999000+00:00,0.07607,0.07752,0.07476,0.07511,14956860.0
2026-09-14 00:00:00+00:00,2026-09-14 03:59:59.999000+00:00,0.07512,0.07637,0.07498,0.07619,10365071.0
2026-09-14 04:00:00+00:00,2026-09-14 07:59:59.999000+00:00,0.07621,0.07684,0.07609,0.07663,8413101.0
2026-09-14 08:00:00+00:00,2026-09-14 11:59:59.999000+00:00,0.07664,0.07706,0.07603,0.07669,9828930.0
2026-09-14 12:00:00+00:00,2026-09-14 15:59:59.999000+00:00,0.07671,0.07749,0.07624,0.07667,15399930.0
2026-09-14 16:00:00+00:00,2026-09-14 19:59:59.999000+00:00,0.07667,0.0786,0.07664,0.07788,25155056.0
2026-09-14 20:00:00+00:00,2026-09-14 23:59:59.999000+00:00,0.0779,0.07934,0.07738,0.07771,14911629.0
2026-09-15 00:00:00+00:00,2026-09-15 03:59:59.999000+00:00,0.07774,0.07868,0.07731,0.07735,16102049.0
2026-09-15 04:00:00+00:00,2026-09-15 07:59:59.999000+00:00,0.07734,0.07754,0.07652,0.07661,20166734.0
2026-09-15 08:00:00+00:00,2026-09-15 11:59:59.999000+00:00,0.07661,0.07796,0.07629,0.07711,10718461.0
2026-09-15 12:00:00+00:00,2026-09-15 15:59:59.999000+00:00,0.07712,0.07991,0.07675,0.07802,43369095.0
2026-09-15 16:00:00+00:00,2026-09-15 19:59:59.999000+00:00,0.07803,0.07869,0.07414,0.07565,58724422.0
2026-09-15 20:00:00+00:00,2026-09-15 23:59:59.999000+00:00,0.07565,0.07584,0.07408,0.07431,27769675.0
2026-09-16 00:00:00+00:00,2026-09-16 03:59:59.999000+00:00,0.0743,0.07486,0.07373,0.07431,13560800.0
2026-09-16 04:00:00+00:00,2026-09-16 07:59:59.999000+00:00,0.0743,0.07485,0.07428,0.07447,11913858.0
2026-09-16 08:00:00+00:00,2026-09-16 11:59:59.999000+00:00,0.07444,0.07463,0.07389,0.07446,10306714.0
2026-09-16 12:00:00+00:00,2026-09-16 15:59:59.999000+00:00,0.07445,0.07448,0.07196,0.07205,26162270.0
2026-09-16 16:00:00+00:00,2026-09-16 19:59:59.999000+00:00,0.07207,0.07369,0.072,0.07359,31732293.0
2026-09-16 20:00:00+00:00,2026-09-16 23:59:59.999000+00:00,0.0736,0.07409,0.07261,0.0739,18206911.0
2026-09-17 00:00:00+00:00,2026-09-17 03:59:59.999000+00:00,0.07391,0.07443,0.07337,0.07441,23801741.0
2026-09-17 04:00:00+00:00,2026-09-17 07:59:59.999000+00:00,0.07441,0.07443,0.0735,0.07384,15749463.0
2026-09-17 08:00:00+00:00,2026-09-17 11:59:59.999000+00:00,0.07385,0.0748,0.07376,0.07444,18212088.0
2026-09-17 12:00:00+00:00,2026-09-17 15:59:59.999000+00:00,0.07442,0.07649,0.07401,0.07639,22374889.0
2026-09-17 16:00:00+00:00,2026-09-17 19:59:59.999000+00:00,0.07639,0.07664,0.07493,0.07514,14201199.0
2026-09-17 20:00:00+00:00,2026-09-17 23:59:59.999000+00:00,0.07514,0.07582,0.07398,0.0746,12499713.0
2026-09-18 00:00:00+00:00,2026-09-18 03:59:59.999000+00:00,0.07461,0.07765,0.07434,0.07741,20139447.0
2026-09-18 04:00:00+00:00,2026-09-18 07:59:59.999000+00:00,0.07741,0.07766,0.07594,0.07657,17117307.0
2026-09-18 08:00:00+00:00,2026-09-18 11:59:59.999000+00:00,0.0766,0.07818,0.07631,0.07714,33220578.0
2026-09-18 12:00:00+00:00,2026-09-18 15:59:59.999000+00:00,0.07716,0.0794,0.07669,0.07876,44308281.0
2026-09-18 16:00:00+00:00,2026-09-18 19:59:59.999000+00:00,0.0788,0.07945,0.078,0.07944,22449644.0
2026-09-18 20:00:00+00:00,2026-09-18 23:59:59.999000+00:00,0.07943,0.07998,0.07901,0.07923,18506414.0
2026-09-19 00:00:00+00:00,2026-09-19 03:59:59.999000+00:00,0.07923,0.0798,0.07831,0.07953,21778277.0
2026-09-19 04:00:00+00:00,2026-09-19 07:59:59.999000+00:00,0.07952,0.07987,0.07834,0.07834,20045858.0
2026-09-19 08:00:00+00:00,2026-09-19 11:59:59.999000+00:00,0.07835,0.08094,0.07816,0.08077,33980604.0
2026-09-19 12:00:00+00:00,2026-09-19 15:59:59.999000+00:00,0.08076,0.08164,0.08042,0.08107,37880098.0
2026-09-19 16:00:00+00:00,2026-09-19 19:59:59.999000+00:00,0.08108,0.0824,0.08075,0.08207,37002013.0
2026-09-19 20:00:00+00:00,2026-09-19 23:59:59.999000+00:00,0.08208,0.08238,0.08009,0.08145,34956378.0
2026-09-20 00:00:00+00:00,2026-09-20 03:59:59.999000+00:00,0.08145,0.08389,0.07951,0.08058,62010304.0
2026-09-20 04:00:00+00:00,2026-09-20 07:59:59.999000+00:00,0.08057,0.08232,0.08003,0.08149,32650023.0
2026-09-20 08:00:00+00:00,2026-09-20 11:59:59.999000+00:00,0.08149,0.0821,0.08001,0.08169,19780745.0
2026-09-20 12:00:00+00:00,2026-09-20 15:59:59.999000+00:00,0.0817,0.08999,0.0812,0.08656,160836543.0
2026-09-20 16:00:00+00:00,2026-09-20 19:59:59.999000+00:00,0.08656,0.08852,0.08484,0.08511,66150019.0
2026-09-20 20:00:00+00:00,2026-09-20 23:59:59.999000+00:00,0.08511,0.08717,0.08451,0.08653,36279980.0
2026-09-21 00:00:00+00:00,2026-09-21 03:59:59.999000+00:00,0.08653,0.08846,0.0849,0.08709,51375506.0
2026-09-21 04:00:00+00:00,2026-09-21 07:59:59.999000+00:00,0.0871,0.08796,0.08627,0.08705,29337028.0
2026-09-21 08:00:00+00:00,2026-09-21 11:59:59.999000+00:00,0.08705,0.09105,0.08659,0.09011,63756137.0
2026-09-21 12:00:00+00:00,2026-09-21 15:59:59.999000+00:00,0.0901,0.093,0.0897,0.09255,73725178.0
2026-09-21 16:00:00+00:00,2026-09-21 19:59:59.999000+00:00,0.09255,0.09341,0.09029,0.0914,47364663.0
2026-09-21 20:00:00+00:00,2026-09-21 23:59:59.999000+00:00,0.09141,0.09358,0.09119,0.09336,28175793.0
2026-09-22 00:00:00+00:00,2026-09-22 03:59:59.999000+00:00,0.09339,0.09438,0.0911,0.09399,50821521.0
2026-09-22 04:00:00+00:00,2026-09-22 07:59:59.999000+00:00,0.09399,0.09531,0.09137,0.09482,43044348.0
2026-09-22 08:00:00+00:00,2026-09-22 11:59:59.999000+00:00,0.09482,0.09775,0.09286,0.09392,69655326.0
2026-09-22 12:00:00+00:00,2026-09-22 15:59:59.999000+00:00,0.09392,0.09899,0.09352,0.09862,57969987.0
2026-09-22 16:00:00+00:00,2026-09-22 19:59:59.999000+00:00,0.09861,0.09999,0.09473,0.0988,65213295.0
2026-09-22 20:00:00+00:00,2026-09-22 23:59:59.999000+00:00,0.09879,0.10072,0.09825,0.0991,56401413.0
2026-09-23 00:00:00+00:00,2026-09-23 03:59:59.999000+00:00,0.0991,0.10133,0.09843,0.10039,45309823.0
2026-09-23 04:00:00+00:00,2026-09-23 07:59:59.999000+00:00,0.10038,0.10093,0.09783,0.09785,38134360.0
2026-09-23 08:00:00+00:00,2026-09-23 11:59:59.999000+00:00,0.09784,0.09867,0.09476,0.09523,43622110.0
