open_time,close_time,open,high,low,close,volume
2026-04-12 16:00:00+00:00,2026-04-12 19:59:59.999000+00:00,3.45e-06,3.53e-06,3.45e-06,3.47e-06,778581856022.0
2026-04-12 20:00:00+00:00,2026-04-12 23:59:59.999000+00:00,3.47e-06,3.52e-06,3.44e-06,3.47e-06,1158129249976.0
2026-04-13 00:00:00+00:00,2026-04-13 03:59:59.999000+00:00,3.47e-06,3.52e-06,3.45e-06,3.48e-06,770346816253.0
2026-04-13 04:00:00+00:00,2026-04-13 07:59:59.999000+00:00,3.49e-06,3.51e-06,3.46e-06,3.46e-06,697389777580.0
2026-04-13 08:00:00+00:00,2026-04-13 11:59:59.999000+00:00,3.47e-06,3.5e-06,3.45e-06,3.49e-06,659047822148.0
2026-04-13 12:00:00+00:00,2026-04-13 15:59:59.999000+00:00,3.49e-06,3.58e-06,3.47e-06,3.53e-06,2218524556902.0
2026-04-13 16:00:00+00:00,2026-04-13 19:59:59.999000+00:00,3.53e-06,3.64e-06,3.48e-06,3.63e-06,1902889995649.0
2026-04-13 20:00:00+00:00,2026-04-13 23:59:59.999000+00:00,3.62e-06,3.77e-06,3.57e-06,3.75e-06,4155655129548.0
2026-04-14 00:00:00+00:00,2026-04-14 03:59:59.999000+00:00,3.75e-06,3.78e-06,3.69e-06,3.7e-06,2961461172250.0
2026-04-14 04:00:00+00:00,2026-04-14 07:59:59.999000+00:00,3.71e-06,3.73e-06,3.63e-06,3.64e-06,2021334025971.0
2026-04-14 08:00:00+00:00,2026-04-14 11:59:59.999000+00:00,3.65e-06,3.75e-06,3.63e-06,3.7e-06,2187270555894.0
2026-04-14 12:00:00+00:00,2026-04-14 15:59:59.999000+00:00,3.71e-06,3.8e-06,3.66e-06,3.68e-06,3622423231469.0
2026-04-14 16:00:00+00:00,2026-04-14 19:59:59.999000+00:00,3.69e-06,3.71e-06,3.55e-06,3.59e-06,2216032839340.0
2026-04-14 20:00:00+00:00,2026-04-14 23:59:59.999000+00:00,3.58e-06,3.62e-06,3.56e-06,3.56e-06,1290178380234.0
2026-04-15 00:00:00+00:00,2026-04-15 03:59:59.999000+00:00,3.57e-06,3.64e-06,3.56e-06,3.6e-06,1307152900536.0
2026-04-15 04:00:00+00:00,2026-04-15 07:59:59.999000+00:00,3.6e-06,3.61e-06,3.52e-06,3.54e-06,1507602676216.0
2026-04-15 08:00:00+00:00,2026-04-15 11:59:59.999000+00:00,3.54e-06,3.63e-06,3.54e-06,3.62e-06,1182958090799.0
2026-04-15 12:00:00+00:00,2026-04-15 15:59:59.999000+00:00,3.62e-06,3.69e-06,3.59e-06,3.64e-06,2173406031088.0
2026-04-15 16:00:00+00:00,2026-04-15 19:59:59.999000+00:00,3.64e-06,3.8e-06,3.64e-06,3.77e-06,2987430161541.0
2026-04-15 20:00:00+00:00,2026-04-15 23:59:59.999000+00:00,3.77e-06,3.78e-06,3.69e-06,3.72e-06,2056754687291.0
2026-04-16 00:00:00+00:00,2026-04-16 03:59:59.999000+00:00,3.73e-06,4.02e-06,3.69e-06,3.97e-06,7047480035904.0
2026-04-16 04:00:00+00:00,2026-04-16 07:59:59.999000+00:00,3.97e-06,4.04e-06,3.84e-06,3.86e-06,4525325083358.0
2026-04-16 08:00:00+00:00,2026-04-16 11:59:59.999000+00:00,3.87e-06,3.87e-06,3.73e-06,3.78e-06,3474345638597.0
2026-04-16 12:00:00+00:00,2026-04-16 15:59:59.999000+00:00,3.77e-06,3.91e-06,3.71e-06,3.86e-06,4834053209694.0
2026-04-16 16:00:00+00:00,2026-04-16 19:59:59.999000+00:00,3.87e-06,4.05e-06,3.84e-06,4.04e-06,6307358220085.0
2026-04-16 20:00:00+00:00,2026-04-16 23:59:59.999000+00:00,4.03e-06,4.06e-06,3.92e-06,3.98e-06,2785013517219.0
2026-04-17 00:00:00+00:00,2026-04-17 03:59:59.999000+00:00,3.98e-06,4.04e-06,3.9e-06,3.93e-06,2881222367868.0
2026-04-17 04:00:00+00:00,2026-04-17 07:59:59.999000+00:00,3.93e-06,3.95e-06,3.82e-06,3.88e-06,2247927850054.0
2026-04-17 08:00:00+00:00,2026-04-17 11:59:59.999000+00:00,3.88e-06,3.98e-06,3.86e-06,3.93e-06,2901042301417.0
2026-04-17 12:00:00+00:00,2026-04-17 15:59:59.999000+00:00,3.93e-06,4.12e-06,3.9e-06,4.02e-06,6737410644645.0
2026-04-17 16:00:00+00:00,2026-04-17 19:59:59.999000+00:00,4.03e-06,4.12e-06,4.02e-06,4.04e-06,3809987897214.0
2026-04-17 20:00:00+00:00,2026-04-17 23:59:59.999000+00:00,4.04e-06,4.05e-06,3.94e-06,3.95e-06,1916111169599.0
2026-04-18 00:00:00+00:00,2026-04-18 03:59:59.999000+00:00,3.96e-06,3.99e-06,3.91e-06,3.92e-06,1525214591242.0
2026-04-18 04:00:00+00:00,2026-04-18 07:59:59.999000+00:00,3.92e-06,3.98e-06,3.91e-06,3.96e-06,1383624435737.0
2026-04-18 08:00:00+00:00,2026-04-18 11:59:59.999000+00:00,3.96e-06,3.96e-06,3.79e-06,3.83e-06,3049298503981.0
2026-04-18 12:00:00+00:00,2026-04-18 15:59:59.999000+00:00,3.82e-06,3.85e-06,3.79e-06,3.82e-06,2179373245909.0
2026-04-18 16:00:00+00:00,2026-04-18 19:59:59.999000+00:00,3.82e-06,3.83e-06,3.75e-06,3.78e-06,1603633732668.0
2026-04-18 20:00:00+00:00,2026-04-18 23:59:59.999000+00:00,3.78e-06,3.82e-06,3.76e-06,3.77e-06,761870137281.0
2026-04-19 00:00:00+00:00,2026-04-19 03:59:59.999000+00:00,3.78e-06,3.8e-06,3.73e-06,3.76e-06,1498461443109.0
2026-04-19 04:00:00+00:00,2026-04-19 07:59:59.999000+00:00,3.77e-06,3.81e-06,3.72e-06,3.76e-06,1374614711076.0
2026-04-19 08:00:00+00:00,2026-04-19 11:59:59.999000+00:00,3.76e-06,3.77e-06,3.71e-06,3.75e-06,1275693372321.0
2026-04-19 12:00:00+00:00,2026-04-19 15:59:59.999000+00:00,3.75e-06,3.85e-06,3.72e-06,3.8e-06,2533506704411.0
2026-04-19 16:00:00+00:00,2026-04-19 19:59:59.999000+00:00,3.81e-06,3.83e-06,3.68e-06,3.74e-06,2120815107407.0
2026-04-19 20:00:00+00:00,2026-04-19 23:59:59.999000+00:00,3.74e-06,3.74e-06,3.62e-06,3.65e-06,1634544202498.0
2026-04-20 00:00:00+00:00,2026-04-20 03:59:59.999000+00:00,3.66e-06,3.72e-06,3.64e-06,3.7e-06,1130880693861.0
2026-04-20 04:00:00+00:00,2026-04-20 07:59:59.999000+00:00,3.7e-06,3.8e-06,3.67e-06,3.75e-06,1297131357170.0
2026-04-20 08:00:00+00:00,2026-04-20 11:59:59.999000+00:00,3.75e-06,3.8e-06,3.72e-06,3.76e-06,1222658555823.0
2026-04-20 12:00:00+00:00,2026-04-20 15:59:59.999000+00:00,3.76e-06,3.8e-06,3.71e-06,3.78e-06,2026633212343.0
2026-04-20 16:00:00+00:00,2026-04-20 19:59:59.999000+00:00,3.79e-06,3.85e-06,3.74e-06,3.8e-06,1662607143034.0
2026-04-20 20:00:00+00:00,2026-04-20 23:59:59.999000+00:00,3.8e-06,3.83e-06,3.74e-06,3.76e-06,967899259648.0
2026-04-21 00:00:00+00:00,2026-04-21 03:59:59.999000+00:00,3.76e-06,3.78e-06,3.73e-06,3.74e-06,884114385894.0
2026-04-21 04:00:00+00:00,2026-04-21 07:59:59.999000+00:00,3.74e-06,3.81e-06,3.73e-06,3.77e-06,1116986495014.0
2026-04-21 08:00:00+00:00,2026-04-21 11:59:59.999000+00:00,3.78e-06,3.84e-06,3.77e-06,3.81e-06,1440123676439.0
2026-04-21 12:00:00+00:00,2026-04-21 15:59:59.999000+00:00,3.81e-06,3.83e-06,3.75e-06,3.78e-06,1721800335974.0
2026-04-21 16:00:00+00:00,2026-04-21 19:59:59.999000+00:00,3.79e-06,3.82e-06,3.7e-06,3.72e-06,2095134813622.0
2026-04-21 20:00:00+00:00,2026-04-21 23:59:59.999000+00:00,3.72e-06,3.83e-06,3.71e-06,3.81e-06,1677561433933.0
2026-04-22 00:00:00+00:00,2026-04-22 03:59:59.999000+00:00,3.82e-06,3.95e-06,3.78e-06,3.86e-06,2899907403663.0
2026-04-22 04:00:00+00:00,2026-04-22 07:59:59.999000+00:00,3.87e-06,3.94e-06,3.85e-06,3.89e-06,1970285987515.0
2026-04-22 08:00:00+00:00,2026-04-22 11:59:59.999000+00:00,3.89e-06,3.99e-06,3.87e-06,3.95e-06,1911948495105.0
2026-04-22 12:00:00+00:00,2026-04-22 15:59:59.999000+00:00,3.94e-06,3.97e-06,3.89e-06,3.94e-06,2250930965842.0
2026-04-22 16:00:00+00:00,2026-04-22 19:59:59.999000+00:00,3.93e-06,3.96e-06,3.84e-06,3.86e-06,1338022824294.0
2026-04-22 20:00:00+00:00,2026-04-22 23:59:59.999000+00:00,3.86e-06,3.88e-06,3.78e-06,3.79e-06,1113782044033.0
2026-04-23 00:00:00+00:00,2026-04-23 03:59:59.999000+00:00,3.8e-06,3.81e-06,3.72e-06,3.75e-06,2043812467366.0
2026-04-23 04:00:00+00:00,2026-04-23 07:59:59.999000+00:00,3.76e-06,3.83e-06,3.74e-06,3.8e-06,1165279520386.0
2026-04-23 08:00:00+00:00,2026-04-23 11:59:59.999000+00:00,3.79e-06,3.81e-06,3.73e-06,3.78e-06,1741911214034.0
2026-04-23 12:00:00+00:00,2026-04-23 15:59:59.999000+00:00,3.78e-06,3.85e-06,3.77e-06,3.83e-06,1476686387986.0
2026-04-23 16:00:00+00:00,2026-04-23 19:59:59.999000+00:00,3.83e-06,3.85e-06,3.7e-06,3.77e-06,2238762532664.0
2026-04-23 20:00:00+00:00,2026-04-23 23:59:59.999000+00:00,3.77e-06,3.84e-06,3.76e-06,3.82e-06,1018649203843.0
2026-04-24 00:00:00+00:00,2026-04-24 03:59:59.999000+00:00,3.83e-06,3.89e-06,3.8e-06,3.83e-06,1524165638260.0
2026-04-24 04:00:00+00:00,2026-04-24 07:59:59.999000+00:00,3.83e-06,3.86e-06,3.79e-06,3.83e-06,1011001329127.0
2026-04-24 08:00:00+00:00,2026-04-24 11:59:59.999000+00:00,3.83e-06,3.87e-06,3.79e-06,3.86e-06,1133640451477.0
2026-04-24 12:00:00+00:00,2026-04-24 15:59:59.999000+00:00,3.86e-06,3.89e-06,3.81e-06,3.89e-06,2170724178072.0
2026-04-24 16:00:00+00:00,2026-04-24 19:59:59.999000+00:00,3.89e-06,3.91e-06,3.85e-06,3.88e-06,1210226870166.0
2026-04-24 20:00:00+00:00,2026-04-24 23:59:59.999000+00:00,3.89e-06,3.93e-06,3.85e-06,3.87e-06,987910531017.0
2026-04-25 00:00:00+00:00,2026-04-25 03:59:59.999000+00:00,3.87e-06,3.9e-06,3.85e-06,3.88e-06,685459568277.0
2026-04-25 04:00:00+00:00,2026-04-25 07:59:59.999000+00:00,3.89e-06,3.9e-06,3.85e-06,3.86e-06,560028217339.0
2026-04-25 08:00:00+00:00,2026-04-25 11:59:59.999000+00:00,3.86e-06,3.9e-06,3.83e-06,3.84e-06,956373567191.0
2026-04-25 12:00:00+00:00,2026-04-25 15:59:59.999000+00:00,3.84e-06,3.86e-06,3.81e-06,3.82e-06,1154376998657.0
2026-04-25 16:00:00+00:00,2026-04-25 19:59:59.999000+00:00,3.82e-06,3.84e-06,3.78e-06,3.82e-06,978005987646.0
2026-04-25 20:00:00+00:00,2026-04-25 23:59:59.999000+00:00,3.82e-06,3.86e-06,3.8e-06,3.85e-06,441151548547.0
2026-04-26 00:00:00+00:00,2026-04-26 03:59:59.999000+00:00,3.85e-06,3.87e-06,3.81e-06,3.84e-06,831729632227.0
2026-04-26 04:00:00+00:00,2026-04-26 07:59:59.999000+00:00,3.84e-06,3.91e-06,3.82e-06,3.89e-06,1384601603268.0
2026-04-26 08:00:00+00:00,2026-04-26 11:59:59.999000+00:00,3.9e-06,3.95e-06,3.87e-06,3.94e-06,1277420036704.0
2026-04-26 12:00:00+00:00,2026-04-26 15:59:59.999000+00:00,3.94e-06,3.95e-06,3.88e-06,3.93e-06,935443001090.0
2026-04-26 16:00:00+00:00,2026-04-26 19:59:59.999000+00:00,3.93e-06,3.94e-06,3.88e-06,3.92e-06,1225994857539.0
2026-04-26 20:00:00+00:00,2026-04-26 23:59:59.999000+00:00,3.92e-06,3.94e-06,3.85e-06,3.9e-06,1429618706283.0
2026-04-27 00:00:00+00:00,2026-04-27 03:59:59.999000+00:00,3.9e-06,4.03e-06,3.88e-06,4e-06,2170759521001.0
2026-04-27 04:00:00+00:00,2026-04-27 07:59:59.999000+00:00,3.99e-06,4.01e-06,3.81e-06,3.83e-06,3261869760889.0
2026-04-27 08:00:00+00:00,2026-04-27 11:59:59.999000+00:00,3.83e-06,3.86e-06,3.81e-06,3.85e-06,938790534264.0
2026-04-27 12:00:00+00:00,2026-04-27 15:59:59.999000+00:00,3.86e-06,3.91e-06,3.76e-06,3.8e-06,2446260693743.0
2026-04-27 16:00:00+00:00,2026-04-27 19:59:59.999000+00:00,3.8e-06,3.84e-06,3.77e-06,3.82e-06,1268841638359.0
2026-04-27 20:00:00+00:00,2026-04-27 23:59:59.999000+00:00,3.82e-06,3.92e-06,3.81e-06,3.91e-06,1141234611212.0
2026-04-28 00:00:00+00:00,2026-04-28 03:59:59.999000+00:00,3.91e-06,3.91e-06,3.85e-06,3.87e-06,1022188012086.0
2026-04-28 04:00:00+00:00,2026-04-28 07:59:59.999000+00:00,3.87e-06,3.91e-06,3.82e-06,3.86e-06,1240366475162.0
2026-04-28 08:00:00+00:00,2026-04-28 11:59:59.999000+00:00,3.86e-06,3.89e-06,3.81e-06,3.83e-06,1150846429607.0
2026-04-28 12:00:00+00:00,2026-04-28 15:59:59.999000+00:00,3.83e-06,3.88e-06,3.81e-06,3.88e-06,1677803528679.0
2026-04-28 16:00:00+00:00,2026-04-28 19:59:59.999000+00:00,3.87e-06,3.91e-06,3.83e-06,3.89e-06,1365210051762.0
2026-04-28 20:00:00+00:00,2026-04-28 23:59:59.999000+00:00,3.9e-06,3.91e-06,3.86e-06,3.88e-06,746706321305.0
2026-04-29 00:00:00+00:00,2026-04-29 03:59:59.999000+00:00,3.87e-06,3.92e-06,3.86e-06,3.91e-06,997812113465.0
2026-04-29 04:00:00+00:00,2026-04-29 07:59:59.999000+00:00,3.91e-06,3.96e-06,3.89e-06,3.94e-06,1739574265062.0
2026-04-29 08:00:00+00:00,2026-04-29 11:59:59.999000+00:00,3.94e-06,4.17e-06,3.93e-06,4.11e-06,6867318128613.0
2026-04-29 12:00:00+00:00,2026-04-29 15:59:59.999000+00:00,4.11e-06,4.12e-06,3.81e-06,3.82e-06,5198245455821.0
2026-04-29 16:00:00+00:00,2026-04-29 19:59:59.999000+00:00,3.81e-06,3.89e-06,3.74e-06,3.81e-06,3555919246360.0
2026-04-29 20:00:00+00:00,2026-04-29 23:59:59.999000+00:00,3.81e-06,3.87e-06,3.79e-06,3.85e-06,1052147930302.0
2026-04-30 00:00:00+00:00,2026-04-30 03:59:59.999000+00:00,3.86e-06,3.95e-06,3.81e-06,3.86e-06,2484107972350.0
2026-04-30 04:00:00+00:00,2026-04-30 07:59:59.999000+00:00,3.86e-06,3.93e-06,3.8e-06,3.9e-06,1606934564986.0
2026-04-30 08:00:00+00:00,2026-04-30 11:59:59.999000+00:00,3.91e-06,3.95e-06,3.88e-06,3.89e-06,2347953698047.0
2026-04-30 12:00:00+00:00,2026-04-30 15:59:59.999000+00:00,3.89e-06,3.92e-06,3.83e-06,3.89e-06,1581180837909.0
2026-04-30 16:00:00+00:00,2026-04-30 19:59:59.999000+00:00,3.9e-06,3.9e-06,3.86e-06,3.89e-06,602291936523.0
2026-04-30 20:00:00+00:00,2026-04-30 23:59:59.999000+00:00,3.89e-06,3.89e-06,3.85e-06,3.88e-06,785386788677.0
2026-05-01 00:00:00+00:00,2026-05-01 03:59:59.999000+00:00,3.88e-06,3.99e-06,3.87e-06,3.94e-06,1710016425675.0
2026-05-01 04:00:00+00:00,2026-05-01 07:59:59.999000+00:00,3.95e-06,3.98e-06,3.9e-06,3.93e-06,1235951306382.0
2026-05-01 08:00:00+00:00,2026-05-01 11:59:59.999000+00:00,3.93e-06,3.95e-06,3.89e-06,3.93e-06,622579507279.0
2026-05-01 12:00:00+00:00,2026-05-01 15:59:59.999000+00:00,3.93e-06,4.03e-06,3.92e-06,4e-06,3086653607856.0
2026-05-01 16:00:00+00:00,2026-05-01 19:59:59.999000+00:00,4e-06,4.01e-06,3.96e-06,3.99e-06,1046361004588.0
2026-05-01 20:00:00+00:00,2026-05-01 23:59:59.999000+00:00,3.99e-06,3.99e-06,3.92e-06,3.94e-06,613316961061.0
2026-05-02 00:00:00+00:00,2026-05-02 03:59:59.999000+00:00,3.94e-06,3.95e-06,3.92e-06,3.94e-06,568448299900.0
2026-05-02 04:00:00+00:00,2026-05-02 07:59:59.999000+00:00,3.93e-06,3.95e-06,3.89e-06,3.94e-06,697507918911.0
2026-05-02 08:00:00+00:00,2026-05-02 11:59:59.999000+00:00,3.93e-06,3.95e-06,3.91e-06,3.92e-06,452188474840.0
2026-05-02 12:00:00+00:00,2026-05-02 15:59:59.999000+00:00,3.92e-06,3.98e-06,3.91e-06,3.98e-06,666705567337.0
2026-05-02 16:00:00+00:00,2026-05-02 19:59:59.999000+00:00,3.98e-06,4e-06,3.94e-06,3.98e-06,1086025182419.0
2026-05-02 20:00:00+00:00,2026-05-02 23:59:59.999000+00:00,3.98e-06,4.01e-06,3.96e-06,3.99e-06,1117787193311.0
2026-05-03 00:00:00+00:00,2026-05-03 03:59:59.999000+00:00,3.99e-06,4e-06,3.91e-06,3.95e-06,999542621920.0
2026-05-03 04:00:00+00:00,2026-05-03 07:59:59.999000+00:00,3.95e-06,3.96e-06,3.92e-06,3.94e-06,721005789018.0
2026-05-03 08:00:00+00:00,2026-05-03 11:59:59.999000+00:00,3.93e-06,3.97e-06,3.92e-06,3.96e-06,611509782178.0
2026-05-03 12:00:00+00:00,2026-05-03 15:59:59.999000+00:00,3.96e-06,3.98e-06,3.94e-06,3.96e-06,1068793606288.0
2026-05-03 16:00:00+00:00,2026-05-03 19:59:59.999000+00:00,3.95e-06,3.97e-06,3.93e-06,3.96e-06,476750538893.0
2026-05-03 20:00:00+00:00,2026-05-03 23:59:59.999000+00:00,3.96e-06,4e-06,3.92e-06,3.94e-06,1387644505001.0
2026-05-04 00:00:00+00:00,2026-05-04 03:59:59.999000+00:00,3.94e-06,4.1e-06,3.9e-06,4.09e-06,3969941563066.0
2026-05-04 04:00:00+00:00,2026-05-04 07:59:59.999000+00:00,4.1e-06,4.13e-06,3.98e-06,4.04e-06,2365365831280.0
2026-05-04 08:00:00+00:00,2026-05-04 11:59:59.999000+00:00,4.03e-06,4.07e-06,3.93e-06,3.99e-06,2474383208351.0
2026-05-04 12:00:00+00:00,2026-05-04 15:59:59.999000+00:00,3.99e-06,4.08e-06,3.96e-06,4.01e-06,2426527165133.0
2026-05-04 16:00:00+00:00,2026-05-04 19:59:59.999000+00:00,4.01e-06,4.07e-06,3.97e-06,4.01e-06,1969411678564.0
2026-05-04 20:00:00+00:00,2026-05-04 23:59:59.999000+00:00,4e-06,4.03e-06,3.97e-06,3.99e-06,1131971737922.0
2026-05-05 00:00:00+00:00,2026-05-05 03:59:59.999000+00:00,3.99e-06,4.06e-06,3.98e-06,4.03e-06,1338557510713.0
2026-05-05 04:00:00+00:00,2026-05-05 07:59:59.999000+00:00,4.04e-06,4.11e-06,4.02e-06,4.07e-06,2111402633297.0
2026-05-05 08:00:00+00:00,2026-05-05 11:59:59.999000+00:00,4.08e-06,4.1e-06,4.04e-06,4.09e-06,1421781792125.0
2026-05-05 12:00:00+00:00,2026-05-05 15:59:59.999000+00:00,4.09e-06,4.16e-06,4.06e-06,4.09e-06,3069692440533.0
2026-05-05 16:00:00+00:00,2026-05-05 19:59:59.999000+00:00,4.09e-06,4.13e-06,4.05e-06,4.13e-06,1910656445365.0
2026-05-05 20:00:00+00:00,2026-05-05 23:59:59.999000+00:00,4.12e-06,4.23e-06,4.09e-06,4.11e-06,4104656471267.0
2026-05-06 00:00:00+00:00,2026-05-06 03:59:59.999000+00:00,4.11e-06,4.26e-06,4.1e-06,4.23e-06,2108906745785.0
2026-05-06 04:00:00+00:00,2026-05-06 07:59:59.999000+00:00,4.24e-06,4.26e-06,4.18e-06,4.21e-06,2095533311266.0
2026-05-06 08:00:00+00:00,2026-05-06 11:59:59.999000+00:00,4.22e-06,4.28e-06,4.2e-06,4.26e-06,3183937543993.0
2026-05-06 12:00:00+00:00,2026-05-06 15:59:59.999000+00:00,4.25e-06,4.26e-06,4.08e-06,4.16e-06,3342888774809.0
2026-05-06 16:00:00+00:00,2026-05-06 19:59:59.999000+00:00,4.16e-06,4.18e-06,4.12e-06,4.15e-06,1575237307319.0
2026-05-06 20:00:00+00:00,2026-05-06 23:59:59.999000+00:00,4.14e-06,4.19e-06,4.11e-06,4.16e-06,1074839145668.0
2026-05-07 00:00:00+00:00,2026-05-07 03:59:59.999000+00:00,4.16e-06,4.17e-06,4.07e-06,4.09e-06,1354422198642.0
2026-05-07 04:00:00+00:00,2026-05-07 07:59:59.999000+00:00,4.09e-06,4.26e-06,4.08e-06,4.24e-06,2230118370103.0
2026-05-07 08:00:00+00:00,2026-05-07 11:59:59.999000+00:00,4.24e-06,4.25e-06,4.15e-06,4.19e-06,1326821097226.0
2026-05-07 12:00:00+00:00,2026-05-07 15:59:59.999000+00:00,4.18e-06,4.28e-06,4.09e-06,4.12e-06,3143090946925.0
2026-05-07 16:00:00+00:00,2026-05-07 19:59:59.999000+00:00,4.12e-06,4.21e-06,4.1e-06,4.15e-06,1536808558728.0
2026-05-07 20:00:00+00:00,2026-05-07 23:59:59.999000+00:00,4.15e-06,4.18e-06,4.11e-06,4.15e-06,882466411074.0
2026-05-08 00:00:00+00:00,2026-05-08 03:59:59.999000+00:00,4.16e-06,4.17e-06,4.08e-06,4.13e-06,1285233516296.0
2026-05-08 04:00:00+00:00,2026-05-08 07:59:59.999000+00:00,4.13e-06,4.15e-06,4.1e-06,4.14e-06,1397530703187.0
2026-05-08 08:00:00+00:00,2026-05-08 11:59:59.999000+00:00,4.14e-06,4.23e-06,4.13e-06,4.2e-06,1512563122614.0
2026-05-08 12:00:00+00:00,2026-05-08 15:59:59.999000+00:00,4.2e-06,4.29e-06,4.14e-06,4.28e-06,2740767188700.0
2026-05-08 16:00:00+00:00,2026-05-08 19:59:59.999000+00:00,4.28e-06,4.37e-06,4.23e-06,4.33e-06,2838391248644.0
2026-05-08 20:00:00+00:00,2026-05-08 23:59:59.999000+00:00,4.34e-06,4.35e-06,4.29e-06,4.32e-06,1144323612345.0
2026-05-09 00:00:00+00:00,2026-05-09 03:59:59.999000+00:00,4.32e-06,4.37e-06,4.3e-06,4.33e-06,951542068340.0
2026-05-09 04:00:00+00:00,2026-05-09 07:59:59.999000+00:00,4.33e-06,4.37e-06,4.29e-06,4.31e-06,1365152267372.0
2026-05-09 08:00:00+00:00,2026-05-09 11:59:59.999000+00:00,4.31e-06,4.33e-06,4.28e-06,4.32e-06,805306633448.0
2026-05-09 12:00:00+00:00,2026-05-09 15:59:59.999000+00:00,4.32e-06,4.33e-06,4.23e-06,4.25e-06,1322234333088.0
2026-05-09 16:00:00+00:00,2026-05-09 19:59:59.999000+00:00,4.25e-06,4.29e-06,4.23e-06,4.28e-06,671647964834.0
2026-05-09 20:00:00+00:00,2026-05-09 23:59:59.999000+00:00,4.28e-06,4.28e-06,4.23e-06,4.25e-06,488679804830.0
2026-05-10 00:00:00+00:00,2026-05-10 03:59:59.999000+00:00,4.25e-06,4.26e-06,4.19e-06,4.23e-06,1732026077444.0
2026-05-10 04:00:00+00:00,2026-05-10 07:59:59.999000+00:00,4.22e-06,4.26e-06,4.22e-06,4.23e-06,625080533516.0
2026-05-10 08:00:00+00:00,2026-05-10 11:59:59.999000+00:00,4.24e-06,4.29e-06,4.23e-06,4.26e-06,1135815454668.0
2026-05-10 12:00:00+00:00,2026-05-10 15:59:59.999000+00:00,4.26e-06,4.32e-06,4.24e-06,4.32e-06,1066217176872.0
2026-05-10 16:00:00+00:00,2026-05-10 19:59:59.999000+00:00,4.31e-06,4.59e-06,4.31e-06,4.48e-06,5828648897417.0
2026-05-10 20:00:00+00:00,2026-05-10 23:59:59.999000+00:00,4.49e-06,4.52e-06,4.27e-06,4.41e-06,3844217600015.0
2026-05-11 00:00:00+00:00,2026-05-11 03:59:59.999000+00:00,4.42e-06,4.43e-06,4.26e-06,4.29e-06,2635477711118.0
2026-05-11 04:00:00+00:00,2026-05-11 07:59:59.999000+00:00,4.3e-06,4.36e-06,4.28e-06,4.32e-06,1384100775368.0
2026-05-11 08:00:00+00:00,2026-05-11 11:59:59.999000+00:00,4.31e-06,4.36e-06,4.3e-06,4.33e-06,1305471051726.0
2026-05-11 12:00:00+00:00,2026-05-11 15:59:59.999000+00:00,4.33e-06,4.36e-06,4.26e-06,4.34e-06,2566422393234.0
2026-05-11 16:00:00+00:00,2026-05-11 19:59:59.999000+00:00,4.35e-06,4.39e-06,4.32e-06,4.38e-06,1382373153203.0
2026-05-11 20:00:00+00:00,2026-05-11 23:59:59.999000+00:00,4.38e-06,4.39e-06,4.32e-06,4.35e-06,1221135036779.0
2026-05-12 00:00:00+00:00,2026-05-12 03:59:59.999000+00:00,4.35e-06,4.36e-06,4.25e-06,4.28e-06,1553424204525.0
2026-05-12 04:00:00+00:00,2026-05-12 07:59:59.999000+00:00,4.28e-06,4.31e-06,4.25e-06,4.27e-06,879366112972.0
2026-05-12 08:00:00+00:00,2026-05-12 11:59:59.999000+00:00,4.27e-06,4.28e-06,4.18e-06,4.21e-06,1606581952703.0
2026-05-12 12:00:00+00:00,2026-05-12 15:59:59.999000+00:00,4.2e-06,4.22e-06,4.07e-06,4.1e-06,2724489761555.0
2026-05-12 16:00:00+00:00,2026-05-12 19:59:59.999000+00:00,4.1e-06,4.16e-06,4.06e-06,4.15e-06,1637780786399.0
2026-05-12 20:00:00+00:00,2026-05-12 23:59:59.999000+00:00,4.15e-06,4.19e-06,4.13e-06,4.14e-06,622967266384.0
2026-05-13 00:00:00+00:00,2026-05-13 03:59:59.999000+00:00,4.15e-06,4.21e-06,4.13e-06,4.2e-06,1058511071306.0
2026-05-13 04:00:00+00:00,2026-05-13 07:59:59.999000+00:00,4.19e-06,4.23e-06,4.16e-06,4.19e-06,798737783644.0
2026-05-13 08:00:00+00:00,2026-05-13 11:59:59.999000+00:00,4.19e-06,4.27e-06,4.15e-06,4.17e-06,1199709010625.0
2026-05-13 12:00:00+00:00,2026-05-13 15:59:59.999000+00:00,4.16e-06,4.18e-06,3.98e-06,3.99e-06,2445619420897.0
2026-05-13 16:00:00+00:00,2026-05-13 19:59:59.999000+00:00,4e-06,4.11e-06,3.99e-06,4.06e-06,931021033075.0
2026-05-13 20:00:00+00:00,2026-05-13 23:59:59.999000+00:00,4.06e-06,4.08e-06,4.02e-06,4.05e-06,621339990701.0
2026-05-14 00:00:00+00:00,2026-05-14 03:59:59.999000+00:00,4.06e-06,4.1e-06,4e-06,4.02e-06,950105023163.0
2026-05-14 04:00:00+00:00,2026-05-14 07:59:59.999000+00:00,4.02e-06,4.09e-06,4e-06,4.04e-06,1145217073808.0
2026-05-14 08:00:00+00:00,2026-05-14 11:59:59.999000+00:00,4.04e-06,4.06e-06,4e-06,4.01e-06,876948780723.0
2026-05-14 12:00:00+00:00,2026-05-14 15:59:59.999000+00:00,4e-06,4.13e-06,3.99e-06,4.11e-06,2215008883869.0
2026-05-14 16:00:00+00:00,2026-05-14 19:59:59.999000+00:00,4.12e-06,4.22e-06,4.09e-06,4.16e-06,2531635753298.0
2026-05-14 20:00:00+00:00,2026-05-14 23:59:59.999000+00:00,4.16e-06,4.18e-06,4.08e-06,4.1e-06,1127556910390.0
2026-05-15 00:00:00+00:00,2026-05-15 03:59:59.999000+00:00,4.1e-06,4.13e-06,4.05e-06,4.09e-06,932436180189.0
2026-05-15 04:00:00+00:00,2026-05-15 07:59:59.999000+00:00,4.08e-06,4.09e-06,3.97e-06,4.05e-06,2950541344862.0
2026-05-15 08:00:00+00:00,2026-05-15 11:59:59.999000+00:00,4.04e-06,4.06e-06,4.01e-06,4.03e-06,722039762374.0
2026-05-15 12:00:00+00:00,2026-05-15 15:59:59.999000+00:00,4.02e-06,4.03e-06,3.82e-06,3.87e-06,2884554547363.0
2026-05-15 16:00:00+00:00,2026-05-15 19:59:59.999000+00:00,3.86e-06,3.95e-06,3.86e-06,3.92e-06,987865811550.0
2026-05-15 20:00:00+00:00,2026-05-15 23:59:59.999000+00:00,3.92e-06,3.92e-06,3.88e-06,3.91e-06,596646779798.0
2026-05-16 00:00:00+00:00,2026-05-16 03:59:59.999000+00:00,3.9e-06,3.92e-06,3.88e-06,3.9e-06,596355404130.0
2026-05-16 04:00:00+00:00,2026-05-16 07:59:59.999000+00:00,3.89e-06,3.9e-06,3.73e-06,3.79e-06,1490180314800.0
2026-05-16 08:00:00+00:00,2026-05-16 11:59:59.999000+00:00,3.79e-06,3.8e-06,3.69e-06,3.75e-06,1459922385879.0
2026-05-16 12:00:00+00:00,2026-05-16 15:59:59.999000+00:00,3.75e-06,3.78e-06,3.72e-06,3.77e-06,629211645213.0
2026-05-16 16:00:00+00:00,2026-05-16 19:59:59.999000+00:00,3.77e-06,3.8e-06,3.76e-06,3.77e-06,417338970085.0
2026-05-16 20:00:00+00:00,2026-05-16 23:59:59.999000+00:00,3.77e-06,3.79e-06,3.75e-06,3.76e-06,457552407950.0
2026-05-17 00:00:00+00:00,2026-05-17 03:59:59.999000+00:00,3.77e-06,3.78e-06,3.71e-06,3.77e-06,650548767614.0
2026-05-17 04:00:00+00:00,2026-05-17 07:59:59.999000+00:00,3.77e-06,3.8e-06,3.76e-06,3.79e-06,829975856050.0
2026-05-17 08:00:00+00:00,2026-05-17 11:59:59.999000+00:00,3.79e-06,3.81e-06,3.76e-06,3.78e-06,621420685086.0
2026-05-17 12:00:00+00:00,2026-05-17 15:59:59.999000+00:00,3.78e-06,3.79e-06,3.72e-06,3.74e-06,803047237490.0
2026-05-17 16:00:00+00:00,2026-05-17 19:59:59.999000+00:00,3.73e-06,3.78e-06,3.69e-06,3.76e-06,653783995900.0
2026-05-17 20:00:00+00:00,2026-05-17 23:59:59.999000+00:00,3.77e-06,3.77e-06,3.54e-06,3.68e-06,2844975246650.0
2026-05-18 00:00:00+00:00,2026-05-18 03:59:59.999000+00:00,3.67e-06,3.7e-06,3.63e-06,3.65e-06,1036244584445.0
2026-05-18 04:00:00+00:00,2026-05-18 07:59:59.999000+00:00,3.65e-06,3.69e-06,3.61e-06,3.63e-06,962220087445.0
2026-05-18 08:00:00+00:00,2026-05-18 11:59:59.999000+00:00,3.64e-06,3.68e-06,3.6e-06,3.64e-06,716267731275.0
2026-05-18 12:00:00+00:00,2026-05-18 15:59:59.999000+00:00,3.65e-06,3.69e-06,3.59e-06,3.63e-06,1923013330889.0
2026-05-18 16:00:00+00:00,2026-05-18 19:59:59.999000+00:00,3.63e-06,3.7e-06,3.59e-06,3.69e-06,1177729042427.0
2026-05-18 20:00:00+00:00,2026-05-18 23:59:59.999000+00:00,3.69e-06,3.72e-06,3.66e-06,3.7e-06,874471494026.0
2026-05-19 00:00:00+00:00,2026-05-19 03:59:59.999000+00:00,3.7e-06,3.74e-06,3.66e-06,3.68e-06,527107922003.0
2026-05-19 04:00:00+00:00,2026-05-19 07:59:59.999000+00:00,3.69e-06,3.72e-06,3.66e-06,3.71e-06,448365534346.0
2026-05-19 08:00:00+00:00,2026-05-19 11:59:59.999000+00:00,3.7e-06,3.71e-06,3.64e-06,3.66e-06,655290040963.0
2026-05-19 12:00:00+00:00,2026-05-19 15:59:59.999000+00:00,3.65e-06,3.7e-06,3.62e-06,3.65e-06,913725172398.0
2026-05-19 16:00:00+00:00,2026-05-19 19:59:59.999000+00:00,3.65e-06,3.68e-06,3.63e-06,3.63e-06,500891156736.0
2026-05-19 20:00:00+00:00,2026-05-19 23:59:59.999000+00:00,3.64e-06,3.67e-06,3.62e-06,3.65e-06,335850453229.0
2026-05-20 00:00:00+00:00,2026-05-20 03:59:59.999000+00:00,3.65e-06,3.67e-06,3.62e-06,3.66e-06,458115454446.0
2026-05-20 04:00:00+00:00,2026-05-20 07:59:59.999000+00:00,3.65e-06,3.7e-06,3.64e-06,3.68e-06,448167430472.0
2026-05-20 08:00:00+00:00,2026-05-20 11:59:59.999000+00:00,3.67e-06,3.7e-06,3.67e-06,3.68e-06,470914146235.0
2026-05-20 12:00:00+00:00,2026-05-20 15:59:59.999000+00:00,3.68e-06,3.74e-06,3.65e-06,3.72e-06,1042049873811.0
2026-05-20 16:00:00+00:00,2026-05-20 19:59:59.999000+00:00,3.73e-06,3.76e-06,3.69e-06,3.74e-06,789888406192.0
2026-05-20 20:00:00+00:00,2026-05-20 23:59:59.999000+00:00,3.74e-06,3.74e-06,3.68e-06,3.72e-06,430744720244.0
2026-05-21 00:00:00+00:00,2026-05-21 03:59:59.999000+00:00,3.72e-06,3.79e-06,3.71e-06,3.78e-06,533993385811.0
2026-05-21 04:00:00+00:00,2026-05-21 07:59:59.999000+00:00,3.78e-06,3.79e-06,3.74e-06,3.78e-06,702559850436.0
2026-05-21 08:00:00+00:00,2026-05-21 11:59:59.999000+00:00,3.77e-06,3.81e-06,3.7e-06,3.73e-06,858993535308.0
2026-05-21 12:00:00+00:00,2026-05-21 15:59:59.999000+00:00,3.73e-06,3.78e-06,3.71e-06,3.76e-06,808032431284.0
2026-05-21 16:00:00+00:00,2026-05-21 19:59:59.999000+00:00,3.76e-06,3.83e-06,3.73e-06,3.82e-06,1472537616138.0
2026-05-21 20:00:00+00:00,2026-05-21 23:59:59.999000+00:00,3.82e-06,3.84e-06,3.79e-06,3.81e-06,416532479128.0
2026-05-22 00:00:00+00:00,2026-05-22 03:59:59.999000+00:00,3.81e-06,3.82e-06,3.76e-06,3.79e-06,416662301264.0
2026-05-22 04:00:00+00:00,2026-05-22 07:59:59.999000+00:00,3.8e-06,3.81e-06,3.76e-06,3.79e-06,443598500412.0
2026-05-22 08:00:00+00:00,2026-05-22 11:59:59.999000+00:00,3.8e-06,3.82e-06,3.77e-06,3.81e-06,588944251570.0
2026-05-22 12:00:00+00:00,2026-05-22 15:59:59.999000+00:00,3.8e-06,3.83e-06,3.73e-06,3.77e-06,1162110534973.0
2026-05-22 16:00:00+00:00,2026-05-22 19:59:59.999000+00:00,3.76e-06,3.79e-06,3.64e-06,3.67e-06,1519971442724.0
2026-05-22 20:00:00+00:00,2026-05-22 23:59:59.999000+00:00,3.67e-06,3.7e-06,3.57e-06,3.61e-06,876433823536.0
2026-05-23 00:00:00+00:00,2026-05-23 03:59:59.999000+00:00,3.6e-06,3.63e-06,3.58e-06,3.62e-06,659172575428.0
2026-05-23 04:00:00+00:00,2026-05-23 07:59:59.999000+00:00,3.62e-06,3.63e-06,3.44e-06,3.49e-06,1713594047873.0
2026-05-23 08:00:00+00:00,2026-05-23 11:59:59.999000+00:00,3.49e-06,3.5e-06,3.46e-06,3.48e-06,1083134120537.0
2026-05-23 12:00:00+00:00,2026-05-23 15:59:59.999000+00:00,3.48e-06,3.59e-06,3.46e-06,3.58e-06,1235154901182.0
2026-05-23 16:00:00+00:00,2026-05-23 19:59:59.999000+00:00,3.58e-06,3.64e-06,3.55e-06,3.62e-06,851879599004.0
2026-05-23 20:00:00+00:00,2026-05-23 23:59:59.999000+00:00,3.62e-06,3.76e-06,3.61e-06,3.65e-06,1803193093162.0
2026-05-24 00:00:00+00:00,2026-05-24 03:59:59.999000+00:00,3.65e-06,3.66e-06,3.61e-06,3.63e-06,480858731292.0
2026-05-24 04:00:00+00:00,2026-05-24 07:59:59.999000+00:00,3.62e-06,3.64e-06,3.6e-06,3.61e-06,477354816011.0
2026-05-24 08:00:00+00:00,2026-05-24 11:59:59.999000+00:00,3.61e-06,3.66e-06,3.61e-06,3.63e-06,427141565912.0
2026-05-24 12:00:00+00:00,2026-05-24 15:59:59.999000+00:00,3.63e-06,3.63e-06,3.52e-06,3.58e-06,698660885881.0
2026-05-24 16:00:00+00:00,2026-05-24 19:59:59.999000+00:00,3.58e-06,3.6e-06,3.57e-06,3.58e-06,381602119777.0
2026-05-24 20:00:00+00:00,2026-05-24 23:59:59.999000+00:00,3.58e-06,3.59e-06,3.51e-06,3.58e-06,982870765509.0
2026-05-25 00:00:00+00:00,2026-05-25 03:59:59.999000+00:00,3.58e-06,3.6e-06,3.54e-06,3.55e-06,481982445932.0
2026-05-25 04:00:00+00:00,2026-05-25 07:59:59.999000+00:00,3.56e-06,3.62e-06,3.55e-06,3.6e-06,476884242677.0
2026-05-25 08:00:00+00:00,2026-05-25 11:59:59.999000+00:00,3.61e-06,3.63e-06,3.59e-06,3.61e-06,338597323162.0
2026-05-25 12:00:00+00:00,2026-05-25 15:59:59.999000+00:00,3.6e-06,3.66e-06,3.6e-06,3.64e-06,715741375499.0
2026-05-25 16:00:00+00:00,2026-05-25 19:59:59.999000+00:00,3.65e-06,3.66e-06,3.6e-06,3.61e-06,711620599387.0
2026-05-25 20:00:00+00:00,2026-05-25 23:59:59.999000+00:00,3.62e-06,3.63e-06,3.56e-06,3.6e-06,436740136385.0
2026-05-26 00:00:00+00:00,2026-05-26 03:59:59.999000+00:00,3.6e-06,3.6e-06,3.52e-06,3.54e-06,1053296450732.0
2026-05-26 04:00:00+00:00,2026-05-26 07:59:59.999000+00:00,3.54e-06,3.59e-06,3.53e-06,3.55e-06,495261021274.0
2026-05-26 08:00:00+00:00,2026-05-26 11:59:59.999000+00:00,3.56e-06,3.64e-06,3.55e-06,3.62e-06,869169374267.0
2026-05-26 12:00:00+00:00,2026-05-26 15:59:59.999000+00:00,3.62e-06,3.65e-06,3.54e-06,3.58e-06,1224874186447.0
2026-05-26 16:00:00+00:00,2026-05-26 19:59:59.999000+00:00,3.58e-06,3.58e-06,3.49e-06,3.53e-06,1387914619858.0
2026-05-26 20:00:00+00:00,2026-05-26 23:59:59.999000+00:00,3.53e-06,3.53e-06,3.49e-06,3.52e-06,638021358702.0
2026-05-27 00:00:00+00:00,2026-05-27 03:59:59.999000+00:00,3.52e-06,3.55e-06,3.5e-06,3.51e-06,687885289057.0
2026-05-27 04:00:00+00:00,2026-05-27 07:59:59.999000+00:00,3.51e-06,3.56e-06,3.41e-06,3.53e-06,1285498763177.0
2026-05-27 08:00:00+00:00,2026-05-27 11:59:59.999000+00:00,3.54e-06,3.55e-06,3.51e-06,3.53e-06,481610596340.0
2026-05-27 12:00:00+00:00,2026-05-27 15:59:59.999000+00:00,3.53e-06,3.6e-06,3.49e-06,3.57e-06,2216511663294.0
2026-05-27 16:00:00+00:00,2026-05-27 19:59:59.999000+00:00,3.57e-06,3.59e-06,3.49e-06,3.54e-06,1112734118170.0
2026-05-27 20:00:00+00:00,2026-05-27 23:59:59.999000+00:00,3.54e-06,3.55e-06,3.43e-06,3.48e-06,789818735497.0
2026-05-28 00:00:00+00:00,2026-05-28 03:59:59.999000+00:00,3.48e-06,3.49e-06,3.37e-06,3.39e-06,1373571665411.0
2026-05-28 04:00:00+00:00,2026-05-28 07:59:59.999000+00:00,3.39e-06,3.39e-06,3.29e-06,3.37e-06,1757367063091.0
2026-05-28 08:00:00+00:00,2026-05-28 11:59:59.999000+00:00,3.37e-06,3.38e-06,3.31e-06,3.32e-06,573009654087.0
2026-05-28 12:00:00+00:00,2026-05-28 15:59:59.999000+00:00,3.32e-06,3.36e-06,3.28e-06,3.34e-06,1127854736233.0
2026-05-28 16:00:00+00:00,2026-05-28 19:59:59.999000+00:00,3.33e-06,3.44e-06,3.32e-06,3.39e-06,945114213383.0
2026-05-28 20:00:00+00:00,2026-05-28 23:59:59.999000+00:00,3.39e-06,3.43e-06,3.37e-06,3.39e-06,650067114200.0
2026-05-29 00:00:00+00:00,2026-05-29 03:59:59.999000+00:00,3.39e-06,3.41e-06,3.37e-06,3.37e-06,342270604988.0
2026-05-29 04:00:00+00:00,2026-05-29 07:59:59.999000+00:00,3.38e-06,3.43e-06,3.35e-06,3.39e-06,433161514100.0
2026-05-29 08:00:00+00:00,2026-05-29 11:59:59.999000+00:00,3.4e-06,3.42e-06,3.34e-06,3.36e-06,404754932912.0
2026-05-29 12:00:00+00:00,2026-05-29 15:59:59.999000+00:00,3.37e-06,3.46e-06,3.31e-06,3.42e-06,2057480882921.0
2026-05-29 16:00:00+00:00,2026-05-29 19:59:59.999000+00:00,3.43e-06,3.45e-06,3.36e-06,3.39e-06,762168315920.0
2026-05-29 20:00:00+00:00,2026-05-29 23:59:59.999000+00:00,3.4e-06,3.41e-06,3.37e-06,3.39e-06,361586793207.0
2026-05-30 00:00:00+00:00,2026-05-30 03:59:59.999000+00:00,3.39e-06,3.46e-06,3.37e-06,3.43e-06,622678939713.0
2026-05-30 04:00:00+00:00,2026-05-30 07:59:59.999000+00:00,3.43e-06,3.45e-06,3.38e-06,3.43e-06,619864992113.0
2026-05-30 08:00:00+00:00,2026-05-30 11:59:59.999000+00:00,3.43e-06,3.43e-06,3.4e-06,3.42e-06,323841602583.0
2026-05-30 12:00:00+00:00,2026-05-30 15:59:59.999000+00:00,3.42e-06,3.45e-06,3.4e-06,3.43e-06,315905907104.0
2026-05-30 16:00:00+00:00,2026-05-30 19:59:59.999000+00:00,3.44e-06,3.46e-06,3.42e-06,3.45e-06,354756209811.0
2026-05-30 20:00:00+00:00,2026-05-30 23:59:59.999000+00:00,3.45e-06,3.45e-06,3.39e-06,3.41e-06,397983168068.0
2026-05-31 00:00:00+00:00,2026-05-31 03:59:59.999000+00:00,3.41e-06,3.46e-06,3.4e-06,3.46e-06,369997473063.0
2026-05-31 04:00:00+00:00,2026-05-31 07:59:59.999000+00:00,3.45e-06,3.48e-06,3.41e-06,3.43e-06,581268661920.0
2026-05-31 08:00:00+00:00,2026-05-31 11:59:59.999000+00:00,3.43e-06,3.45e-06,3.41e-06,3.43e-06,206234738888.0
2026-05-31 12:00:00+00:00,2026-05-31 15:59:59.999000+00:00,3.43e-06,3.45e-06,3.36e-06,3.38e-06,1457427656433.0
2026-05-31 16:00:00+00:00,2026-05-31 19:59:59.999000+00:00,3.38e-06,3.39e-06,3.34e-06,3.36e-06,785430700277.0
2026-05-31 20:00:00+00:00,2026-05-31 23:59:59.999000+00:00,3.37e-06,3.45e-06,3.37e-06,3.43e-06,652382599044.0
2026-06-01 00:00:00+00:00,2026-06-01 03:59:59.999000+00:00,3.43e-06,3.45e-06,3.37e-06,3.44e-06,793987046589.0
2026-06-01 04:00:00+00:00,2026-06-01 07:59:59.999000+00:00,3.44e-06,3.45e-06,3.33e-06,3.34e-06,1049371962882.0
2026-06-01 08:00:00+00:00,2026-06-01 11:59:59.999000+00:00,3.35e-06,3.38e-06,3.33e-06,3.36e-06,656682796602.0
2026-06-01 12:00:00+00:00,2026-06-01 15:59:59.999000+00:00,3.35e-06,3.37e-06,3.31e-06,3.35e-06,1647735251995.0
2026-06-01 16:00:00+00:00,2026-06-01 19:59:59.999000+00:00,3.35e-06,3.43e-06,3.32e-06,3.42e-06,1220075350224.0
2026-06-01 20:00:00+00:00,2026-06-01 23:59:59.999000+00:00,3.42e-06,3.43e-06,3.36e-06,3.42e-06,681124913552.0
2026-06-02 00:00:00+00:00,2026-06-02 03:59:59.999000+00:00,3.42e-06,3.42e-06,3.33e-06,3.4e-06,836203735402.0
2026-06-02 04:00:00+00:00,2026-06-02 07:59:59.999000+00:00,3.4e-06,3.41e-06,3.3e-06,3.33e-06,815407191694.0
2026-06-02 08:00:00+00:00,2026-06-02 11:59:59.999000+00:00,3.33e-06,3.35e-06,3.31e-06,3.32e-06,734547531758.0
2026-06-02 12:00:00+00:00,2026-06-02 15:59:59.999000+00:00,3.32e-06,3.35e-06,3.14e-06,3.19e-06,2839697512215.0
2026-06-02 16:00:00+00:00,2026-06-02 19:59:59.999000+00:00,3.19e-06,3.25e-06,3.09e-06,3.17e-06,2022744082216.0
2026-06-02 20:00:00+00:00,2026-06-02 23:59:59.999000+00:00,3.16e-06,3.2e-06,3.04e-06,3.12e-06,1771649847363.0
2026-06-03 00:00:00+00:00,2026-06-03 03:59:59.999000+00:00,3.12e-06,3.15e-06,3.04e-06,3.07e-06,1199512924411.0
2026-06-03 04:00:00+00:00,2026-06-03 07:59:59.999000+00:00,3.07e-06,3.24e-06,3.06e-06,3.22e-06,1068186633092.0
2026-06-03 08:00:00+00:00,2026-06-03 11:59:59.999000+00:00,3.22e-06,3.25e-06,3.2e-06,3.21e-06,789387458089.0
2026-06-03 12:00:00+00:00,2026-06-03 15:59:59.999000+00:00,3.22e-06,3.23e-06,3.16e-06,3.17e-06,1307618926379.0
2026-06-03 16:00:00+00:00,2026-06-03 19:59:59.999000+00:00,3.16e-06,3.2e-06,3.1e-06,3.13e-06,1447353367361.0
2026-06-03 20:00:00+00:00,2026-06-03 23:59:59.999000+00:00,3.13e-06,3.2e-06,3.08e-06,3.12e-06,1423419211341.0
2026-06-04 00:00:00+00:00,2026-06-04 03:59:59.999000+00:00,3.13e-06,3.15e-06,2.85e-06,3.1e-06,3936160271113.0
2026-06-04 04:00:00+00:00,2026-06-04 07:59:59.999000+00:00,3.11e-06,3.12e-06,2.99e-06,3e-06,1626739408548.0
2026-06-04 08:00:00+00:00,2026-06-04 11:59:59.999000+00:00,3e-06,3.02e-06,2.9e-06,2.97e-06,1725234838777.0
2026-06-04 12:00:00+00:00,2026-06-04 15:59:59.999000+00:00,2.97e-06,3.04e-06,2.93e-06,3.02e-06,1578611867349.0
2026-06-04 16:00:00+00:00,2026-06-04 19:59:59.999000+00:00,3.01e-06,3.04e-06,2.96e-06,3e-06,1167123470179.0
2026-06-04 20:00:00+00:00,2026-06-04 23:59:59.999000+00:00,3e-06,3e-06,2.88e-06,2.96e-06,1419181844333.0
2026-06-05 00:00:00+00:00,2026-06-05 03:59:59.999000+00:00,2.95e-06,2.97e-06,2.86e-06,2.87e-06,1707575603864.0
2026-06-05 04:00:00+00:00,2026-06-05 07:59:59.999000+00:00,2.87e-06,2.93e-06,2.68e-06,2.8e-06,3705432920940.0
2026-06-05 08:00:00+00:00,2026-06-05 11:59:59.999000+00:00,2.8e-06,2.82e-06,2.73e-06,2.78e-06,1701004103808.0
2026-06-05 12:00:00+00:00,2026-06-05 15:59:59.999000+00:00,2.78e-06,2.83e-06,2.66e-06,2.7e-06,2910891933436.0
2026-06-05 16:00:00+00:00,2026-06-05 19:59:59.999000+00:00,2.69e-06,2.8e-06,2.6e-06,2.69e-06,3086586560057.0
2026-06-05 20:00:00+00:00,2026-06-05 23:59:59.999000+00:00,2.68e-06,2.78e-06,2.64e-06,2.7e-06,2246738197295.0
2026-06-06 00:00:00+00:00,2026-06-06 03:59:59.999000+00:00,2.7e-06,2.75e-06,2.64e-06,2.66e-06,1425843551486.0
2026-06-06 04:00:00+00:00,2026-06-06 07:59:59.999000+00:00,2.66e-06,2.7e-06,2.51e-06,2.67e-06,3669252421863.0
2026-06-06 08:00:00+00:00,2026-06-06 11:59:59.999000+00:00,2.68e-06,2.74e-06,2.62e-06,2.67e-06,2065949560470.0
2026-06-06 12:00:00+00:00,2026-06-06 15:59:59.999000+00:00,2.67e-06,2.72e-06,2.64e-06,2.67e-06,1570204491116.0
2026-06-06 16:00:00+00:00,2026-06-06 19:59:59.999000+00:00,2.67e-06,2.69e-06,2.63e-06,2.65e-06,1332012060262.0
2026-06-06 20:00:00+00:00,2026-06-06 23:59:59.999000+00:00,2.65e-06,2.69e-06,2.63e-06,2.69e-06,897399626678.0
2026-06-07 00:00:00+00:00,2026-06-07 03:59:59.999000+00:00,2.68e-06,2.77e-06,2.67e-06,2.72e-06,1892318630361.0
2026-06-07 04:00:00+00:00,2026-06-07 07:59:59.999000+00:00,2.73e-06,2.77e-06,2.7e-06,2.76e-06,1262041966037.0
2026-06-07 08:00:00+00:00,2026-06-07 11:59:59.999000+00:00,2.76e-06,2.82e-06,2.74e-06,2.77e-06,1475066897292.0
2026-06-07 12:00:00+00:00,2026-06-07 15:59:59.999000+00:00,2.78e-06,2.79e-06,2.71e-06,2.76e-06,1497144753358.0
2026-06-07 16:00:00+00:00,2026-06-07 19:59:59.999000+00:00,2.77e-06,2.8e-06,2.69e-06,2.7e-06,1136985979960.0
2026-06-07 20:00:00+00:00,2026-06-07 23:59:59.999000+00:00,2.71e-06,2.89e-06,2.69e-06,2.81e-06,2206810334625.0
2026-06-08 00:00:00+00:00,2026-06-08 03:59:59.999000+00:00,2.82e-06,2.84e-06,2.76e-06,2.81e-06,1131348537848.0
2026-06-08 04:00:00+00:00,2026-06-08 07:59:59.999000+00:00,2.81e-06,2.82e-06,2.74e-06,2.8e-06,813904575677.0
2026-06-08 08:00:00+00:00,2026-06-08 11:59:59.999000+00:00,2.8e-06,2.84e-06,2.76e-06,2.83e-06,1265974103444.0
2026-06-08 12:00:00+00:00,2026-06-08 15:59:59.999000+00:00,2.83e-06,2.87e-06,2.79e-06,2.84e-06,1340191824875.0
2026-06-08 16:00:00+00:00,2026-06-08 19:59:59.999000+00:00,2.83e-06,2.86e-06,2.81e-06,2.83e-06,884876291042.0
2026-06-08 20:00:00+00:00,2026-06-08 23:59:59.999000+00:00,2.83e-06,2.87e-06,2.8e-06,2.81e-06,1212333022616.0
2026-06-09 00:00:00+00:00,2026-06-09 03:59:59.999000+00:00,2.81e-06,2.83e-06,2.75e-06,2.78e-06,1237241301376.0
2026-06-09 04:00:00+00:00,2026-06-09 07:59:59.999000+00:00,2.77e-06,2.85e-06,2.77e-06,2.81e-06,965277287424.0
2026-06-09 08:00:00+00:00,2026-06-09 11:59:59.999000+00:00,2.82e-06,2.82e-06,2.77e-06,2.8e-06,746175308225.0
2026-06-09 12:00:00+00:00,2026-06-09 15:59:59.999000+00:00,2.8e-06,2.83e-06,2.72e-06,2.73e-06,1507038570651.0
2026-06-09 16:00:00+00:00,2026-06-09 19:59:59.999000+00:00,2.74e-06,2.8e-06,2.69e-06,2.8e-06,1988320333079.0
2026-06-09 20:00:00+00:00,2026-06-09 23:59:59.999000+00:00,2.79e-06,2.82e-06,2.76e-06,2.77e-06,719785363723.0
2026-06-10 00:00:00+00:00,2026-06-10 03:59:59.999000+00:00,2.77e-06,2.79e-06,2.72e-06,2.74e-06,757626478281.0
2026-06-10 04:00:00+00:00,2026-06-10 07:59:59.999000+00:00,2.74e-06,2.76e-06,2.71e-06,2.76e-06,550863613092.0
2026-06-10 08:00:00+00:00,2026-06-10 11:59:59.999000+00:00,2.75e-06,2.76e-06,2.69e-06,2.7e-06,1067898916897.0
2026-06-10 12:00:00+00:00,2026-06-10 15:59:59.999000+00:00,2.71e-06,2.81e-06,2.7e-06,2.79e-06,2117200222151.0
2026-06-10 16:00:00+00:00,2026-06-10 19:59:59.999000+00:00,2.78e-06,2.79e-06,2.69e-06,2.7e-06,1487041160263.0
2026-06-10 20:00:00+00:00,2026-06-10 23:59:59.999000+00:00,2.7e-06,2.71e-06,2.64e-06,2.7e-06,1572673768804.0
2026-06-11 00:00:00+00:00,2026-06-11 03:59:59.999000+00:00,2.7e-06,2.79e-06,2.69e-06,2.77e-06,1187641090500.0
2026-06-11 04:00:00+00:00,2026-06-11 07:59:59.999000+00:00,2.77e-06,2.79e-06,2.75e-06,2.76e-06,975176649148.0
2026-06-11 08:00:00+00:00,2026-06-11 11:59:59.999000+00:00,2.75e-06,2.79e-06,2.74e-06,2.76e-06,1082851816527.0
2026-06-11 12:00:00+00:00,2026-06-11 15:59:59.999000+00:00,2.77e-06,2.79e-06,2.72e-06,2.76e-06,1157046946389.0
2026-06-11 16:00:00+00:00,2026-06-11 19:59:59.999000+00:00,2.77e-06,2.84e-06,2.73e-06,2.8e-06,2019505798080.0
2026-06-11 20:00:00+00:00,2026-06-11 23:59:59.999000+00:00,2.8e-06,2.82e-06,2.78e-06,2.79e-06,817779521896.0
2026-06-12 00:00:00+00:00,2026-06-12 03:59:59.999000+00:00,2.79e-06,2.81e-06,2.77e-06,2.81e-06,733548416851.0
2026-06-12 04:00:00+00:00,2026-06-12 07:59:59.999000+00:00,2.81e-06,2.82e-06,2.75e-06,2.78e-06,1007996150794.0
2026-06-12 08:00:00+00:00,2026-06-12 11:59:59.999000+00:00,2.79e-06,2.86e-06,2.78e-06,2.83e-06,1444553728250.0
2026-06-12 12:00:00+00:00,2026-06-12 15:59:59.999000+00:00,2.83e-06,2.88e-06,2.78e-06,2.81e-06,3814671807389.0
2026-06-12 16:00:00+00:00,2026-06-12 19:59:59.999000+00:00,2.8e-06,2.85e-06,2.79e-06,2.82e-06,2051889996001.0
2026-06-12 20:00:00+00:00,2026-06-12 23:59:59.999000+00:00,2.82e-06,2.83e-06,2.79e-06,2.81e-06,773738920444.0
2026-06-13 00:00:00+00:00,2026-06-13 03:59:59.999000+00:00,2.81e-06,2.85e-06,2.79e-06,2.82e-06,974259338784.0
2026-06-13 04:00:00+00:00,2026-06-13 07:59:59.999000+00:00,2.81e-06,2.86e-06,2.78e-06,2.83e-06,1061547571529.0
2026-06-13 08:00:00+00:00,2026-06-13 11:59:59.999000+00:00,2.84e-06,2.86e-06,2.82e-06,2.86e-06,1044725741914.0
2026-06-13 12:00:00+00:00,2026-06-13 15:59:59.999000+00:00,2.85e-06,2.88e-06,2.84e-06,2.86e-06,1752475671910.0
2026-06-13 16:00:00+00:00,2026-06-13 19:59:59.999000+00:00,2.86e-06,2.87e-06,2.83e-06,2.84e-06,1071548327296.0
2026-06-13 20:00:00+00:00,2026-06-13 23:59:59.999000+00:00,2.85e-06,2.89e-06,2.83e-06,2.86e-06,926964511628.0
2026-06-14 00:00:00+00:00,2026-06-14 03:59:59.999000+00:00,2.85e-06,2.86e-06,2.84e-06,2.85e-06,486389042550.0
2026-06-14 04:00:00+00:00,2026-06-14 07:59:59.999000+00:00,2.85e-06,2.86e-06,2.81e-06,2.83e-06,972433303643.0
2026-06-14 08:00:00+00:00,2026-06-14 11:59:59.999000+00:00,2.83e-06,2.84e-06,2.8e-06,2.83e-06,782053315286.0
2026-06-14 12:00:00+00:00,2026-06-14 15:59:59.999000+00:00,2.83e-06,2.83e-06,2.77e-06,2.78e-06,1247749934416.0
2026-06-14 16:00:00+00:00,2026-06-14 19:59:59.999000+00:00,2.78e-06,2.8e-06,2.76e-06,2.78e-06,706521628806.0
2026-06-14 20:00:00+00:00,2026-06-14 23:59:59.999000+00:00,2.78e-06,2.93e-06,2.77e-06,2.92e-06,2089311032097.0
2026-06-15 00:00:00+00:00,2026-06-15 03:59:59.999000+00:00,2.92e-06,2.94e-06,2.87e-06,2.91e-06,855400493223.0
2026-06-15 04:00:00+00:00,2026-06-15 07:59:59.999000+00:00,2.91e-06,2.94e-06,2.89e-06,2.9e-06,457224112157.0
2026-06-15 08:00:00+00:00,2026-06-15 11:59:59.999000+00:00,2.9e-06,3e-06,2.89e-06,2.99e-06,1304663089203.0
2026-06-15 12:00:00+00:00,2026-06-15 15:59:59.999000+00:00,2.98e-06,3.05e-06,2.96e-06,3.04e-06,1872331620416.0
2026-06-15 16:00:00+00:00,2026-06-15 19:59:59.999000+00:00,3.05e-06,3.14e-06,2.97e-06,2.99e-06,2225554770130.0
2026-06-15 20:00:00+00:00,2026-06-15 23:59:59.999000+00:00,2.98e-06,3e-06,2.92e-06,2.94e-06,929901060614.0
2026-06-16 00:00:00+00:00,2026-06-16 03:59:59.999000+00:00,2.94e-06,2.97e-06,2.9e-06,2.96e-06,1034357240658.0
2026-06-16 04:00:00+00:00,2026-06-16 07:59:59.999000+00:00,2.96e-06,2.97e-06,2.92e-06,2.97e-06,652085274551.0
2026-06-16 08:00:00+00:00,2026-06-16 11:59:59.999000+00:00,2.96e-06,3.02e-06,2.95e-06,2.97e-06,902200172827.0
2026-06-16 12:00:00+00:00,2026-06-16 15:59:59.999000+00:00,2.97e-06,3.01e-06,2.89e-06,2.93e-06,1589709259479.0
2026-06-16 16:00:00+00:00,2026-06-16 19:59:59.999000+00:00,2.94e-06,3e-06,2.92e-06,2.95e-06,865587893443.0
2026-06-16 20:00:00+00:00,2026-06-16 23:59:59.999000+00:00,2.96e-06,2.98e-06,2.94e-06,2.95e-06,411449262191.0
2026-06-17 00:00:00+00:00,2026-06-17 03:59:59.999000+00:00,2.95e-06,3.02e-06,2.95e-06,2.99e-06,965875106341.0
2026-06-17 04:00:00+00:00,2026-06-17 07:59:59.999000+00:00,2.99e-06,3.01e-06,2.95e-06,2.97e-06,594106008710.0
2026-06-17 08:00:00+00:00,2026-06-17 11:59:59.999000+00:00,2.97e-06,2.97e-06,2.91e-06,2.92e-06,593937993849.0
2026-06-17 12:00:00+00:00,2026-06-17 15:59:59.999000+00:00,2.93e-06,3.02e-06,2.91e-06,3.02e-06,1036143015563.0
2026-06-17 16:00:00+00:00,2026-06-17 19:59:59.999000+00:00,3.02e-06,3.04e-06,2.88e-06,2.9e-06,2463918169249.0
2026-06-17 20:00:00+00:00,2026-06-17 23:59:59.999000+00:00,2.91e-06,2.96e-06,2.88e-06,2.95e-06,805698833233.0
2026-06-18 00:00:00+00:00,2026-06-18 03:59:59.999000+00:00,2.95e-06,2.97e-06,2.9e-06,2.91e-06,530126472275.0
2026-06-18 04:00:00+00:00,2026-06-18 07:59:59.999000+00:00,2.91e-06,2.91e-06,2.84e-06,2.91e-06,1191796832600.0
2026-06-18 08:00:00+00:00,2026-06-18 11:59:59.999000+00:00,2.91e-06,2.92e-06,2.87e-06,2.87e-06,528631795719.0
2026-06-18 12:00:00+00:00,2026-06-18 15:59:59.999000+00:00,2.88e-06,2.91e-06,2.77e-06,2.78e-06,1454850203956.0
2026-06-18 16:00:00+00:00,2026-06-18 19:59:59.999000+00:00,2.78e-06,2.84e-06,2.77e-06,2.84e-06,775707878362.0
2026-06-18 20:00:00+00:00,2026-06-18 23:59:59.999000+00:00,2.84e-06,2.86e-06,2.82e-06,2.84e-06,443553454172.0
2026-06-19 00:00:00+00:00,2026-06-19 03:59:59.999000+00:00,2.85e-06,2.87e-06,2.79e-06,2.82e-06,547661648175.0
2026-06-19 04:00:00+00:00,2026-06-19 07:59:59.999000+00:00,2.82e-06,2.83e-06,2.77e-06,2.79e-06,537587489566.0
2026-06-19 08:00:00+00:00,2026-06-19 11:59:59.999000+00:00,2.79e-06,2.81e-06,2.77e-06,2.79e-06,302423498412.0
2026-06-19 12:00:00+00:00,2026-06-19 15:59:59.999000+00:00,2.8e-06,2.85e-06,2.77e-06,2.83e-06,630229611718.0
2026-06-19 16:00:00+00:00,2026-06-19 19:59:59.999000+00:00,2.83e-06,2.84e-06,2.79e-06,2.8e-06,510753033886.0
2026-06-19 20:00:00+00:00,2026-06-19 23:59:59.999000+00:00,2.81e-06,2.84e-06,2.79e-06,2.82e-06,329876255305.0
2026-06-20 00:00:00+00:00,2026-06-20 03:59:59.999000+00:00,2.83e-06,2.85e-06,2.8e-06,2.82e-06,452097656045.0
2026-06-20 04:00:00+00:00,2026-06-20 07:59:59.999000+00:00,2.83e-06,2.87e-06,2.82e-06,2.83e-06,545616945113.0
2026-06-20 08:00:00+00:00,2026-06-20 11:59:59.999000+00:00,2.84e-06,2.86e-06,2.83e-06,2.84e-06,417337934442.0
2026-06-20 12:00:00+00:00,2026-06-20 15:59:59.999000+00:00,2.84e-06,2.86e-06,2.79e-06,2.83e-06,822758213780.0
2026-06-20 16:00:00+00:00,2026-06-20 19:59:59.999000+00:00,2.84e-06,2.84e-06,2.8e-06,2.81e-06,325169605628.0
2026-06-20 20:00:00+00:00,2026-06-20 23:59:59.999000+00:00,2.82e-06,2.86e-06,2.81e-06,2.83e-06,315464658806.0
2026-06-21 00:00:00+00:00,2026-06-21 03:59:59.999000+00:00,2.84e-06,2.86e-06,2.83e-06,2.84e-06,268742951088.0
2026-06-21 04:00:00+00:00,2026-06-21 07:59:59.999000+00:00,2.85e-06,2.85e-06,2.81e-06,2.82e-06,281440505841.0
2026-06-21 08:00:00+00:00,2026-06-21 11:59:59.999000+00:00,2.83e-06,2.85e-06,2.81e-06,2.83e-06,311310053764.0
2026-06-21 12:00:00+00:00,2026-06-21 15:59:59.999000+00:00,2.83e-06,2.85e-06,2.81e-06,2.85e-06,417056671408.0
2026-06-21 16:00:00+00:00,2026-06-21 19:59:59.999000+00:00,2.85e-06,2.85e-06,2.82e-06,2.84e-06,365594925834.0
2026-06-21 20:00:00+00:00,2026-06-21 23:59:59.999000+00:00,2.85e-06,2.85e-06,2.78e-06,2.78e-06,1076989602199.0
2026-06-22 00:00:00+00:00,2026-06-22 03:59:59.999000+00:00,2.79e-06,2.88e-06,2.79e-06,2.82e-06,828032937697.0
2026-06-22 04:00:00+00:00,2026-06-22 07:59:59.999000+00:00,2.82e-06,2.85e-06,2.81e-06,2.84e-06,277881879044.0
2026-06-22 08:00:00+00:00,2026-06-22 11:59:59.999000+00:00,2.85e-06,2.88e-06,2.83e-06,2.87e-06,576848205888.0
2026-06-22 12:00:00+00:00,2026-06-22 15:59:59.999000+00:00,2.88e-06,2.92e-06,2.84e-06,2.85e-06,1340876664367.0
2026-06-22 16:00:00+00:00,2026-06-22 19:59:59.999000+00:00,2.85e-06,2.86e-06,2.81e-06,2.82e-06,934094847926.0
2026-06-22 20:00:00+00:00,2026-06-22 23:59:59.999000+00:00,2.82e-06,2.84e-06,2.79e-06,2.81e-06,814485236309.0
2026-06-23 00:00:00+00:00,2026-06-23 03:59:59.999000+00:00,2.81e-06,2.83e-06,2.79e-06,2.82e-06,543217197648.0
2026-06-23 04:00:00+00:00,2026-06-23 07:59:59.999000+00:00,2.81e-06,2.82e-06,2.71e-06,2.74e-06,1143566576204.0
2026-06-23 08:00:00+00:00,2026-06-23 11:59:59.999000+00:00,2.73e-06,2.74e-06,2.66e-06,2.73e-06,1348146931978.0
2026-06-23 12:00:00+00:00,2026-06-23 15:59:59.999000+00:00,2.73e-06,2.76e-06,2.69e-06,2.71e-06,1023737943498.0
2026-06-23 16:00:00+00:00,2026-06-23 19:59:59.999000+00:00,2.71e-06,2.73e-06,2.67e-06,2.69e-06,566427241715.0
2026-06-23 20:00:00+00:00,2026-06-23 23:59:59.999000+00:00,2.7e-06,2.71e-06,2.68e-06,2.7e-06,386283159372.0
2026-06-24 00:00:00+00:00,2026-06-24 03:59:59.999000+00:00,2.69e-06,2.72e-06,2.67e-06,2.68e-06,511757195472.0
2026-06-24 04:00:00+00:00,2026-06-24 07:59:59.999000+00:00,2.68e-06,2.69e-06,2.64e-06,2.67e-06,461263049585.0
2026-06-24 08:00:00+00:00,2026-06-24 11:59:59.999000+00:00,2.67e-06,2.68e-06,2.61e-06,2.66e-06,947369694584.0
2026-06-24 12:00:00+00:00,2026-06-24 15:59:59.999000+00:00,2.66e-06,2.67e-06,2.51e-06,2.53e-06,2080800247833.0
2026-06-24 16:00:00+00:00,2026-06-24 19:59:59.999000+00:00,2.53e-06,2.55e-06,2.42e-06,2.49e-06,3531019289376.0
2026-06-24 20:00:00+00:00,2026-06-24 23:59:59.999000+00:00,2.49e-06,2.55e-06,2.48e-06,2.53e-06,1311627868522.0
2026-06-25 00:00:00+00:00,2026-06-25 03:59:59.999000+00:00,2.54e-06,2.56e-06,2.51e-06,2.52e-06,373323125679.0
2026-06-25 04:00:00+00:00,2026-06-25 07:59:59.999000+00:00,2.52e-06,2.57e-06,2.51e-06,2.54e-06,579843569513.0
2026-06-25 08:00:00+00:00,2026-06-25 11:59:59.999000+00:00,2.54e-06,2.55e-06,2.48e-06,2.49e-06,485866484541.0
2026-06-25 12:00:00+00:00,2026-06-25 15:59:59.999000+00:00,2.48e-06,2.51e-06,2.3e-06,2.38e-06,4829196909701.0
2026-06-25 16:00:00+00:00,2026-06-25 19:59:59.999000+00:00,2.38e-06,2.4e-06,2.31e-06,2.32e-06,2651283828998.0
2026-06-25 20:00:00+00:00,2026-06-25 23:59:59.999000+00:00,2.32e-06,2.38e-06,2.31e-06,2.36e-06,1478368854868.0
2026-06-26 00:00:00+00:00,2026-06-26 03:59:59.999000+00:00,2.36e-06,2.37e-06,2.27e-06,2.35e-06,1802985911823.0
2026-06-26 04:00:00+00:00,2026-06-26 07:59:59.999000+00:00,2.34e-06,2.39e-06,2.32e-06,2.38e-06,1010248793439.0
2026-06-26 08:00:00+00:00,2026-06-26 11:59:59.999000+00:00,2.38e-06,2.38e-06,2.29e-06,2.32e-06,1111313561188.0
2026-06-26 12:00:00+00:00,2026-06-26 15:59:59.999000+00:00,2.32e-06,2.39e-06,2.3e-06,2.37e-06,2145644961043.0
2026-06-26 16:00:00+00:00,2026-06-26 19:59:59.999000+00:00,2.37e-06,2.42e-06,2.36e-06,2.39e-06,922209764531.0
2026-06-26 20:00:00+00:00,2026-06-26 23:59:59.999000+00:00,2.38e-06,2.41e-06,2.36e-06,2.39e-06,540544043113.0
2026-06-27 00:00:00+00:00,2026-06-27 03:59:59.999000+00:00,2.39e-06,2.43e-06,2.37e-06,2.41e-06,724206006143.0
2026-06-27 04:00:00+00:00,2026-06-27 07:59:59.999000+00:00,2.41e-06,2.44e-06,2.4e-06,2.43e-06,562176439292.0
2026-06-27 08:00:00+00:00,2026-06-27 11:59:59.999000+00:00,2.43e-06,2.43e-06,2.39e-06,2.41e-06,615394681783.0
2026-06-27 12:00:00+00:00,2026-06-27 15:59:59.999000+00:00,2.41e-06,2.46e-06,2.39e-06,2.45e-06,674179420514.0
2026-06-27 16:00:00+00:00,2026-06-27 19:59:59.999000+00:00,2.44e-06,2.46e-06,2.37e-06,2.39e-06,666038181210.0
2026-06-27 20:00:00+00:00,2026-06-27 23:59:59.999000+00:00,2.4e-06,2.4e-06,2.35e-06,2.38e-06,603426865399.0
2026-06-28 00:00:00+00:00,2026-06-28 03:59:59.999000+00:00,2.38e-06,2.39e-06,2.36e-06,2.38e-06,289128521089.0
2026-06-28 04:00:00+00:00,2026-06-28 07:59:59.999000+00:00,2.38e-06,2.39e-06,2.35e-06,2.38e-06,254301997289.0
2026-06-28 08:00:00+00:00,2026-06-28 11:59:59.999000+00:00,2.39e-06,2.42e-06,2.37e-06,2.41e-06,957612266073.0
2026-06-28 12:00:00+00:00,2026-06-28 15:59:59.999000+00:00,2.41e-06,2.42e-06,2.37e-06,2.39e-06,532192188715.0
2026-06-28 16:00:00+00:00,2026-06-28 19:59:59.999000+00:00,2.39e-06,2.4e-06,2.35e-06,2.37e-06,618845066092.0
2026-06-28 20:00:00+00:00,2026-06-28 23:59:59.999000+00:00,2.36e-06,2.39e-06,2.31e-06,2.36e-06,1362681091568.0
2026-06-29 00:00:00+00:00,2026-06-29 03:59:59.999000+00:00,2.35e-06,2.4e-06,2.32e-06,2.37e-06,1113907119436.0
2026-06-29 04:00:00+00:00,2026-06-29 07:59:59.999000+00:00,2.37e-06,2.39e-06,2.33e-06,2.36e-06,654701015829.0
2026-06-29 08:00:00+00:00,2026-06-29 11:59:59.999000+00:00,2.36e-06,2.37e-06,2.32e-06,2.34e-06,614266426672.0
2026-06-29 12:00:00+00:00,2026-06-29 15:59:59.999000+00:00,2.35e-06,2.39e-06,2.31e-06,2.36e-06,2257168074844.0
2026-06-29 16:00:00+00:00,2026-06-29 19:59:59.999000+00:00,2.36e-06,2.42e-06,2.33e-06,2.39e-06,1228735644452.0
2026-06-29 20:00:00+00:00,2026-06-29 23:59:59.999000+00:00,2.4e-06,2.4e-06,2.34e-06,2.36e-06,418850057162.0
2026-06-30 00:00:00+00:00,2026-06-30 03:59:59.999000+00:00,2.35e-06,2.37e-06,2.32e-06,2.34e-06,665135604591.0
2026-06-30 04:00:00+00:00,2026-06-30 07:59:59.999000+00:00,2.34e-06,2.36e-06,2.33e-06,2.33e-06,378884328484.0
2026-06-30 08:00:00+00:00,2026-06-30 11:59:59.999000+00:00,2.33e-06,2.36e-06,2.32e-06,2.34e-06,917139630779.0
2026-06-30 12:00:00+00:00,2026-06-30 15:59:59.999000+00:00,2.33e-06,2.36e-06,2.29e-06,2.32e-06,1648619103266.0
2026-06-30 16:00:00+00:00,2026-06-30 19:59:59.999000+00:00,2.32e-06,2.36e-06,2.31e-06,2.34e-06,921889312051.0
2026-06-30 20:00:00+00:00,2026-06-30 23:59:59.999000+00:00,2.34e-06,2.34e-06,2.31e-06,2.33e-06,487696222223.0
2026-07-01 00:00:00+00:00,2026-07-01 03:59:59.999000+00:00,2.32e-06,2.35e-06,2.26e-06,2.33e-06,1675719078339.0
2026-07-01 04:00:00+00:00,2026-07-01 07:59:59.999000+00:00,2.33e-06,2.35e-06,2.24e-06,2.27e-06,1593234413235.0
2026-07-01 08:00:00+00:00,2026-07-01 11:59:59.999000+00:00,2.27e-06,2.29e-06,2.25e-06,2.26e-06,640488841288.0
2026-07-01 12:00:00+00:00,2026-07-01 15:59:59.999000+00:00,2.27e-06,2.37e-06,2.23e-06,2.36e-06,2267403623892.0
2026-07-01 16:00:00+00:00,2026-07-01 19:59:59.999000+00:00,2.36e-06,2.37e-06,2.31e-06,2.32e-06,769810050991.0
2026-07-01 20:00:00+00:00,2026-07-01 23:59:59.999000+00:00,2.32e-06,2.4e-06,2.3e-06,2.33e-06,928318344135.0
2026-07-02 00:00:00+00:00,2026-07-02 03:59:59.999000+00:00,2.33e-06,2.4e-06,2.3e-06,2.39e-06,1573828717684.0
2026-07-02 04:00:00+00:00,2026-07-02 07:59:59.999000+00:00,2.39e-06,2.4e-06,2.35e-06,2.38e-06,751757443210.0
2026-07-02 08:00:00+00:00,2026-07-02 11:59:59.999000+00:00,2.38e-06,2.45e-06,2.37e-06,2.43e-06,1521781053659.0
2026-07-02 12:00:00+00:00,2026-07-02 15:59:59.999000+00:00,2.44e-06,2.5e-06,2.42e-06,2.43e-06,2372998959370.0
2026-07-02 16:00:00+00:00,2026-07-02 19:59:59.999000+00:00,2.44e-06,2.45e-06,2.41e-06,2.43e-06,654799481975.0
2026-07-02 20:00:00+00:00,2026-07-02 23:59:59.999000+00:00,2.43e-06,2.46e-06,2.42e-06,2.45e-06,447731865766.0
2026-07-03 00:00:00+00:00,2026-07-03 03:59:59.999000+00:00,2.45e-06,2.48e-06,2.43e-06,2.47e-06,633597823284.0
2026-07-03 04:00:00+00:00,2026-07-03 07:59:59.999000+00:00,2.47e-06,2.49e-06,2.45e-06,2.47e-06,570092102896.0
2026-07-03 08:00:00+00:00,2026-07-03 11:59:59.999000+00:00,2.47e-06,2.59e-06,2.47e-06,2.56e-06,1367142109659.0
2026-07-03 12:00:00+00:00,2026-07-03 15:59:59.999000+00:00,2.55e-06,2.61e-06,2.52e-06,2.55e-06,1526793203659.0
2026-07-03 16:00:00+00:00,2026-07-03 19:59:59.999000+00:00,2.56e-06,2.62e-06,2.54e-06,2.61e-06,856841273494.0
2026-07-03 20:00:00+00:00,2026-07-03 23:59:59.999000+00:00,2.61e-06,2.84e-06,2.6e-06,2.78e-06,3312622319633.0
2026-07-04 00:00:00+00:00,2026-07-04 03:59:59.999000+00:00,2.77e-06,2.85e-06,2.74e-06,2.83e-06,1951907941792.0
2026-07-04 04:00:00+00:00,2026-07-04 07:59:59.999000+00:00,2.83e-06,2.87e-06,2.72e-06,2.74e-06,2256273593912.0
2026-07-04 08:00:00+00:00,2026-07-04 11:59:59.999000+00:00,2.73e-06,2.74e-06,2.67e-06,2.71e-06,1218757027182.0
2026-07-04 12:00:00+00:00,2026-07-04 15:59:59.999000+00:00,2.71e-06,2.77e-06,2.69e-06,2.77e-06,1363252897277.0
2026-07-04 16:00:00+00:00,2026-07-04 19:59:59.999000+00:00,2.77e-06,2.8e-06,2.73e-06,2.75e-06,1830388653256.0
2026-07-04 20:00:00+00:00,2026-07-04 23:59:59.999000+00:00,2.75e-06,2.76e-06,2.71e-06,2.73e-06,769721685017.0
2026-07-05 00:00:00+00:00,2026-07-05 03:59:59.999000+00:00,2.74e-06,2.74e-06,2.69e-06,2.7e-06,745138632657.0
2026-07-05 04:00:00+00:00,2026-07-05 07:59:59.999000+00:00,2.7e-06,2.72e-06,2.64e-06,2.68e-06,1007807159622.0
2026-07-05 08:00:00+00:00,2026-07-05 11:59:59.999000+00:00,2.68e-06,2.69e-06,2.63e-06,2.66e-06,455191509956.0
2026-07-05 12:00:00+00:00,2026-07-05 15:59:59.999000+00:00,2.66e-06,2.74e-06,2.64e-06,2.7e-06,664148575112.0
2026-07-05 16:00:00+00:00,2026-07-05 19:59:59.999000+00:00,2.69e-06,2.72e-06,2.68e-06,2.7e-06,346212566216.0
2026-07-05 20:00:00+00:00,2026-07-05 23:59:59.999000+00:00,2.7e-06,2.81e-06,2.68e-06,2.75e-06,1663068421056.0
2026-07-06 00:00:00+00:00,2026-07-06 03:59:59.999000+00:00,2.75e-06,2.78e-06,2.72e-06,2.73e-06,949031581637.0
2026-07-06 04:00:00+00:00,2026-07-06 07:59:59.999000+00:00,2.73e-06,2.74e-06,2.66e-06,2.7e-06,1047422573974.0
2026-07-06 08:00:00+00:00,2026-07-06 11:59:59.999000+00:00,2.7e-06,2.72e-06,2.67e-06,2.67e-06,621548117274.0
2026-07-06 12:00:00+00:00,2026-07-06 15:59:59.999000+00:00,2.68e-06,2.74e-06,2.61e-06,2.74e-06,2710353223876.0
2026-07-06 16:00:00+00:00,2026-07-06 19:59:59.999000+00:00,2.74e-06,2.77e-06,2.71e-06,2.74e-06,1649770916711.0
2026-07-06 20:00:00+00:00,2026-07-06 23:59:59.999000+00:00,2.74e-06,2.8e-06,2.72e-06,2.73e-06,858247508766.0
2026-07-07 00:00:00+00:00,2026-07-07 03:59:59.999000+00:00,2.73e-06,2.75e-06,2.67e-06,2.68e-06,735731664163.0
2026-07-07 04:00:00+00:00,2026-07-07 07:59:59.999000+00:00,2.68e-06,2.72e-06,2.65e-06,2.69e-06,617310375830.0
2026-07-07 08:00:00+00:00,2026-07-07 11:59:59.999000+00:00,2.68e-06,2.72e-06,2.67e-06,2.7e-06,610696739872.0
2026-07-07 12:00:00+00:00,2026-07-07 15:59:59.999000+00:00,2.7e-06,2.73e-06,2.64e-06,2.72e-06,1910831364226.0
2026-07-07 16:00:00+00:00,2026-07-07 19:59:59.999000+00:00,2.72e-06,2.76e-06,2.67e-06,2.7e-06,1510656388279.0
2026-07-07 20:00:00+00:00,2026-07-07 23:59:59.999000+00:00,2.7e-06,2.7e-06,2.64e-06,2.66e-06,855009110437.0
2026-07-08 00:00:00+00:00,2026-07-08 03:59:59.999000+00:00,2.67e-06,2.69e-06,2.58e-06,2.61e-06,1138886422895.0
2026-07-08 04:00:00+00:00,2026-07-08 07:59:59.999000+00:00,2.61e-06,2.63e-06,2.59e-06,2.62e-06,644678161961.0
2026-07-08 08:00:00+00:00,2026-07-08 11:59:59.999000+00:00,2.63e-06,2.63e-06,2.55e-06,2.59e-06,1557861095703.0
2026-07-08 12:00:00+00:00,2026-07-08 15:59:59.999000+00:00,2.59e-06,2.62e-06,2.55e-06,2.58e-06,1144283138593.0
2026-07-08 16:00:00+00:00,2026-07-08 19:59:59.999000+00:00,2.58e-06,2.62e-06,2.57e-06,2.59e-06,568813739454.0
2026-07-08 20:00:00+00:00,2026-07-08 23:59:59.999000+00:00,2.59e-06,2.61e-06,2.56e-06,2.61e-06,372280982845.0
2026-07-09 00:00:00+00:00,2026-07-09 03:59:59.999000+00:00,2.6e-06,2.63e-06,2.56e-06,2.59e-06,728472845757.0
2026-07-09 04:00:00+00:00,2026-07-09 07:59:59.999000+00:00,2.58e-06,2.65e-06,2.58e-06,2.62e-06,875720058388.0
2026-07-09 08:00:00+00:00,2026-07-09 11:59:59.999000+00:00,2.63e-06,2.64e-06,2.6e-06,2.61e-06,304587895868.0
2026-07-09 12:00:00+00:00,2026-07-09 15:59:59.999000+00:00,2.62e-06,2.64e-06,2.59e-06,2.59e-06,692860055911.0
2026-07-09 16:00:00+00:00,2026-07-09 19:59:59.999000+00:00,2.6e-06,2.64e-06,2.58e-06,2.61e-06,599481057101.0
2026-07-09 20:00:00+00:00,2026-07-09 23:59:59.999000+00:00,2.61e-06,2.64e-06,2.6e-06,2.61e-06,341472326617.0
2026-07-10 00:00:00+00:00,2026-07-10 03:59:59.999000+00:00,2.61e-06,2.68e-06,2.59e-06,2.67e-06,1275992061976.0
2026-07-10 04:00:00+00:00,2026-07-10 07:59:59.999000+00:00,2.67e-06,2.68e-06,2.64e-06,2.64e-06,370065941486.0
2026-07-10 08:00:00+00:00,2026-07-10 11:59:59.999000+00:00,2.65e-06,2.72e-06,2.64e-06,2.69e-06,821456882620.0
2026-07-10 12:00:00+00:00,2026-07-10 15:59:59.999000+00:00,2.7e-06,2.76e-06,2.69e-06,2.75e-06,2426328346122.0
2026-07-10 16:00:00+00:00,2026-07-10 19:59:59.999000+00:00,2.76e-06,2.88e-06,2.74e-06,2.82e-06,3318790083943.0
2026-07-10 20:00:00+00:00,2026-07-10 23:59:59.999000+00:00,2.82e-06,2.85e-06,2.78e-06,2.79e-06,895484757618.0
2026-07-11 00:00:00+00:00,2026-07-11 03:59:59.999000+00:00,2.79e-06,2.81e-06,2.75e-06,2.78e-06,446145060211.0
2026-07-11 04:00:00+00:00,2026-07-11 07:59:59.999000+00:00,2.78e-06,2.78e-06,2.74e-06,2.76e-06,283974079015.0
2026-07-11 08:00:00+00:00,2026-07-11 11:59:59.999000+00:00,2.76e-06,2.82e-06,2.75e-06,2.78e-06,625154027231.0
2026-07-11 12:00:00+00:00,2026-07-11 15:59:59.999000+00:00,2.79e-06,2.84e-06,2.77e-06,2.78e-06,1126859785778.0
2026-07-11 16:00:00+00:00,2026-07-11 19:59:59.999000+00:00,2.78e-06,2.83e-06,2.77e-06,2.8e-06,514747978558.0
2026-07-11 20:00:00+00:00,2026-07-11 23:59:59.999000+00:00,2.8e-06,2.82e-06,2.7e-06,2.71e-06,945782434450.0
2026-07-12 00:00:00+00:00,2026-07-12 03:59:59.999000+00:00,2.71e-06,2.74e-06,2.67e-06,2.74e-06,987483654414.0
2026-07-12 04:00:00+00:00,2026-07-12 07:59:59.999000+00:00,2.73e-06,2.74e-06,2.68e-06,2.7e-06,504939316613.0
2026-07-12 08:00:00+00:00,2026-07-12 11:59:59.999000+00:00,2.71e-06,2.75e-06,2.7e-06,2.75e-06,253055680676.0
2026-07-12 12:00:00+00:00,2026-07-12 15:59:59.999000+00:00,2.74e-06,2.82e-06,2.73e-06,2.78e-06,763961928975.0
2026-07-12 16:00:00+00:00,2026-07-12 19:59:59.999000+00:00,2.78e-06,2.83e-06,2.76e-06,2.81e-06,760529701297.0
2026-07-12 20:00:00+00:00,2026-07-12 23:59:59.999000+00:00,2.8e-06,2.81e-06,2.74e-06,2.77e-06,493604811730.0
2026-07-13 00:00:00+00:00,2026-07-13 03:59:59.999000+00:00,2.77e-06,2.82e-06,2.71e-06,2.73e-06,1623358738082.0
2026-07-13 04:00:00+00:00,2026-07-13 07:59:59.999000+00:00,2.73e-06,2.75e-06,2.71e-06,2.72e-06,453066197788.0
2026-07-13 08:00:00+00:00,2026-07-13 11:59:59.999000+00:00,2.72e-06,2.78e-06,2.71e-06,2.74e-06,519603883706.0
2026-07-13 12:00:00+00:00,2026-07-13 15:59:59.999000+00:00,2.74e-06,2.78e-06,2.72e-06,2.73e-06,1637098976542.0
2026-07-13 16:00:00+00:00,2026-07-13 19:59:59.999000+00:00,2.73e-06,2.74e-06,2.66e-06,2.71e-06,786192337009.0
2026-07-13 20:00:00+00:00,2026-07-13 23:59:59.999000+00:00,2.7e-06,2.73e-06,2.64e-06,2.73e-06,673554818310.0
2026-07-14 00:00:00+00:00,2026-07-14 03:59:59.999000+00:00,2.73e-06,2.76e-06,2.7e-06,2.72e-06,844518855333.0
2026-07-14 04:00:00+00:00,2026-07-14 07:59:59.999000+00:00,2.73e-06,2.76e-06,2.72e-06,2.74e-06,334322804399.0
2026-07-14 08:00:00+00:00,2026-07-14 11:59:59.999000+00:00,2.74e-06,2.76e-06,2.71e-06,2.73e-06,552262806546.0
2026-07-14 12:00:00+00:00,2026-07-14 15:59:59.999000+00:00,2.73e-06,2.91e-06,2.72e-06,2.84e-06,3265468694628.0
2026-07-14 16:00:00+00:00,2026-07-14 19:59:59.999000+00:00,2.85e-06,2.86e-06,2.79e-06,2.82e-06,725884472552.0
2026-07-14 20:00:00+00:00,2026-07-14 23:59:59.999000+00:00,2.82e-06,2.84e-06,2.79e-06,2.81e-06,582135434305.0
2026-07-15 00:00:00+00:00,2026-07-15 03:59:59.999000+00:00,2.81e-06,2.82e-06,2.77e-06,2.8e-06,470979017822.0
2026-07-15 04:00:00+00:00,2026-07-15 07:59:59.999000+00:00,2.81e-06,2.82e-06,2.75e-06,2.77e-06,649723389043.0
2026-07-15 08:00:00+00:00,2026-07-15 11:59:59.999000+00:00,2.76e-06,2.8e-06,2.76e-06,2.78e-06,605017965090.0
2026-07-15 12:00:00+00:00,2026-07-15 15:59:59.999000+00:00,2.78e-06,2.95e-06,2.75e-06,2.86e-06,4808266729471.0
2026-07-15 16:00:00+00:00,2026-07-15 19:59:59.999000+00:00,2.86e-06,2.87e-06,2.75e-06,2.79e-06,1800772073027.0
2026-07-15 20:00:00+00:00,2026-07-15 23:59:59.999000+00:00,2.79e-06,2.81e-06,2.78e-06,2.79e-06,340984311087.0
2026-07-16 00:00:00+00:00,2026-07-16 03:59:59.999000+00:00,2.79e-06,2.81e-06,2.76e-06,2.78e-06,664235913392.0
2026-07-16 04:00:00+00:00,2026-07-16 07:59:59.999000+00:00,2.77e-06,2.8e-06,2.71e-06,2.72e-06,1288125655065.0
2026-07-16 08:00:00+00:00,2026-07-16 11:59:59.999000+00:00,2.73e-06,2.75e-06,2.69e-06,2.73e-06,1166480139157.0
2026-07-16 12:00:00+00:00,2026-07-16 15:59:59.999000+00:00,2.73e-06,2.77e-06,2.71e-06,2.76e-06,931971971126.0
2026-07-16 16:00:00+00:00,2026-07-16 19:59:59.999000+00:00,2.76e-06,2.76e-06,2.71e-06,2.74e-06,490468178833.0
2026-07-16 20:00:00+00:00,2026-07-16 23:59:59.999000+00:00,2.74e-06,2.77e-06,2.7e-06,2.72e-06,567260861600.0
2026-07-17 00:00:00+00:00,2026-07-17 03:59:59.999000+00:00,2.73e-06,2.77e-06,2.71e-06,2.75e-06,841379078914.0
2026-07-17 04:00:00+00:00,2026-07-17 07:59:59.999000+00:00,2.75e-06,2.78e-06,2.69e-06,2.72e-06,1178706054983.0
2026-07-17 08:00:00+00:00,2026-07-17 11:59:59.999000+00:00,2.72e-06,2.78e-06,2.7e-06,2.72e-06,855621548343.0
2026-07-17 12:00:00+00:00,2026-07-17 15:59:59.999000+00:00,2.72e-06,2.74e-06,2.66e-06,2.71e-06,1881464682035.0
2026-07-17 16:00:00+00:00,2026-07-17 19:59:59.999000+00:00,2.72e-06,2.76e-06,2.7e-06,2.74e-06,828703451332.0
2026-07-17 20:00:00+00:00,2026-07-17 23:59:59.999000+00:00,2.74e-06,2.76e-06,2.72e-06,2.74e-06,305851480103.0
2026-07-18 00:00:00+00:00,2026-07-18 03:59:59.999000+00:00,2.75e-06,2.76e-06,2.73e-06,2.75e-06,448971030402.0
2026-07-18 04:00:00+00:00,2026-07-18 07:59:59.999000+00:00,2.75e-06,2.75e-06,2.71e-06,2.73e-06,402241446669.0
2026-07-18 08:00:00+00:00,2026-07-18 11:59:59.999000+00:00,2.73e-06,2.74e-06,2.7e-06,2.73e-06,355096185129.0
2026-07-18 12:00:00+00:00,2026-07-18 15:59:59.999000+00:00,2.72e-06,2.76e-06,2.71e-06,2.74e-06,496010531312.0
2026-07-18 16:00:00+00:00,2026-07-18 19:59:59.999000+00:00,2.73e-06,2.78e-06,2.72e-06,2.76e-06,725893940471.0
2026-07-18 20:00:00+00:00,2026-07-18 23:59:59.999000+00:00,2.76e-06,2.78e-06,2.75e-06,2.75e-06,491591729306.0
2026-07-19 00:00:00+00:00,2026-07-19 03:59:59.999000+00:00,2.75e-06,2.77e-06,2.74e-06,2.75e-06,373213834823.0
2026-07-19 04:00:00+00:00,2026-07-19 07:59:59.999000+00:00,2.75e-06,2.84e-06,2.74e-06,2.81e-06,1095192103516.0
2026-07-19 08:00:00+00:00,2026-07-19 11:59:59.999000+00:00,2.8e-06,2.86e-06,2.8e-06,2.84e-06,1449206568750.0
2026-07-19 12:00:00+00:00,2026-07-19 15:59:59.999000+00:00,2.84e-06,2.88e-06,2.82e-06,2.85e-06,1328307475753.0
2026-07-19 16:00:00+00:00,2026-07-19 19:59:59.999000+00:00,2.86e-06,2.86e-06,2.8e-06,2.85e-06,705210738536.0
2026-07-19 20:00:00+00:00,2026-07-19 23:59:59.999000+00:00,2.85e-06,2.85e-06,2.8e-06,2.84e-06,1104351002575.0
2026-07-20 00:00:00+00:00,2026-07-20 03:59:59.999000+00:00,2.84e-06,2.94e-06,2.82e-06,2.88e-06,2534380119237.0
2026-07-20 04:00:00+00:00,2026-07-20 07:59:59.999000+00:00,2.89e-06,2.9e-06,2.79e-06,2.82e-06,1342197218229.0
2026-07-20 08:00:00+00:00,2026-07-20 11:59:59.999000+00:00,2.82e-06,2.94e-06,2.81e-06,2.92e-06,1841057120174.0
2026-07-20 12:00:00+00:00,2026-07-20 15:59:59.999000+00:00,2.92e-06,2.94e-06,2.84e-06,2.93e-06,2886198832435.0
2026-07-20 16:00:00+00:00,2026-07-20 19:59:59.999000+00:00,2.93e-06,2.93e-06,2.87e-06,2.87e-06,1162785282492.0
2026-07-20 20:00:00+00:00,2026-07-20 23:59:59.999000+00:00,2.88e-06,2.95e-06,2.87e-06,2.92e-06,823024675741.0
2026-07-21 00:00:00+00:00,2026-07-21 03:59:59.999000+00:00,2.92e-06,2.95e-06,2.9e-06,2.94e-06,894512108709.0
2026-07-21 04:00:00+00:00,2026-07-21 07:59:59.999000+00:00,2.94e-06,2.95e-06,2.9e-06,2.92e-06,604194644214.0
2026-07-21 08:00:00+00:00,2026-07-21 11:59:59.999000+00:00,2.93e-06,2.98e-06,2.9e-06,2.92e-06,1568002251757.0
2026-07-21 12:00:00+00:00,2026-07-21 15:59:59.999000+00:00,2.92e-06,2.94e-06,2.88e-06,2.91e-06,1490099566852.0
2026-07-21 16:00:00+00:00,2026-07-21 19:59:59.999000+00:00,2.9e-06,2.91e-06,2.86e-06,2.9e-06,549184304681.0
2026-07-21 20:00:00+00:00,2026-07-21 23:59:59.999000+00:00,2.89e-06,2.91e-06,2.85e-06,2.88e-06,495914931721.0
2026-07-22 00:00:00+00:00,2026-07-22 03:59:59.999000+00:00,2.87e-06,2.9e-06,2.86e-06,2.86e-06,727633203399.0
2026-07-22 04:00:00+00:00,2026-07-22 07:59:59.999000+00:00,2.86e-06,2.88e-06,2.83e-06,2.84e-06,680207032789.0
2026-07-22 08:00:00+00:00,2026-07-22 11:59:59.999000+00:00,2.85e-06,2.86e-06,2.82e-06,2.84e-06,1076645458194.0
2026-07-22 12:00:00+00:00,2026-07-22 15:59:59.999000+00:00,2.84e-06,2.89e-06,2.83e-06,2.88e-06,899639957596.0
2026-07-22 16:00:00+00:00,2026-07-22 19:59:59.999000+00:00,2.87e-06,2.93e-06,2.85e-06,2.87e-06,878883330491.0
2026-07-22 20:00:00+00:00,2026-07-22 23:59:59.999000+00:00,2.86e-06,2.91e-06,2.85e-06,2.89e-06,458720835755.0
2026-07-23 00:00:00+00:00,2026-07-23 03:59:59.999000+00:00,2.89e-06,2.91e-06,2.83e-06,2.85e-06,484096183230.0
2026-07-23 04:00:00+00:00,2026-07-23 07:59:59.999000+00:00,2.84e-06,2.87e-06,2.83e-06,2.84e-06,329949156203.0
2026-07-23 08:00:00+00:00,2026-07-23 11:59:59.999000+00:00,2.85e-06,2.87e-06,2.84e-06,2.85e-06,346319840549.0
2026-07-23 12:00:00+00:00,2026-07-23 15:59:59.999000+00:00,2.84e-06,2.87e-06,2.76e-06,2.79e-06,1783157859941.0
2026-07-23 16:00:00+00:00,2026-07-23 19:59:59.999000+00:00,2.79e-06,2.8e-06,2.76e-06,2.77e-06,433185530820.0
2026-07-23 20:00:00+00:00,2026-07-23 23:59:59.999000+00:00,2.78e-06,2.8e-06,2.77e-06,2.79e-06,366541154508.0
2026-07-24 00:00:00+00:00,2026-07-24 03:59:59.999000+00:00,2.79e-06,2.8e-06,2.76e-06,2.79e-06,588125457512.0
2026-07-24 04:00:00+00:00,2026-07-24 07:59:59.999000+00:00,2.79e-06,2.82e-06,2.77e-06,2.79e-06,746875450327.0
2026-07-24 08:00:00+00:00,2026-07-24 11:59:59.999000+00:00,2.8e-06,2.8e-06,2.76e-06,2.78e-06,349776845886.0
2026-07-24 12:00:00+00:00,2026-07-24 15:59:59.999000+00:00,2.78e-06,2.79e-06,2.68e-06,2.71e-06,1135564302356.0
2026-07-24 16:00:00+00:00,2026-07-24 19:59:59.999000+00:00,2.71e-06,2.73e-06,2.68e-06,2.72e-06,521207810725.0
2026-07-24 20:00:00+00:00,2026-07-24 23:59:59.999000+00:00,2.72e-06,2.73e-06,2.7e-06,2.72e-06,232312995036.0
2026-07-25 00:00:00+00:00,2026-07-25 03:59:59.999000+00:00,2.71e-06,2.73e-06,2.7e-06,2.7e-06,275399682378.0
2026-07-25 04:00:00+00:00,2026-07-25 07:59:59.999000+00:00,2.7e-06,2.72e-06,2.65e-06,2.68e-06,438233270817.0
2026-07-25 08:00:00+00:00,2026-07-25 11:59:59.999000+00:00,2.67e-06,2.7e-06,2.66e-06,2.68e-06,276980914563.0
2026-07-25 12:00:00+00:00,2026-07-25 15:59:59.999000+00:00,2.68e-06,2.74e-06,2.68e-06,2.72e-06,460255044808.0
2026-07-25 16:00:00+00:00,2026-07-25 19:59:59.999000+00:00,2.73e-06,2.82e-06,2.72e-06,2.79e-06,1926547760381.0
2026-07-25 20:00:00+00:00,2026-07-25 23:59:59.999000+00:00,2.79e-06,2.8e-06,2.73e-06,2.74e-06,548947625889.0
2026-07-26 00:00:00+00:00,2026-07-26 03:59:59.999000+00:00,2.75e-06,2.93e-06,2.73e-06,2.92e-06,2180692966393.0
2026-07-26 04:00:00+00:00,2026-07-26 07:59:59.999000+00:00,2.93e-06,3.05e-06,2.88e-06,2.99e-06,3814160567366.0
2026-07-26 08:00:00+00:00,2026-07-26 11:59:59.999000+00:00,2.98e-06,3.01e-06,2.93e-06,3e-06,1936632866394.0
2026-07-26 12:00:00+00:00,2026-07-26 15:59:59.999000+00:00,3.01e-06,3.05e-06,2.89e-06,2.93e-06,2622379399739.0
2026-07-26 16:00:00+00:00,2026-07-26 19:59:59.999000+00:00,2.93e-06,2.96e-06,2.9e-06,2.92e-06,510906582207.0
2026-07-26 20:00:00+00:00,2026-07-26 23:59:59.999000+00:00,2.91e-06,3e-06,2.9e-06,2.98e-06,1251115795809.0
2026-07-27 00:00:00+00:00,2026-07-27 03:59:59.999000+00:00,2.98e-06,2.99e-06,2.92e-06,2.94e-06,960073534260.0
2026-07-27 04:00:00+00:00,2026-07-27 07:59:59.999000+00:00,2.93e-06,3.1e-06,2.93e-06,3.01e-06,2213467319396.0
2026-07-27 08:00:00+00:00,2026-07-27 11:59:59.999000+00:00,3.01e-06,3.02e-06,2.92e-06,2.95e-06,1058309651630.0
2026-07-27 12:00:00+00:00,2026-07-27 15:59:59.999000+00:00,2.96e-06,3.03e-06,2.92e-06,2.95e-06,1969157622359.0
2026-07-27 16:00:00+00:00,2026-07-27 19:59:59.999000+00:00,2.95e-06,2.98e-06,2.88e-06,2.92e-06,1271194505286.0
2026-07-27 20:00:00+00:00,2026-07-27 23:59:59.999000+00:00,2.92e-06,2.93e-06,2.81e-06,2.83e-06,1410180172413.0
2026-07-28 00:00:00+00:00,2026-07-28 03:59:59.999000+00:00,2.83e-06,2.83e-06,2.76e-06,2.8e-06,1100149430618.0
2026-07-28 04:00:00+00:00,2026-07-28 07:59:59.999000+00:00,2.81e-06,2.84e-06,2.8e-06,2.81e-06,327700302576.0
2026-07-28 08:00:00+00:00,2026-07-28 11:59:59.999000+00:00,2.8e-06,2.84e-06,2.8e-06,2.81e-06,639103419382.0
2026-07-28 12:00:00+00:00,2026-07-28 15:59:59.999000+00:00,2.82e-06,2.85e-06,2.76e-06,2.83e-06,1616829995300.0
2026-07-28 16:00:00+00:00,2026-07-28 19:59:59.999000+00:00,2.84e-06,2.84e-06,2.77e-06,2.81e-06,800200090482.0
2026-07-28 20:00:00+00:00,2026-07-28 23:59:59.999000+00:00,2.81e-06,2.83e-06,2.78e-06,2.8e-06,598081550187.0
2026-07-29 00:00:00+00:00,2026-07-29 03:59:59.999000+00:00,2.81e-06,2.83e-06,2.73e-06,2.73e-06,1038122179457.0
2026-07-29 04:00:00+00:00,2026-07-29 07:59:59.999000+00:00,2.74e-06,2.78e-06,2.71e-06,2.76e-06,582816199898.0
2026-07-29 08:00:00+00:00,2026-07-29 11:59:59.999000+00:00,2.77e-06,2.77e-06,2.73e-06,2.75e-06,476398005300.0
2026-07-29 12:00:00+00:00,2026-07-29 15:59:59.999000+00:00,2.75e-06,2.76e-06,2.7e-06,2.71e-06,1107039001632.0
2026-07-29 16:00:00+00:00,2026-07-29 19:59:59.999000+00:00,2.72e-06,2.79e-06,2.7e-06,2.71e-06,1377996469038.0
2026-07-29 20:00:00+00:00,2026-07-29 23:59:59.999000+00:00,2.71e-06,2.74e-06,2.66e-06,2.72e-06,924135183216.0
2026-07-30 00:00:00+00:00,2026-07-30 03:59:59.999000+00:00,2.73e-06,2.77e-06,2.7e-06,2.76e-06,585875526416.0
2026-07-30 04:00:00+00:00,2026-07-30 07:59:59.999000+00:00,2.76e-06,2.76e-06,2.73e-06,2.73e-06,314172498193.0
2026-07-30 08:00:00+00:00,2026-07-30 11:59:59.999000+00:00,2.74e-06,2.77e-06,2.73e-06,2.77e-06,509592223460.0
2026-07-30 12:00:00+00:00,2026-07-30 15:59:59.999000+00:00,2.77e-06,2.8e-06,2.74e-06,2.76e-06,1480453370312.0
2026-07-30 16:00:00+00:00,2026-07-30 19:59:59.999000+00:00,2.77e-06,2.79e-06,2.76e-06,2.78e-06,640410026678.0
2026-07-30 20:00:00+00:00,2026-07-30 23:59:59.999000+00:00,2.78e-06,2.79e-06,2.76e-06,2.76e-06,431877622363.0
2026-07-31 00:00:00+00:00,2026-07-31 03:59:59.999000+00:00,2.77e-06,2.81e-06,2.72e-06,2.74e-06,778309741912.0
2026-07-31 04:00:00+00:00,2026-07-31 07:59:59.999000+00:00,2.75e-06,2.76e-06,2.72e-06,2.73e-06,439515558751.0
2026-07-31 08:00:00+00:00,2026-07-31 11:59:59.999000+00:00,2.74e-06,2.75e-06,2.71e-06,2.73e-06,395754093747.0
2026-07-31 12:00:00+00:00,2026-07-31 15:59:59.999000+00:00,2.74e-06,2.78e-06,2.71e-06,2.72e-06,1430641025358.0
2026-07-31 16:00:00+00:00,2026-07-31 19:59:59.999000+00:00,2.72e-06,2.83e-06,2.71e-06,2.76e-06,865177711077.0
2026-07-31 20:00:00+00:00,2026-07-31 23:59:59.999000+00:00,2.76e-06,2.77e-06,2.73e-06,2.75e-06,413624832700.0
2026-08-01 00:00:00+00:00,2026-08-01 03:59:59.999000+00:00,2.76e-06,2.8e-06,2.75e-06,2.79e-06,553016625375.0
2026-08-01 04:00:00+00:00,2026-08-01 07:59:59.999000+00:00,2.79e-06,2.81e-06,2.78e-06,2.78e-06,515508529399.0
2026-08-01 08:00:00+00:00,2026-08-01 11:59:59.999000+00:00,2.78e-06,2.79e-06,2.74e-06,2.76e-06,432347718491.0
2026-08-01 12:00:00+00:00,2026-08-01 15:59:59.999000+00:00,2.75e-06,2.81e-06,2.75e-06,2.8e-06,518534962646.0
2026-08-01 16:00:00+00:00,2026-08-01 19:59:59.999000+00:00,2.8e-06,2.82e-06,2.72e-06,2.77e-06,1207319437087.0
2026-08-01 20:00:00+00:00,2026-08-01 23:59:59.999000+00:00,2.77e-06,2.79e-06,2.74e-06,2.77e-06,324895628349.0
2026-08-02 00:00:00+00:00,2026-08-02 03:59:59.999000+00:00,2.78e-06,2.9e-06,2.77e-06,2.87e-06,1595898064876.0
2026-08-02 04:00:00+00:00,2026-08-02 07:59:59.999000+00:00,2.87e-06,2.96e-06,2.86e-06,2.95e-06,1146225330986.0
2026-08-02 08:00:00+00:00,2026-08-02 11:59:59.999000+00:00,2.95e-06,2.96e-06,2.88e-06,2.89e-06,867468376386.0
2026-08-02 12:00:00+00:00,2026-08-02 15:59:59.999000+00:00,2.89e-06,2.97e-06,2.88e-06,2.9e-06,796465112910.0
2026-08-02 16:00:00+00:00,2026-08-02 19:59:59.999000+00:00,2.9e-06,2.93e-06,2.88e-06,2.92e-06,464009563696.0
2026-08-02 20:00:00+00:00,2026-08-02 23:59:59.999000+00:00,2.91e-06,2.94e-06,2.88e-06,2.91e-06,730728551231.0
2026-08-03 00:00:00+00:00,2026-08-03 03:59:59.999000+00:00,2.9e-06,2.91e-06,2.84e-06,2.85e-06,566177945184.0
2026-08-03 04:00:00+00:00,2026-08-03 07:59:59.999000+00:00,2.85e-06,2.88e-06,2.82e-06,2.83e-06,481542585000.0
2026-08-03 08:00:00+00:00,2026-08-03 11:59:59.999000+00:00,2.84e-06,2.87e-06,2.82e-06,2.85e-06,395922584474.0
2026-08-03 12:00:00+00:00,2026-08-03 15:59:59.999000+00:00,2.86e-06,2.93e-06,2.85e-06,2.92e-06,1674904542171.0
2026-08-03 16:00:00+00:00,2026-08-03 19:59:59.999000+00:00,2.91e-06,2.96e-06,2.9e-06,2.93e-06,550818056180.0
2026-08-03 20:00:00+00:00,2026-08-03 23:59:59.999000+00:00,2.93e-06,2.96e-06,2.89e-06,2.91e-06,479769454959.0
2026-08-04 00:00:00+00:00,2026-08-04 03:59:59.999000+00:00,2.9e-06,2.96e-06,2.88e-06,2.94e-06,654210697163.0
2026-08-04 04:00:00+00:00,2026-08-04 07:59:59.999000+00:00,2.94e-06,2.99e-06,2.9e-06,2.92e-06,577393764592.0
2026-08-04 08:00:00+00:00,2026-08-04 11:59:59.999000+00:00,2.93e-06,2.93e-06,2.89e-06,2.91e-06,442883093664.0
2026-08-04 12:00:00+00:00,2026-08-04 15:59:59.999000+00:00,2.91e-06,2.92e-06,2.86e-06,2.9e-06,745695264787.0
2026-08-04 16:00:00+00:00,2026-08-04 19:59:59.999000+00:00,2.91e-06,2.94e-06,2.89e-06,2.93e-06,292116430369.0
2026-08-04 20:00:00+00:00,2026-08-04 23:59:59.999000+00:00,2.92e-06,2.93e-06,2.88e-06,2.88e-06,306209446552.0
2026-08-05 00:00:00+00:00,2026-08-05 03:59:59.999000+00:00,2.88e-06,2.9e-06,2.83e-06,2.86e-06,553982476732.0
2026-08-05 04:00:00+00:00,2026-08-05 07:59:59.999000+00:00,2.85e-06,2.88e-06,2.84e-06,2.86e-06,311218553800.0
2026-08-05 08:00:00+00:00,2026-08-05 11:59:59.999000+00:00,2.86e-06,2.89e-06,2.85e-06,2.87e-06,452690766571.0
2026-08-05 12:00:00+00:00,2026-08-05 15:59:59.999000+00:00,2.86e-06,2.9e-06,2.83e-06,2.85e-06,1797388291362.0
2026-08-05 16:00:00+00:00,2026-08-05 19:59:59.999000+00:00,2.85e-06,2.9e-06,2.84e-06,2.88e-06,499800159250.0
2026-08-05 20:00:00+00:00,2026-08-05 23:59:59.999000+00:00,2.87e-06,2.9e-06,2.86e-06,2.88e-06,369372922764.0
2026-08-06 00:00:00+00:00,2026-08-06 03:59:59.999000+00:00,2.87e-06,2.9e-06,2.84e-06,2.85e-06,497817184103.0
2026-08-06 04:00:00+00:00,2026-08-06 07:59:59.999000+00:00,2.84e-06,2.87e-06,2.81e-06,2.84e-06,668206339052.0
2026-08-06 08:00:00+00:00,2026-08-06 11:59:59.999000+00:00,2.84e-06,2.85e-06,2.77e-06,2.81e-06,673176884787.0
2026-08-06 12:00:00+00:00,2026-08-06 15:59:59.999000+00:00,2.8e-06,2.83e-06,2.78e-06,2.81e-06,525067890794.0
2026-08-06 16:00:00+00:00,2026-08-06 19:59:59.999000+00:00,2.81e-06,2.83e-06,2.79e-06,2.8e-06,396579358923.0
2026-08-06 20:00:00+00:00,2026-08-06 23:59:59.999000+00:00,2.8e-06,2.82e-06,2.79e-06,2.81e-06,130884653293.0
2026-08-07 00:00:00+00:00,2026-08-07 03:59:59.999000+00:00,2.8e-06,2.82e-06,2.79e-06,2.8e-06,410313781925.0
2026-08-07 04:00:00+00:00,2026-08-07 07:59:59.999000+00:00,2.8e-06,2.82e-06,2.78e-06,2.81e-06,399933442563.0
2026-08-07 08:00:00+00:00,2026-08-07 11:59:59.999000+00:00,2.81e-06,2.84e-06,2.8e-06,2.83e-06,452175088050.0
2026-08-07 12:00:00+00:00,2026-08-07 15:59:59.999000+00:00,2.84e-06,2.88e-06,2.8e-06,2.83e-06,810740309637.0
2026-08-07 16:00:00+00:00,2026-08-07 19:59:59.999000+00:00,2.82e-06,2.84e-06,2.79e-06,2.83e-06,423584293731.0
2026-08-07 20:00:00+00:00,2026-08-07 23:59:59.999000+00:00,2.84e-06,2.84e-06,2.8e-06,2.81e-06,269104017250.0
2026-08-08 00:00:00+00:00,2026-08-08 03:59:59.999000+00:00,2.82e-06,2.87e-06,2.8e-06,2.86e-06,338639822644.0
2026-08-08 04:00:00+00:00,2026-08-08 07:59:59.999000+00:00,2.86e-06,2.88e-06,2.85e-06,2.85e-06,355635318806.0
2026-08-08 08:00:00+00:00,2026-08-08 11:59:59.999000+00:00,2.86e-06,2.88e-06,2.85e-06,2.87e-06,352371414729.0
2026-08-08 12:00:00+00:00,2026-08-08 15:59:59.999000+00:00,2.87e-06,2.89e-06,2.85e-06,2.88e-06,691492287863.0
2026-08-08 16:00:00+00:00,2026-08-08 19:59:59.999000+00:00,2.89e-06,2.9e-06,2.86e-06,2.86e-06,255359947359.0
2026-08-08 20:00:00+00:00,2026-08-08 23:59:59.999000+00:00,2.87e-06,2.87e-06,2.84e-06,2.85e-06,184692240606.0
2026-08-09 00:00:00+00:00,2026-08-09 03:59:59.999000+00:00,2.86e-06,2.87e-06,2.84e-06,2.85e-06,195869658720.0
2026-08-09 04:00:00+00:00,2026-08-09 07:59:59.999000+00:00,2.85e-06,2.88e-06,2.84e-06,2.87e-06,522754579717.0
2026-08-09 08:00:00+00:00,2026-08-09 11:59:59.999000+00:00,2.88e-06,2.89e-06,2.86e-06,2.87e-06,306914392984.0
2026-08-09 12:00:00+00:00,2026-08-09 15:59:59.999000+00:00,2.87e-06,2.9e-06,2.86e-06,2.89e-06,432433021221.0
2026-08-09 16:00:00+00:00,2026-08-09 19:59:59.999000+00:00,2.89e-06,2.94e-06,2.88e-06,2.92e-06,817159880353.0
2026-08-09 20:00:00+00:00,2026-08-09 23:59:59.999000+00:00,2.92e-06,2.96e-06,2.87e-06,2.88e-06,919475497682.0
2026-08-10 00:00:00+00:00,2026-08-10 03:59:59.999000+00:00,2.88e-06,2.94e-06,2.87e-06,2.89e-06,891290375194.0
2026-08-10 04:00:00+00:00,2026-08-10 07:59:59.999000+00:00,2.89e-06,2.91e-06,2.88e-06,2.89e-06,463324203447.0
2026-08-10 08:00:00+00:00,2026-08-10 11:59:59.999000+00:00,2.89e-06,2.91e-06,2.87e-06,2.9e-06,463749104235.0
2026-08-10 12:00:00+00:00,2026-08-10 15:59:59.999000+00:00,2.89e-06,2.91e-06,2.84e-06,2.87e-06,920790347229.0
2026-08-10 16:00:00+00:00,2026-08-10 19:59:59.999000+00:00,2.87e-06,2.89e-06,2.85e-06,2.87e-06,430103230677.0
2026-08-10 20:00:00+00:00,2026-08-10 23:59:59.999000+00:00,2.87e-06,2.89e-06,2.85e-06,2.87e-06,283152668535.0
2026-08-11 00:00:00+00:00,2026-08-11 03:59:59.999000+00:00,2.87e-06,2.9e-06,2.86e-06,2.87e-06,388980474162.0
2026-08-11 04:00:00+00:00,2026-08-11 07:59:59.999000+00:00,2.86e-06,2.88e-06,2.84e-06,2.86e-06,453507681009.0
2026-08-11 08:00:00+00:00,2026-08-11 11:59:59.999000+00:00,2.86e-06,2.88e-06,2.84e-06,2.87e-06,462353449092.0
2026-08-11 12:00:00+00:00,2026-08-11 15:59:59.999000+00:00,2.87e-06,2.87e-06,2.77e-06,2.79e-06,1182871377714.0
2026-08-11 16:00:00+00:00,2026-08-11 19:59:59.999000+00:00,2.79e-06,2.81e-06,2.78e-06,2.8e-06,323753618807.0
2026-08-11 20:00:00+00:00,2026-08-11 23:59:59.999000+00:00,2.81e-06,2.85e-06,2.8e-06,2.84e-06,516723753437.0
2026-08-12 00:00:00+00:00,2026-08-12 03:59:59.999000+00:00,2.84e-06,2.87e-06,2.83e-06,2.84e-06,379455442418.0
2026-08-12 04:00:00+00:00,2026-08-12 07:59:59.999000+00:00,2.85e-06,2.87e-06,2.82e-06,2.83e-06,267189746740.0
2026-08-12 08:00:00+00:00,2026-08-12 11:59:59.999000+00:00,2.84e-06,2.85e-06,2.81e-06,2.85e-06,295943857286.0
2026-08-12 12:00:00+00:00,2026-08-12 15:59:59.999000+00:00,2.84e-06,2.86e-06,2.78e-06,2.8e-06,1051938138763.0
2026-08-12 16:00:00+00:00,2026-08-12 19:59:59.999000+00:00,2.8e-06,2.81e-06,2.77e-06,2.78e-06,508791265232.0
2026-08-12 20:00:00+00:00,2026-08-12 23:59:59.999000+00:00,2.79e-06,2.8e-06,2.62e-06,2.68e-06,1416872075209.0
2026-08-13 00:00:00+00:00,2026-08-13 03:59:59.999000+00:00,2.68e-06,2.74e-06,2.66e-06,2.72e-06,657853253658.0
2026-08-13 04:00:00+00:00,2026-08-13 07:59:59.999000+00:00,2.72e-06,2.74e-06,2.7e-06,2.7e-06,451336707451.0
2026-08-13 08:00:00+00:00,2026-08-13 11:59:59.999000+00:00,2.71e-06,2.72e-06,2.68e-06,2.69e-06,503663424733.0
2026-08-13 12:00:00+00:00,2026-08-13 15:59:59.999000+00:00,2.7e-06,2.71e-06,2.66e-06,2.66e-06,501449260466.0
2026-08-13 16:00:00+00:00,2026-08-13 19:59:59.999000+00:00,2.67e-06,2.68e-06,2.63e-06,2.68e-06,722115752146.0
2026-08-13 20:00:00+00:00,2026-08-13 23:59:59.999000+00:00,2.68e-06,2.69e-06,2.66e-06,2.69e-06,146714367514.0
2026-08-14 00:00:00+00:00,2026-08-14 03:59:59.999000+00:00,2.69e-06,2.72e-06,2.68e-06,2.68e-06,254475783254.0
2026-08-14 04:00:00+00:00,2026-08-14 07:59:59.999000+00:00,2.69e-06,2.7e-06,2.65e-06,2.65e-06,350856752266.0
2026-08-14 08:00:00+00:00,2026-08-14 11:59:59.999000+00:00,2.66e-06,2.68e-06,2.63e-06,2.64e-06,326683530300.0
2026-08-14 12:00:00+00:00,2026-08-14 15:59:59.999000+00:00,2.63e-06,2.66e-06,2.61e-06,2.65e-06,488004536023.0
2026-08-14 16:00:00+00:00,2026-08-14 19:59:59.999000+00:00,2.65e-06,2.69e-06,2.64e-06,2.65e-06,469711199121.0
2026-08-14 20:00:00+00:00,2026-08-14 23:59:59.999000+00:00,2.65e-06,2.67e-06,2.63e-06,2.67e-06,237832779935.0
2026-08-15 00:00:00+00:00,2026-08-15 03:59:59.999000+00:00,2.67e-06,2.68e-06,2.65e-06,2.67e-06,248551897721.0
2026-08-15 04:00:00+00:00,2026-08-15 07:59:59.999000+00:00,2.67e-06,2.68e-06,2.63e-06,2.65e-06,183137795498.0
2026-08-15 08:00:00+00:00,2026-08-15 11:59:59.999000+00:00,2.65e-06,2.65e-06,2.63e-06,2.64e-06,86328530189.0
2026-08-15 12:00:00+00:00,2026-08-15 15:59:59.999000+00:00,2.64e-06,2.66e-06,2.64e-06,2.66e-06,128472038200.0
2026-08-15 16:00:00+00:00,2026-08-15 19:59:59.999000+00:00,2.66e-06,2.67e-06,2.64e-06,2.65e-06,254313325235.0
2026-08-15 20:00:00+00:00,2026-08-15 23:59:59.999000+00:00,2.65e-06,2.66e-06,2.61e-06,2.62e-06,325509882397.0
2026-08-16 00:00:00+00:00,2026-08-16 03:59:59.999000+00:00,2.63e-06,2.63e-06,2.59e-06,2.61e-06,550022567070.0
2026-08-16 04:00:00+00:00,2026-08-16 07:59:59.999000+00:00,2.62e-06,2.62e-06,2.59e-06,2.61e-06,315080311466.0
2026-08-16 08:00:00+00:00,2026-08-16 11:59:59.999000+00:00,2.61e-06,2.62e-06,2.59e-06,2.61e-06,86439181645.0
2026-08-16 12:00:00+00:00,2026-08-16 15:59:59.999000+00:00,2.61e-06,2.63e-06,2.6e-06,2.63e-06,150665214064.0
2026-08-16 16:00:00+00:00,2026-08-16 19:59:59.999000+00:00,2.63e-06,2.63e-06,2.58e-06,2.59e-06,245056180654.0
2026-08-16 20:00:00+00:00,2026-08-16 23:59:59.999000+00:00,2.6e-06,2.6e-06,2.53e-06,2.57e-06,642627082397.0
2026-08-17 00:00:00+00:00,2026-08-17 03:59:59.999000+00:00,2.58e-06,2.63e-06,2.55e-06,2.62e-06,463926491846.0
2026-08-17 04:00:00+00:00,2026-08-17 07:59:59.999000+00:00,2.62e-06,2.63e-06,2.6e-06,2.62e-06,468265211277.0
2026-08-17 08:00:00+00:00,2026-08-17 11:59:59.999000+00:00,2.62e-06,2.62e-06,2.57e-06,2.6e-06,459181319481.0
2026-08-17 12:00:00+00:00,2026-08-17 15:59:59.999000+00:00,2.6e-06,2.61e-06,2.56e-06,2.59e-06,731657699382.0
2026-08-17 16:00:00+00:00,2026-08-17 19:59:59.999000+00:00,2.6e-06,2.61e-06,2.57e-06,2.59e-06,618893980041.0
2026-08-17 20:00:00+00:00,2026-08-17 23:59:59.999000+00:00,2.59e-06,2.62e-06,2.57e-06,2.59e-06,463425762180.0
2026-08-18 00:00:00+00:00,2026-08-18 03:59:59.999000+00:00,2.59e-06,2.59e-06,2.54e-06,2.56e-06,484157688314.0
2026-08-18 04:00:00+00:00,2026-08-18 07:59:59.999000+00:00,2.56e-06,2.57e-06,2.54e-06,2.56e-06,443295007414.0
2026-08-18 08:00:00+00:00,2026-08-18 11:59:59.999000+00:00,2.56e-06,2.59e-06,2.53e-06,2.58e-06,272028357833.0
2026-08-18 12:00:00+00:00,2026-08-18 15:59:59.999000+00:00,2.58e-06,2.61e-06,2.55e-06,2.61e-06,518202958470.0
2026-08-18 16:00:00+00:00,2026-08-18 19:59:59.999000+00:00,2.61e-06,2.62e-06,2.59e-06,2.61e-06,461965817375.0
2026-08-18 20:00:00+00:00,2026-08-18 23:59:59.999000+00:00,2.61e-06,2.61e-06,2.57e-06,2.58e-06,229033950444.0
2026-08-19 00:00:00+00:00,2026-08-19 03:59:59.999000+00:00,2.59e-06,2.6e-06,2.56e-06,2.6e-06,327016019780.0
2026-08-19 04:00:00+00:00,2026-08-19 07:59:59.999000+00:00,2.59e-06,2.61e-06,2.58e-06,2.59e-06,306256899247.0
2026-08-19 08:00:00+00:00,2026-08-19 11:59:59.999000+00:00,2.59e-06,2.61e-06,2.57e-06,2.6e-06,310374954009.0
2026-08-19 12:00:00+00:00,2026-08-19 15:59:59.999000+00:00,2.61e-06,2.77e-06,2.59e-06,2.7e-06,2919437858963.0
2026-08-19 16:00:00+00:00,2026-08-19 19:59:59.999000+00:00,2.69e-06,2.73e-06,2.67e-06,2.71e-06,1459532868101.0
2026-08-19 20:00:00+00:00,2026-08-19 23:59:59.999000+00:00,2.72e-06,2.93e-06,2.71e-06,2.87e-06,4388592645496.0
2026-08-20 00:00:00+00:00,2026-08-20 03:59:59.999000+00:00,2.88e-06,2.95e-06,2.87e-06,2.92e-06,2582319304078.0
2026-08-20 04:00:00+00:00,2026-08-20 07:59:59.999000+00:00,2.91e-06,2.99e-06,2.88e-06,2.98e-06,2460200671926.0
2026-08-20 08:00:00+00:00,2026-08-20 11:59:59.999000+00:00,2.98e-06,3.22e-06,2.96e-06,3.15e-06,7211996652058.0
2026-08-20 12:00:00+00:00,2026-08-20 15:59:59.999000+00:00,3.15e-06,3.24e-06,3.08e-06,3.21e-06,3814826736192.0
2026-08-20 16:00:00+00:00,2026-08-20 19:59:59.999000+00:00,3.21e-06,3.23e-06,3.09e-06,3.12e-06,2093868322653.0
2026-08-20 20:00:00+00:00,2026-08-20 23:59:59.999000+00:00,3.12e-06,3.27e-06,3.12e-06,3.21e-06,1858972054843.0
2026-08-21 00:00:00+00:00,2026-08-21 03:59:59.999000+00:00,3.21e-06,3.27e-06,3.17e-06,3.23e-06,2408188328067.0
2026-08-21 04:00:00+00:00,2026-08-21 07:59:59.999000+00:00,3.23e-06,3.51e-06,3.22e-06,3.44e-06,3528177987324.0
2026-08-21 08:00:00+00:00,2026-08-21 11:59:59.999000+00:00,3.45e-06,3.73e-06,3.42e-06,3.53e-06,7065665175477.0
2026-08-21 12:00:00+00:00,2026-08-21 15:59:59.999000+00:00,3.53e-06,3.77e-06,3.51e-06,3.7e-06,3452038484567.0
2026-08-21 16:00:00+00:00,2026-08-21 19:59:59.999000+00:00,3.7e-06,4.1e-06,3.67e-06,3.8e-06,6385855579473.0
2026-08-21 20:00:00+00:00,2026-08-21 23:59:59.999000+00:00,3.8e-06,4.23e-06,3.77e-06,4.12e-06,6107847975724.0
2026-08-22 00:00:00+00:00,2026-08-22 03:59:59.999000+00:00,4.12e-06,4.36e-06,4.04e-06,4.23e-06,5629966551519.0
2026-08-22 04:00:00+00:00,2026-08-22 07:59:59.999000+00:00,4.23e-06,4.56e-06,3.63e-06,4.15e-06,12699158416999.0
2026-08-22 08:00:00+00:00,2026-08-22 11:59:59.999000+00:00,4.16e-06,4.19e-06,3.89e-06,4e-06,4592325799730.0
2026-08-22 12:00:00+00:00,2026-08-22 15:59:59.999000+00:00,4e-06,4.1e-06,3.95e-06,4e-06,2817191429448.0
2026-08-22 16:00:00+00:00,2026-08-22 19:59:59.999000+00:00,4.01e-06,4.21e-06,3.99e-06,4.14e-06,3736028340628.0
2026-08-22 20:00:00+00:00,2026-08-22 23:59:59.999000+00:00,4.14e-06,4.19e-06,3.98e-06,4.06e-06,2904554856329.0
2026-08-23 00:00:00+00:00,2026-08-23 03:59:59.999000+00:00,4.07e-06,4.17e-06,3.97e-06,4.01e-06,3233629543856.0
2026-08-23 04:00:00+00:00,2026-08-23 07:59:59.999000+00:00,4e-06,4.07e-06,3.83e-06,3.91e-06,3635008667774.0
2026-08-23 08:00:00+00:00,2026-08-23 11:59:59.999000+00:00,3.9e-06,4.09e-06,3.89e-06,4.08e-06,2574305659083.0
2026-08-23 12:00:00+00:00,2026-08-23 15:59:59.999000+00:00,4.07e-06,4.16e-06,3.99e-06,4.1e-06,3182408561565.0
2026-08-23 16:00:00+00:00,2026-08-23 19:59:59.999000+00:00,4.1e-06,4.14e-06,4.06e-06,4.08e-06,1311414731378.0
2026-08-23 20:00:00+00:00,2026-08-23 23:59:59.999000+00:00,4.08e-06,4.27e-06,4.06e-06,4.1e-06,2361331130829.0
2026-08-24 00:00:00+00:00,2026-08-24 03:59:59.999000+00:00,4.1e-06,4.11e-06,3.96e-06,4e-06,1656411572780.0
2026-08-24 04:00:00+00:00,2026-08-24 07:59:59.999000+00:00,4e-06,4.08e-06,3.98e-06,4.02e-06,1630765340585.0
2026-08-24 08:00:00+00:00,2026-08-24 11:59:59.999000+00:00,4.02e-06,4.14e-06,3.97e-06,4.09e-06,2125671164277.0
2026-08-24 12:00:00+00:00,2026-08-24 15:59:59.999000+00:00,4.09e-06,4.22e-06,4.01e-06,4.08e-06,5336029079932.0
2026-08-24 16:00:00+00:00,2026-08-24 19:59:59.999000+00:00,4.09e-06,4.2e-06,3.94e-06,4e-06,2990793444461.0
2026-08-24 20:00:00+00:00,2026-08-24 23:59:59.999000+00:00,4.01e-06,4.05e-06,3.98e-06,4.05e-06,787559518999.0
2026-08-25 00:00:00+00:00,2026-08-25 03:59:59.999000+00:00,4.04e-06,4.31e-06,4.01e-06,4.2e-06,4527367677175.0
2026-08-25 04:00:00+00:00,2026-08-25 07:59:59.999000+00:00,4.2e-06,4.27e-06,4.02e-06,4.06e-06,3631041059841.0
2026-08-25 08:00:00+00:00,2026-08-25 11:59:59.999000+00:00,4.05e-06,4.1e-06,4.01e-06,4.03e-06,1757686591517.0
2026-08-25 12:00:00+00:00,2026-08-25 15:59:59.999000+00:00,4.04e-06,4.04e-06,3.89e-06,4e-06,2986503624343.0
2026-08-25 16:00:00+00:00,2026-08-25 19:59:59.999000+00:00,3.99e-06,4e-06,3.91e-06,3.94e-06,1512261440322.0
2026-08-25 20:00:00+00:00,2026-08-25 23:59:59.999000+00:00,3.94e-06,3.94e-06,3.75e-06,3.82e-06,2865443223906.0
2026-08-26 00:00:00+00:00,2026-08-26 03:59:59.999000+00:00,3.82e-06,3.88e-06,3.8e-06,3.86e-06,1033957445135.0
2026-08-26 04:00:00+00:00,2026-08-26 07:59:59.999000+00:00,3.86e-06,3.87e-06,3.8e-06,3.81e-06,917687129363.0
2026-08-26 08:00:00+00:00,2026-08-26 11:59:59.999000+00:00,3.81e-06,3.83e-06,3.75e-06,3.78e-06,994823319033.0
2026-08-26 12:00:00+00:00,2026-08-26 15:59:59.999000+00:00,3.79e-06,3.83e-06,3.65e-06,3.7e-06,2633366903350.0
2026-08-26 16:00:00+00:00,2026-08-26 19:59:59.999000+00:00,3.7e-06,3.74e-06,3.65e-06,3.71e-06,1168470862194.0
2026-08-26 20:00:00+00:00,2026-08-26 23:59:59.999000+00:00,3.71e-06,3.88e-06,3.68e-06,3.85e-06,1311625027868.0
2026-08-27 00:00:00+00:00,2026-08-27 03:59:59.999000+00:00,3.86e-06,3.86e-06,3.79e-06,3.8e-06,856144118588.0
2026-08-27 04:00:00+00:00,2026-08-27 07:59:59.999000+00:00,3.81e-06,3.83e-06,3.76e-06,3.83e-06,673566189539.0
2026-08-27 08:00:00+00:00,2026-08-27 11:59:59.999000+00:00,3.83e-06,4e-06,3.82e-06,3.91e-06,3886205813031.0
2026-08-27 12:00:00+00:00,2026-08-27 15:59:59.999000+00:00,3.92e-06,4.02e-06,3.88e-06,3.92e-06,2759580716632.0
2026-08-27 16:00:00+00:00,2026-08-27 19:59:59.999000+00:00,3.92e-06,3.96e-06,3.85e-06,3.92e-06,2184231536693.0
2026-08-27 20:00:00+00:00,2026-08-27 23:59:59.999000+00:00,3.92e-06,3.93e-06,3.87e-06,3.9e-06,882380949384.0
2026-08-28 00:00:00+00:00,2026-08-28 03:59:59.999000+00:00,3.9e-06,3.97e-06,3.79e-06,3.81e-06,2221059776314.0
2026-08-28 04:00:00+00:00,2026-08-28 07:59:59.999000+00:00,3.82e-06,3.84e-06,3.76e-06,3.79e-06,1058072523021.0
2026-08-28 08:00:00+00:00,2026-08-28 11:59:59.999000+00:00,3.79e-06,3.83e-06,3.76e-06,3.8e-06,869804393805.0
2026-08-28 12:00:00+00:00,2026-08-28 15:59:59.999000+00:00,3.81e-06,3.85e-06,3.72e-06,3.73e-06,2225491108988.0
2026-08-28 16:00:00+00:00,2026-08-28 19:59:59.999000+00:00,3.73e-06,3.74e-06,3.61e-06,3.67e-06,2520751829620.0
2026-08-28 20:00:00+00:00,2026-08-28 23:59:59.999000+00:00,3.68e-06,3.7e-06,3.64e-06,3.7e-06,605085719693.0
2026-08-29 00:00:00+00:00,2026-08-29 03:59:59.999000+00:00,3.7e-06,3.71e-06,3.62e-06,3.63e-06,743378478082.0
2026-08-29 04:00:00+00:00,2026-08-29 07:59:59.999000+00:00,3.64e-06,3.67e-06,3.61e-06,3.62e-06,594563571898.0
2026-08-29 08:00:00+00:00,2026-08-29 11:59:59.999000+00:00,3.62e-06,3.64e-06,3.59e-06,3.62e-06,423964885016.0
2026-08-29 12:00:00+00:00,2026-08-29 15:59:59.999000+00:00,3.63e-06,3.68e-06,3.61e-06,3.65e-06,691551205905.0
2026-08-29 16:00:00+00:00,2026-08-29 19:59:59.999000+00:00,3.65e-06,3.67e-06,3.62e-06,3.66e-06,575306241397.0
2026-08-29 20:00:00+00:00,2026-08-29 23:59:59.999000+00:00,3.66e-06,3.67e-06,3.64e-06,3.65e-06,322031525264.0
2026-08-30 00:00:00+00:00,2026-08-30 03:59:59.999000+00:00,3.66e-06,3.67e-06,3.63e-06,3.64e-06,431464420904.0
2026-08-30 04:00:00+00:00,2026-08-30 07:59:59.999000+00:00,3.64e-06,3.67e-06,3.62e-06,3.63e-06,322405187665.0
2026-08-30 08:00:00+00:00,2026-08-30 11:59:59.999000+00:00,3.64e-06,3.65e-06,3.61e-06,3.64e-06,314496374627.0
2026-08-30 12:00:00+00:00,2026-08-30 15:59:59.999000+00:00,3.64e-06,3.7e-06,3.63e-06,3.68e-06,949923525988.0
2026-08-30 16:00:00+00:00,2026-08-30 19:59:59.999000+00:00,3.69e-06,3.82e-06,3.67e-06,3.71e-06,2065682967322.0
2026-08-30 20:00:00+00:00,2026-08-30 23:59:59.999000+00:00,3.71e-06,3.73e-06,3.36e-06,3.4e-06,3225282385295.0
2026-08-31 00:00:00+00:00,2026-08-31 03:59:59.999000+00:00,3.41e-06,3.47e-06,3.39e-06,3.44e-06,1664895813221.0
2026-08-31 04:00:00+00:00,2026-08-31 07:59:59.999000+00:00,3.45e-06,3.52e-06,3.42e-06,3.52e-06,986130063447.0
2026-08-31 08:00:00+00:00,2026-08-31 11:59:59.999000+00:00,3.52e-06,3.61e-06,3.51e-06,3.58e-06,1625600409512.0
2026-08-31 12:00:00+00:00,2026-08-31 15:59:59.999000+00:00,3.58e-06,3.63e-06,3.51e-06,3.54e-06,1947169658199.0
2026-08-31 16:00:00+00:00,2026-08-31 19:59:59.999000+00:00,3.55e-06,3.61e-06,3.53e-06,3.57e-06,832970555840.0
2026-08-31 20:00:00+00:00,2026-08-31 23:59:59.999000+00:00,3.56e-06,3.6e-06,3.54e-06,3.55e-06,532049042131.0
2026-09-01 00:00:00+00:00,2026-09-01 03:59:59.999000+00:00,3.56e-06,3.6e-06,3.54e-06,3.56e-06,761022618807.0
2026-09-01 04:00:00+00:00,2026-09-01 07:59:59.999000+00:00,3.57e-06,3.57e-06,3.51e-06,3.54e-06,599769470315.0
2026-09-01 08:00:00+00:00,2026-09-01 11:59:59.999000+00:00,3.54e-06,3.54e-06,3.46e-06,3.51e-06,1695365394220.0
2026-09-01 12:00:00+00:00,2026-09-01 15:59:59.999000+00:00,3.51e-06,3.55e-06,3.47e-06,3.52e-06,1317964916179.0
2026-09-01 16:00:00+00:00,2026-09-01 19:59:59.999000+00:00,3.52e-06,3.52e-06,3.43e-06,3.48e-06,1377287424404.0
2026-09-01 20:00:00+00:00,2026-09-01 23:59:59.999000+00:00,3.49e-06,3.5e-06,3.44e-06,3.47e-06,693003483137.0
2026-09-02 00:00:00+00:00,2026-09-02 03:59:59.999000+00:00,3.48e-06,3.51e-06,3.42e-06,3.48e-06,590725505965.0
2026-09-02 04:00:00+00:00,2026-09-02 07:59:59.999000+00:00,3.47e-06,3.48e-06,3.44e-06,3.44e-06,532479402977.0
2026-09-02 08:00:00+00:00,2026-09-02 11:59:59.999000+00:00,3.45e-06,3.46e-06,3.37e-06,3.42e-06,1202854942475.0
2026-09-02 12:00:00+00:00,2026-09-02 15:59:59.999000+00:00,3.42e-06,3.44e-06,3.36e-06,3.42e-06,1053901547043.0
2026-09-02 16:00:00+00:00,2026-09-02 19:59:59.999000+00:00,3.41e-06,3.42e-06,3.36e-06,3.4e-06,567547905324.0
2026-09-02 20:00:00+00:00,2026-09-02 23:59:59.999000+00:00,3.4e-06,3.44e-06,3.38e-06,3.43e-06,690262419456.0
2026-09-03 00:00:00+00:00,2026-09-03 03:59:59.999000+00:00,3.43e-06,3.48e-06,3.39e-06,3.46e-06,1147306595499.0
2026-09-03 04:00:00+00:00,2026-09-03 07:59:59.999000+00:00,3.46e-06,3.49e-06,3.4e-06,3.46e-06,1031602143652.0
2026-09-03 08:00:00+00:00,2026-09-03 11:59:59.999000+00:00,3.47e-06,3.51e-06,3.44e-06,3.49e-06,736535036287.0
2026-09-03 12:00:00+00:00,2026-09-03 15:59:59.999000+00:00,3.49e-06,3.87e-06,3.47e-06,3.86e-06,5118426698186.0
2026-09-03 16:00:00+00:00,2026-09-03 19:59:59.999000+00:00,3.85e-06,3.88e-06,3.76e-06,3.8e-06,3112343925347.0
2026-09-03 20:00:00+00:00,2026-09-03 23:59:59.999000+00:00,3.8e-06,3.81e-06,3.65e-06,3.71e-06,1465791968703.0
2026-09-04 00:00:00+00:00,2026-09-04 03:59:59.999000+00:00,3.72e-06,3.72e-06,3.64e-06,3.67e-06,984213383486.0
2026-09-04 04:00:00+00:00,2026-09-04 07:59:59.999000+00:00,3.67e-06,3.7e-06,3.61e-06,3.63e-06,897018852365.0
2026-09-04 08:00:00+00:00,2026-09-04 11:59:59.999000+00:00,3.64e-06,3.71e-06,3.63e-06,3.68e-06,1396139388274.0
2026-09-04 12:00:00+00:00,2026-09-04 15:59:59.999000+00:00,3.69e-06,3.72e-06,3.48e-06,3.53e-06,4266683329573.0
2026-09-04 16:00:00+00:00,2026-09-04 19:59:59.999000+00:00,3.52e-06,3.59e-06,3.51e-06,3.59e-06,982757235509.0
2026-09-04 20:00:00+00:00,2026-09-04 23:59:59.999000+00:00,3.59e-06,3.6e-06,3.49e-06,3.53e-06,800996798295.0
2026-09-05 00:00:00+00:00,2026-09-05 03:59:59.999000+00:00,3.53e-06,3.53e-06,3.44e-06,3.46e-06,1572136129911.0
2026-09-05 04:00:00+00:00,2026-09-05 07:59:59.999000+00:00,3.47e-06,3.53e-06,3.45e-06,3.52e-06,1154269254869.0
2026-09-05 08:00:00+00:00,2026-09-05 11:59:59.999000+00:00,3.52e-06,3.55e-06,3.5e-06,3.53e-06,796005038157.0
2026-09-05 12:00:00+00:00,2026-09-05 15:59:59.999000+00:00,3.53e-06,3.59e-06,3.52e-06,3.57e-06,1378130714783.0
2026-09-05 16:00:00+00:00,2026-09-05 19:59:59.999000+00:00,3.57e-06,3.71e-06,3.56e-06,3.61e-06,2354269316367.0
2026-09-05 20:00:00+00:00,2026-09-05 23:59:59.999000+00:00,3.61e-06,3.66e-06,3.6e-06,3.61e-06,908595641927.0
2026-09-06 00:00:00+00:00,2026-09-06 03:59:59.999000+00:00,3.61e-06,3.69e-06,3.6e-06,3.67e-06,1180265456760.0
2026-09-06 04:00:00+00:00,2026-09-06 07:59:59.999000+00:00,3.67e-06,3.67e-06,3.6e-06,3.64e-06,977695327416.0
2026-09-06 08:00:00+00:00,2026-09-06 11:59:59.999000+00:00,3.64e-06,3.66e-06,3.6e-06,3.64e-06,607951284010.0
2026-09-06 12:00:00+00:00,2026-09-06 15:59:59.999000+00:00,3.64e-06,3.65e-06,3.53e-06,3.58e-06,1456114202431.0
2026-09-06 16:00:00+00:00,2026-09-06 19:59:59.999000+00:00,3.58e-06,3.61e-06,3.57e-06,3.6e-06,478569127429.0
2026-09-06 20:00:00+00:00,2026-09-06 23:59:59.999000+00:00,3.6e-06,3.66e-06,3.59e-06,3.65e-06,818133471837.0
2026-09-07 00:00:00+00:00,2026-09-07 03:59:59.999000+00:00,3.66e-06,3.67e-06,3.56e-06,3.58e-06,1253340686801.0
2026-09-07 04:00:00+00:00,2026-09-07 07:59:59.999000+00:00,3.58e-06,3.64e-06,3.53e-06,3.57e-06,949559924026.0
2026-09-07 08:00:00+00:00,2026-09-07 11:59:59.999000+00:00,3.56e-06,3.62e-06,3.55e-06,3.6e-06,600705299017.0
2026-09-07 12:00:00+00:00,2026-09-07 15:59:59.999000+00:00,3.6e-06,3.71e-06,3.55e-06,3.56e-06,2279847961818.0
2026-09-07 16:00:00+00:00,2026-09-07 19:59:59.999000+00:00,3.56e-06,3.64e-06,3.56e-06,3.63e-06,574691903943.0
2026-09-07 20:00:00+00:00,2026-09-07 23:59:59.999000+00:00,3.63e-06,3.64e-06,3.56e-06,3.63e-06,612191888085.0
2026-09-08 00:00:00+00:00,2026-09-08 03:59:59.999000+00:00,3.63e-06,3.69e-06,3.58e-06,3.61e-06,1034785381200.0
2026-09-08 04:00:00+00:00,2026-09-08 07:59:59.999000+00:00,3.6e-06,3.65e-06,3.56e-06,3.6e-06,952599909454.0
2026-09-08 08:00:00+00:00,2026-09-08 11:59:59.999000+00:00,3.61e-06,3.66e-06,3.58e-06,3.61e-06,938786989824.0
2026-09-08 12:00:00+00:00,2026-09-08 15:59:59.999000+00:00,3.61e-06,3.68e-06,3.55e-06,3.67e-06,1924867874661.0
2026-09-08 16:00:00+00:00,2026-09-08 19:59:59.999000+00:00,3.68e-06,3.7e-06,3.6e-06,3.64e-06,1223933890581.0
2026-09-08 20:00:00+00:00,2026-09-08 23:59:59.999000+00:00,3.64e-06,3.69e-06,3.63e-06,3.66e-06,620024747654.0
2026-09-09 00:00:00+00:00,2026-09-09 03:59:59.999000+00:00,3.66e-06,3.77e-06,3.62e-06,3.65e-06,1458494908016.0
2026-09-09 04:00:00+00:00,2026-09-09 07:59:59.999000+00:00,3.65e-06,3.74e-06,3.64e-06,3.71e-06,1033377856191.0
2026-09-09 08:00:00+00:00,2026-09-09 11:59:59.999000+00:00,3.71e-06,3.74e-06,3.65e-06,3.72e-06,917304570678.0
2026-09-09 12:00:00+00:00,2026-09-09 15:59:59.999000+00:00,3.72e-06,3.74e-06,3.55e-06,3.6e-06,2351753472294.0
2026-09-09 16:00:00+00:00,2026-09-09 19:59:59.999000+00:00,3.6e-06,3.64e-06,3.52e-06,3.53e-06,1195818713968.0
2026-09-09 20:00:00+00:00,2026-09-09 23:59:59.999000+00:00,3.54e-06,3.55e-06,3.4e-06,3.48e-06,1751367290012.0
2026-09-10 00:00:00+00:00,2026-09-10 03:59:59.999000+00:00,3.48e-06,3.49e-06,3.42e-06,3.47e-06,1112687559107.0
2026-09-10 04:00:00+00:00,2026-09-10 07:59:59.999000+00:00,3.46e-06,3.48e-06,3.42e-06,3.44e-06,774786482653.0
2026-09-10 08:00:00+00:00,2026-09-10 11:59:59.999000+00:00,3.44e-06,3.46e-06,3.39e-06,3.42e-06,916259515103.0
2026-09-10 12:00:00+00:00,2026-09-10 15:59:59.999000+00:00,3.42e-06,3.43e-06,3.25e-06,3.28e-06,3541697667704.0
2026-09-10 16:00:00+00:00,2026-09-10 19:59:59.999000+00:00,3.28e-06,3.33e-06,3.22e-06,3.31e-06,1386904086901.0
2026-09-10 20:00:00+00:00,2026-09-10 23:59:59.999000+00:00,3.31e-06,3.34e-06,3.22e-06,3.24e-06,868023563392.0
2026-09-11 00:00:00+00:00,2026-09-11 03:59:59.999000+00:00,3.24e-06,3.3e-06,3.23e-06,3.3e-06,779274505678.0
2026-09-11 04:00:00+00:00,2026-09-11 07:59:59.999000+00:00,3.29e-06,3.33e-06,3.29e-06,3.31e-06,648829722054.0
2026-09-11 08:00:00+00:00,2026-09-11 11:59:59.999000+00:00,3.31e-06,3.34e-06,3.23e-06,3.26e-06,696408016073.0
2026-09-11 12:00:00+00:00,2026-09-11 15:59:59.999000+00:00,3.26e-06,3.57e-06,3.2e-06,3.36e-06,5291361948794.0
2026-09-11 16:00:00+00:00,2026-09-11 19:59:59.999000+00:00,3.36e-06,3.4e-06,3.24e-06,3.3e-06,1797085352270.0
2026-09-11 20:00:00+00:00,2026-09-11 23:59:59.999000+00:00,3.3e-06,3.32e-06,3.25e-06,3.31e-06,880707766006.0
2026-09-12 00:00:00+00:00,2026-09-12 03:59:59.999000+00:00,3.31e-06,3.34e-06,3.29e-06,3.34e-06,466245380379.0
2026-09-12 04:00:00+00:00,2026-09-12 07:59:59.999000+00:00,3.34e-06,3.36e-06,3.3e-06,3.36e-06,454763686184.0
2026-09-12 08:00:00+00:00,2026-09-12 11:59:59.999000+00:00,3.35e-06,3.43e-06,3.34e-06,3.4e-06,815608740131.0
2026-09-12 12:00:00+00:00,2026-09-12 15:59:59.999000+00:00,3.4e-06,3.42e-06,3.37e-06,3.4e-06,665256793599.0
2026-09-12 16:00:00+00:00,2026-09-12 19:59:59.999000+00:00,3.4e-06,3.43e-06,3.38e-06,3.41e-06,521745613420.0
2026-09-12 20:00:00+00:00,2026-09-12 23:59:59.999000+00:00,3.42e-06,3.44e-06,3.4e-06,3.42e-06,380156436209.0
2026-09-13 00:00:00+00:00,2026-09-13 03:59:59.999000+00:00,3.43e-06,3.47e-06,3.41e-06,3.45e-06,578668879054.0
2026-09-13 04:00:00+00:00,2026-09-13 07:59:59.999000+00:00,3.45e-06,3.49e-06,3.42e-06,3.44e-06,679287951267.0
2026-09-13 08:00:00+00:00,2026-09-13 11:59:59.999000+00:00,3.44e-06,3.45e-06,3.36e-06,3.42e-06,997683380198.0
2026-09-13 12:00:00+00:00,2026-09-13 15:59:59.999000+00:00,3.42e-06,3.45e-06,3.38e-06,3.39e-06,681416280391.0
2026-09-13 16:00:00+00:00,2026-09-13 19:59:59.999000+00:00,3.4e-06,3.43e-06,3.39e-06,3.41e-06,401628620215.0
2026-09-13 20:00:00+00:00,2026-09-13 23:59:59.999000+00:00,3.41e-06,3.45e-06,3.33e-06,3.37e-06,1003300459412.0
2026-09-14 00:00:00+00:00,2026-09-14 03:59:59.999000+00:00,3.37e-06,3.47e-06,3.34e-06,3.44e-06,1481814723729.0
2026-09-14 04:00:00+00:00,2026-09-14 07:59:59.999000+00:00,3.43e-06,3.47e-06,3.43e-06,3.45e-06,656618771550.0
2026-09-14 08:00:00+00:00,2026-09-14 11:59:59.999000+00:00,3.45e-06,3.48e-06,3.4e-06,3.45e-06,716014459508.0
2026-09-14 12:00:00+00:00,2026-09-14 15:59:59.999000+00:00,3.45e-06,3.49e-06,3.4e-06,3.48e-06,1255717278820.0
2026-09-14 16:00:00+00:00,2026-09-14 19:59:59.999000+00:00,3.48e-06,3.58e-06,3.46e-06,3.52e-06,1565373296224.0
2026-09-14 20:00:00+00:00,2026-09-14 23:59:59.999000+00:00,3.51e-06,3.59e-06,3.45e-06,3.46e-06,1112218078915.0
2026-09-15 00:00:00+00:00,2026-09-15 03:59:59.999000+00:00,3.45e-06,3.49e-06,3.44e-06,3.46e-06,676013175593.0
2026-09-15 04:00:00+00:00,2026-09-15 07:59:59.999000+00:00,3.45e-06,3.47e-06,3.38e-06,3.41e-06,1073124275598.0
2026-09-15 08:00:00+00:00,2026-09-15 11:59:59.999000+00:00,3.42e-06,3.46e-06,3.4e-06,3.44e-06,579956355887.0
2026-09-15 12:00:00+00:00,2026-09-15 15:59:59.999000+00:00,3.44e-06,3.5e-06,3.33e-06,3.39e-06,2179752391212.0
2026-09-15 16:00:00+00:00,2026-09-15 19:59:59.999000+00:00,3.39e-06,3.46e-06,3.27e-06,3.37e-06,2695841262131.0
2026-09-15 20:00:00+00:00,2026-09-15 23:59:59.999000+00:00,3.37e-06,3.42e-06,3.31e-06,3.38e-06,1112964764836.0
2026-09-16 00:00:00+00:00,2026-09-16 03:59:59.999000+00:00,3.39e-06,3.4e-06,3.33e-06,3.39e-06,479500304374.0
2026-09-16 04:00:00+00:00,2026-09-16 07:59:59.999000+00:00,3.39e-06,3.42e-06,3.35e-06,3.36e-06,411915789632.0
2026-09-16 08:00:00+00:00,2026-09-16 11:59:59.999000+00:00,3.36e-06,3.38e-06,3.33e-06,3.36e-06,697236016334.0
2026-09-16 12:00:00+00:00,2026-09-16 15:59:59.999000+00:00,3.36e-06,3.38e-06,3.31e-06,3.31e-06,939240704816.0
2026-09-16 16:00:00+00:00,2026-09-16 19:59:59.999000+00:00,3.32e-06,3.41e-06,3.29e-06,3.38e-06,2210820527567.0
2026-09-16 20:00:00+00:00,2026-09-16 23:59:59.999000+00:00,3.39e-06,3.42e-06,3.35e-06,3.41e-06,806509768590.0
2026-09-17 00:00:00+00:00,2026-09-17 03:59:59.999000+00:00,3.4e-06,3.48e-06,3.38e-06,3.46e-06,974297818657.0
2026-09-17 04:00:00+00:00,2026-09-17 07:59:59.999000+00:00,3.46e-06,3.51e-06,3.43e-06,3.49e-06,726738633239.0
2026-09-17 08:00:00+00:00,2026-09-17 11:59:59.999000+00:00,3.49e-06,3.5e-06,3.45e-06,3.47e-06,734632700466.0
2026-09-17 12:00:00+00:00,2026-09-17 15:59:59.999000+00:00,3.47e-06,3.69e-06,3.47e-06,3.65e-06,2636826167527.0
2026-09-17 16:00:00+00:00,2026-09-17 19:59:59.999000+00:00,3.64e-06,3.66e-06,3.6e-06,3.63e-06,1130741125328.0
2026-09-17 20:00:00+00:00,2026-09-17 23:59:59.999000+00:00,3.63e-06,3.66e-06,3.58e-06,3.61e-06,544855131376.0
2026-09-18 00:00:00+00:00,2026-09-18 03:59:59.999000+00:00,3.6e-06,3.7e-06,3.59e-06,3.68e-06,1163052499097.0
2026-09-18 04:00:00+00:00,2026-09-18 07:59:59.999000+00:00,3.68e-06,3.71e-06,3.64e-06,3.7e-06,952086964611.0
2026-09-18 08:00:00+00:00,2026-09-18 11:59:59.999000+00:00,3.71e-06,3.77e-06,3.67e-06,3.71e-06,1507646117272.0
2026-09-18 12:00:00+00:00,2026-09-18 15:59:59.999000+00:00,3.7e-06,3.86e-06,3.67e-06,3.82e-06,3173817773638.0
2026-09-18 16:00:00+00:00,2026-09-18 19:59:59.999000+00:00,3.82e-06,3.87e-06,3.78e-06,3.83e-06,1823270985995.0
2026-09-18 20:00:00+00:00,2026-09-18 23:59:59.999000+00:00,3.83e-06,3.89e-06,3.8e-06,3.82e-06,1102562499980.0
2026-09-19 00:00:00+00:00,2026-09-19 03:59:59.999000+00:00,3.81e-06,3.85e-06,3.71e-06,3.78e-06,978970124599.0
2026-09-19 04:00:00+00:00,2026-09-19 07:59:59.999000+00:00,3.78e-06,3.82e-06,3.74e-06,3.75e-06,1030961298412.0
2026-09-19 08:00:00+00:00,2026-09-19 11:59:59.999000+00:00,3.75e-06,3.84e-06,3.74e-06,3.82e-06,866159705809.0
2026-09-19 12:00:00+00:00,2026-09-19 15:59:59.999000+00:00,3.82e-06,3.87e-06,3.8e-06,3.84e-06,1584907742736.0
2026-09-19 16:00:00+00:00,2026-09-19 19:59:59.999000+00:00,3.85e-06,4.33e-06,3.84e-06,4.22e-06,7317009768595.0
2026-09-19 20:00:00+00:00,2026-09-19 23:59:59.999000+00:00,4.23e-06,4.27e-06,4e-06,4.11e-06,3053542169869.0
2026-09-20 00:00:00+00:00,2026-09-20 03:59:59.999000+00:00,4.12e-06,4.14e-06,3.91e-06,4.04e-06,2217154307528.0
2026-09-20 04:00:00+00:00,2026-09-20 07:59:59.999000+00:00,4.04e-06,4.04e-06,3.98e-06,3.99e-06,892199461197.0
2026-09-20 08:00:00+00:00,2026-09-20 11:59:59.999000+00:00,3.99e-06,4.02e-06,3.92e-06,3.96e-06,902055844385.0
2026-09-20 12:00:00+00:00,2026-09-20 15:59:59.999000+00:00,3.96e-06,3.99e-06,3.87e-06,3.96e-06,1634272673313.0
2026-09-20 16:00:00+00:00,2026-09-20 19:59:59.999000+00:00,3.96e-06,4.03e-06,3.94e-06,4.02e-06,1644772964073.0
2026-09-20 20:00:00+00:00,2026-09-20 23:59:59.999000+00:00,4.01e-06,4.03e-06,3.92e-06,4e-06,1134304691219.0
2026-09-21 00:00:00+00:00,2026-09-21 03:59:59.999000+00:00,3.99e-06,4.1e-06,3.98e-06,4.01e-06,1962426947802.0
2026-09-21 04:00:00+00:00,2026-09-21 07:59:59.999000+00:00,4.01e-06,4.05e-06,3.98e-06,4.02e-06,874521205108.0
2026-09-21 08:00:00+00:00,2026-09-21 11:59:59.999000+00:00,4.02e-06,4.27e-06,4.02e-06,4.21e-06,3781663681343.0
2026-09-21 12:00:00+00:00,2026-09-21 15:59:59.999000+00:00,4.22e-06,5.09e-06,4.2e-06,5.07e-06,11643368219375.0
2026-09-21 16:00:00+00:00,2026-09-21 19:59:59.999000+00:00,5.07e-06,5.15e-06,4.82e-06,4.97e-06,6358031123596.0
2026-09-21 20:00:00+00:00,2026-09-21 23:59:59.999000+00:00,4.97e-06,5.03e-06,4.7e-06,4.77e-06,4613781679831.0
2026-09-22 00:00:00+00:00,2026-09-22 03:59:59.999000+00:00,4.77e-06,5.29e-06,4.76e-06,5.25e-06,7614085322966.0
2026-09-22 04:00:00+00:00,2026-09-22 07:59:59.999000+00:00,5.26e-06,5.36e-06,4.89e-06,5.13e-06,6484605320218.0
2026-09-22 08:00:00+00:00,2026-09-22 11:59:59.999000+00:00,5.13e-06,5.16e-06,4.87e-06,4.94e-06,3645900661112.0
2026-09-22 12:00:00+00:00,2026-09-22 15:59:59.999000+00:00,4.93e-06,4.97e-06,4.81e-06,4.87e-06,3200473470153.0
2026-09-22 16:00:00+00:00,2026-09-22 19:59:59.999000+00:00,4.87e-06,4.94e-06,4.79e-06,4.88e-06,1545378295448.0
2026-09-22 20:00:00+00:00,2026-09-22 23:59:59.999000+00:00,4.89e-06,5.03e-06,4.84e-06,4.99e-06,2136055373302.0
2026-09-23 00:00:00+00:00,2026-09-23 03:59:59.999000+00:00,4.98e-06,5.01e-06,4.84e-06,4.96e-06,2184779398465.0
2026-09-23 04:00:00+00:00,2026-09-23 07:59:59.999000+00:00,4.97e-06,5.07e-06,4.89e-06,4.92e-06,2809138524206.0
2026-09-23 08:00:00+00:00,2026-09-23 11:59:59.999000+00:00,4.91e-06,4.95e-06,4.66e-06,4.74e-06,3390939957770.0
2026-09-23 12:00:00+00:00,2026-09-23 15:59:59.999000+00:00,4.74e-06,4.79e-06,4.37e-06,4.39e-06,6065467025347.0
2026-09-23 16:00:00+00:00,2026-09-23 19:59:59.999000+00:00,4.4e-06,4.46e-06,4.32e-06,4.37e-06,2005197330859.0
2026-09-23 20:00:00+00:00,2026-09-23 23:59:59.999000+00:00,4.38e-06,4.42e-06,4.3e-06,4.34e-06,1842797309145.0
2026-09-24 00:00:00+00:00,2026-09-24 03:59:59.999000+00:00,4.33e-06,4.42e-06,4.29e-06,4.37e-06,1418272598550.0
2026-09-24 04:00:00+00:00,2026-09-24 07:59:59.999000+00:00,4.37e-06,4.47e-06,4.34e-06,4.41e-06,1879736127559.0
2026-09-24 08:00:00+00:00,2026-09-24 11:59:59.999000+00:00,4.42e-06,4.42e-06,4.21e-06,4.28e-06,2062555624251.0
2026-09-24 12:00:00+00:00,2026-09-24 15:59:59.999000+00:00,4.28e-06,4.54e-06,4.26e-06,4.46e-06,3040190331748.0
2026-09-24 16:00:00+00:00,2026-09-24 19:59:59.999000+00:00,4.45e-06,4.53e-06,4.38e-06,4.45e-06,2058159298943.0
2026-09-24 20:00:00+00:00,2026-09-24 23:59:59.999000+00:00,4.45e-06,4.5e-06,4.4e-06,4.43e-06,1084292294458.0
2026-09-25 00:00:00+00:00,2026-09-25 03:59:59.999000+00:00,4.43e-06,4.48e-06,4.38e-06,4.41e-06,1072081403585.0
2026-09-25 04:00:00+00:00,2026-09-25 07:59:59.999000+00:00,4.41e-06,4.46e-06,4.36e-06,4.43e-06,872791338157.0
2026-09-25 08:00:00+00:00,2026-09-25 11:59:59.999000+00:00,4.42e-06,4.62e-06,4.4e-06,4.56e-06,2331166404111.0
2026-09-25 12:00:00+00:00,2026-09-25 15:59:59.999000+00:00,4.56e-06,4.61e-06,4.38e-06,4.44e-06,3322191445228.0
2026-09-25 16:00:00+00:00,2026-09-25 19:59:59.999000+00:00,4.45e-06,4.49e-06,4.4e-06,4.48e-06,967287678457.0
2026-09-25 20:00:00+00:00,2026-09-25 23:59:59.999000+00:00,4.47e-06,4.54e-06,4.42e-06,4.49e-06,823746426250.0
2026-09-26 00:00:00+00:00,2026-09-26 03:59:59.999000+00:00,4.48e-06,4.53e-06,4.44e-06,4.45e-06,698798592897.0
