open_time,close_time,open,high,low,close,volume
2026-08-15 00:00:00+00:00,2026-08-15 00:59:59.999000+00:00,2.67e-06,2.67e-06,2.66e-06,2.67e-06,17192480695.0
2026-08-15 01:00:00+00:00,2026-08-15 01:59:59.999000+00:00,2.66e-06,2.67e-06,2.65e-06,2.66e-06,34935906534.0
2026-08-15 02:00:00+00:00,2026-08-15 02:59:59.999000+00:00,2.66e-06,2.68e-06,2.65e-06,2.66e-06,132006534990.0
2026-08-15 03:00:00+00:00,2026-08-15 03:59:59.999000+00:00,2.67e-06,2.68e-06,2.65e-06,2.67e-06,64416975502.0
2026-08-15 04:00:00+00:00,2026-08-15 04:59:59.999000+00:00,2.67e-06,2.68e-06,2.66e-06,2.67e-06,46508287935.0
2026-08-15 05:00:00+00:00,2026-08-15 05:59:59.999000+00:00,2.67e-06,2.67e-06,2.65e-06,2.65e-06,62085477884.0
2026-08-15 06:00:00+00:00,2026-08-15 06:59:59.999000+00:00,2.66e-06,2.66e-06,2.65e-06,2.65e-06,38727599965.0
2026-08-15 07:00:00+00:00,2026-08-15 07:59:59.999000+00:00,2.66e-06,2.66e-06,2.63e-06,2.65e-06,35816429714.0
2026-08-15 08:00:00+00:00,2026-08-15 08:59:59.999000+00:00,2.65e-06,2.65e-06,2.63e-06,2.64e-06,21786617212.0
2026-08-15 09:00:00+00:00,2026-08-15 09:59:59.999000+00:00,2.65e-06,2.65e-06,2.63e-06,2.65e-06,26560397476.0
2026-08-15 10:00:00+00:00,2026-08-15 10:59:59.999000+00:00,2.65e-06,2.65e-06,2.63e-06,2.65e-06,34549884278.0
2026-08-15 11:00:00+00:00,2026-08-15 11:59:59.999000+00:00,2.65e-06,2.65e-06,2.64e-06,2.64e-06,3431631223.0
2026-08-15 12:00:00+00:00,2026-08-15 12:59:59.999000+00:00,2.64e-06,2.65e-06,2.64e-06,2.64e-06,15896438588.0
2026-08-15 13:00:00+00:00,2026-08-15 13:59:59.999000+00:00,2.65e-06,2.65e-06,2.64e-06,2.64e-06,47376258702.0
2026-08-15 14:00:00+00:00,2026-08-15 14:59:59.999000+00:00,2.65e-06,2.65e-06,2.64e-06,2.65e-06,32794988410.0
2026-08-15 15:00:00+00:00,2026-08-15 15:59:59.999000+00:00,2.65e-06,2.66e-06,2.64e-06,2.66e-06,32404352500.0
2026-08-15 16:00:00+00:00,2026-08-15 16:59:59.999000+00:00,2.66e-06,2.66e-06,2.64e-06,2.66e-06,92081810920.0
2026-08-15 17:00:00+00:00,2026-08-15 17:59:59.999000+00:00,2.66e-06,2.67e-06,2.65e-06,2.66e-06,81423224387.0
2026-08-15 18:00:00+00:00,2026-08-15 18:59:59.999000+00:00,2.66e-06,2.66e-06,2.64e-06,2.64e-06,61558161853.0
2026-08-15 19:00:00+00:00,2026-08-15 19:59:59.999000+00:00,2.65e-06,2.65e-06,2.64e-06,2.65e-06,19250128075.0
2026-08-15 20:00:00+00:00,2026-08-15 20:59:59.999000+00:00,2.65e-06,2.65e-06,2.64e-06,2.65e-06,21440748577.0
2026-08-15 21:00:00+00:00,2026-08-15 21:59:59.999000+00:00,2.65e-06,2.66e-06,2.64e-06,2.64e-06,57370556482.0
2026-08-15 22:00:00+00:00,2026-08-15 22:59:59.999000+00:00,2.65e-06,2.66e-06,2.64e-06,2.64e-06,66090498815.0
2026-08-15 23:00:00+00:00,2026-08-15 23:59:59.999000+00:00,2.64e-06,2.65e-06,2.61e-06,2.62e-06,180608078523.0
2026-08-16 00:00:00+00:00,2026-08-16 00:59:59.999000+00:00,2.63e-06,2.63e-06,2.61e-06,2.62e-06,70971436715.0
2026-08-16 01:00:00+00:00,2026-08-16 01:59:59.999000+00:00,2.62e-06,2.63e-06,2.6e-06,2.61e-06,161226158535.0
2026-08-16 02:00:00+00:00,2026-08-16 02:59:59.999000+00:00,2.62e-06,2.62e-06,2.59e-06,2.62e-06,222427956139.0
2026-08-16 03:00:00+00:00,2026-08-16 03:59:59.999000+00:00,2.62e-06,2.62e-06,2.61e-06,2.61e-06,95397015681.0
2026-08-16 04:00:00+00:00,2026-08-16 04:59:59.999000+00:00,2.62e-06,2.62e-06,2.61e-06,2.62e-06,38242299556.0
2026-08-16 05:00:00+00:00,2026-08-16 05:59:59.999000+00:00,2.62e-06,2.62e-06,2.6e-06,2.61e-06,78667588280.0
2026-08-16 06:00:00+00:00,2026-08-16 06:59:59.999000+00:00,2.61e-06,2.61e-06,2.59e-06,2.6e-06,125180740459.0
2026-08-16 07:00:00+00:00,2026-08-16 07:59:59.999000+00:00,2.6e-06,2.61e-06,2.59e-06,2.61e-06,72989683171.0
2026-08-16 08:00:00+00:00,2026-08-16 08:59:59.999000+00:00,2.61e-06,2.62e-06,2.6e-06,2.61e-06,32649219201.0
2026-08-16 09:00:00+00:00,2026-08-16 09:59:59.999000+00:00,2.61e-06,2.61e-06,2.59e-06,2.6e-06,25133734365.0
2026-08-16 10:00:00+00:00,2026-08-16 10:59:59.999000+00:00,2.61e-06,2.61e-06,2.6e-06,2.61e-06,15258218642.0
2026-08-16 11:00:00+00:00,2026-08-16 11:59:59.999000+00:00,2.61e-06,2.61e-06,2.6e-06,2.61e-06,13398009437.0
2026-08-16 12:00:00+00:00,2026-08-16 12:59:59.999000+00:00,2.61e-06,2.61e-06,2.6e-06,2.6e-06,20596752273.0
2026-08-16 13:00:00+00:00,2026-08-16 13:59:59.999000+00:00,2.61e-06,2.62e-06,2.6e-06,2.62e-06,46028054758.0
2026-08-16 14:00:00+00:00,2026-08-16 14:59:59.999000+00:00,2.62e-06,2.62e-06,2.61e-06,2.61e-06,16528750706.0
2026-08-16 15:00:00+00:00,2026-08-16 15:59:59.999000+00:00,2.62e-06,2.63e-06,2.61e-06,2.63e-06,67511656327.0
2026-08-16 16:00:00+00:00,2026-08-16 16:59:59.999000+00:00,2.63e-06,2.63e-06,2.61e-06,2.61e-06,70654928642.0
2026-08-16 17:00:00+00:00,2026-08-16 17:59:59.999000+00:00,2.62e-06,2.62e-06,2.6e-06,2.61e-06,26222057112.0
2026-08-16 18:00:00+00:00,2026-08-16 18:59:59.999000+00:00,2.61e-06,2.61e-06,2.58e-06,2.59e-06,114960575395.0
2026-08-16 19:00:00+00:00,2026-08-16 19:59:59.999000+00:00,2.59e-06,2.6e-06,2.58e-06,2.59e-06,33218619505.0
2026-08-16 20:00:00+00:00,2026-08-16 20:59:59.999000+00:00,2.6e-06,2.6e-06,2.55e-06,2.58e-06,98984589986.0
2026-08-16 21:00:00+00:00,2026-08-16 21:59:59.999000+00:00,2.57e-06,2.58e-06,2.53e-06,2.56e-06,226315152646.0
2026-08-16 22:00:00+00:00,2026-08-16 22:59:59.999000+00:00,2.55e-06,2.58e-06,2.54e-06,2.58e-06,265287126676.0
2026-08-16 23:00:00+00:00,2026-08-16 23:59:59.999000+00:00,2.57e-06,2.58e-06,2.56e-06,2.57e-06,52040213089.0
2026-08-17 00:00:00+00:00,2026-08-17 00:59:59.999000+00:00,2.58e-06,2.58e-06,2.55e-06,2.57e-06,134689603591.0
2026-08-17 01:00:00+00:00,2026-08-17 01:59:59.999000+00:00,2.57e-06,2.6e-06,2.56e-06,2.59e-06,153144459188.0
2026-08-17 02:00:00+00:00,2026-08-17 02:59:59.999000+00:00,2.59e-06,2.63e-06,2.59e-06,2.62e-06,128720764493.0
2026-08-17 03:00:00+00:00,2026-08-17 03:59:59.999000+00:00,2.62e-06,2.63e-06,2.61e-06,2.62e-06,47371664574.0
2026-08-17 04:00:00+00:00,2026-08-17 04:59:59.999000+00:00,2.62e-06,2.63e-06,2.61e-06,2.61e-06,62723628129.0
2026-08-17 05:00:00+00:00,2026-08-17 05:59:59.999000+00:00,2.62e-06,2.62e-06,2.6e-06,2.6e-06,65149893871.0
2026-08-17 06:00:00+00:00,2026-08-17 06:59:59.999000+00:00,2.61e-06,2.63e-06,2.6e-06,2.61e-06,94487545486.0
2026-08-17 07:00:00+00:00,2026-08-17 07:59:59.999000+00:00,2.62e-06,2.62e-06,2.6e-06,2.62e-06,245904143791.0
2026-08-17 08:00:00+00:00,2026-08-17 08:59:59.999000+00:00,2.62e-06,2.62e-06,2.57e-06,2.58e-06,115259385576.0
2026-08-17 09:00:00+00:00,2026-08-17 09:59:59.999000+00:00,2.58e-06,2.59e-06,2.58e-06,2.58e-06,135791098471.0
2026-08-17 10:00:00+00:00,2026-08-17 10:59:59.999000+00:00,2.59e-06,2.6e-06,2.58e-06,2.6e-06,122099267808.0
2026-08-17 11:00:00+00:00,2026-08-17 11:59:59.999000+00:00,2.6e-06,2.6e-06,2.58e-06,2.6e-06,86031567626.0
2026-08-17 12:00:00+00:00,2026-08-17 12:59:59.999000+00:00,2.6e-06,2.6e-06,2.56e-06,2.58e-06,177369481900.0
2026-08-17 13:00:00+00:00,2026-08-17 13:59:59.999000+00:00,2.58e-06,2.6e-06,2.56e-06,2.59e-06,171742170062.0
2026-08-17 14:00:00+00:00,2026-08-17 14:59:59.999000+00:00,2.59e-06,2.6e-06,2.57e-06,2.59e-06,131899653055.0
2026-08-17 15:00:00+00:00,2026-08-17 15:59:59.999000+00:00,2.59e-06,2.61e-06,2.57e-06,2.59e-06,250646394365.0
2026-08-17 16:00:00+00:00,2026-08-17 16:59:59.999000+00:00,2.6e-06,2.6e-06,2.58e-06,2.58e-06,41132204730.0
2026-08-17 17:00:00+00:00,2026-08-17 17:59:59.999000+00:00,2.59e-06,2.6e-06,2.57e-06,2.6e-06,189273335122.0
2026-08-17 18:00:00+00:00,2026-08-17 18:59:59.999000+00:00,2.6e-06,2.61e-06,2.59e-06,2.6e-06,57715335731.0
2026-08-17 19:00:00+00:00,2026-08-17 19:59:59.999000+00:00,2.59e-06,2.6e-06,2.58e-06,2.59e-06,330773104458.0
2026-08-17 20:00:00+00:00,2026-08-17 20:59:59.999000+00:00,2.59e-06,2.61e-06,2.57e-06,2.59e-06,104803047834.0
2026-08-17 21:00:00+00:00,2026-08-17 21:59:59.999000+00:00,2.59e-06,2.62e-06,2.59e-06,2.6e-06,61449017308.0
2026-08-17 22:00:00+00:00,2026-08-17 22:59:59.999000+00:00,2.6e-06,2.61e-06,2.58e-06,2.59e-06,190895615814.0
2026-08-17 23:00:00+00:00,2026-08-17 23:59:59.999000+00:00,2.59e-06,2.6e-06,2.57e-06,2.59e-06,106278081224.0
2026-08-18 00:00:00+00:00,2026-08-18 00:59:59.999000+00:00,2.59e-06,2.59e-06,2.58e-06,2.58e-06,61882088988.0
2026-08-18 01:00:00+00:00,2026-08-18 01:59:59.999000+00:00,2.59e-06,2.59e-06,2.56e-06,2.57e-06,95190808820.0
2026-08-18 02:00:00+00:00,2026-08-18 02:59:59.999000+00:00,2.57e-06,2.58e-06,2.54e-06,2.55e-06,285166587074.0
2026-08-18 03:00:00+00:00,2026-08-18 03:59:59.999000+00:00,2.56e-06,2.56e-06,2.54e-06,2.56e-06,41918203432.0
2026-08-18 04:00:00+00:00,2026-08-18 04:59:59.999000+00:00,2.56e-06,2.57e-06,2.55e-06,2.57e-06,153316444225.0
2026-08-18 05:00:00+00:00,2026-08-18 05:59:59.999000+00:00,2.57e-06,2.57e-06,2.54e-06,2.56e-06,76935400154.0
2026-08-18 06:00:00+00:00,2026-08-18 06:59:59.999000+00:00,2.56e-06,2.57e-06,2.54e-06,2.56e-06,109604922792.0
2026-08-18 07:00:00+00:00,2026-08-18 07:59:59.999000+00:00,2.56e-06,2.56e-06,2.54e-06,2.56e-06,103438240243.0
2026-08-18 08:00:00+00:00,2026-08-18 08:59:59.999000+00:00,2.56e-06,2.56e-06,2.53e-06,2.56e-06,41480250349.0
2026-08-18 09:00:00+00:00,2026-08-18 09:59:59.999000+00:00,2.56e-06,2.57e-06,2.55e-06,2.56e-06,81151287329.0
2026-08-18 10:00:00+00:00,2026-08-18 10:59:59.999000+00:00,2.56e-06,2.57e-06,2.56e-06,2.56e-06,13623388307.0
2026-08-18 11:00:00+00:00,2026-08-18 11:59:59.999000+00:00,2.57e-06,2.59e-06,2.56e-06,2.58e-06,135773431848.0
2026-08-18 12:00:00+00:00,2026-08-18 12:59:59.999000+00:00,2.58e-06,2.59e-06,2.56e-06,2.57e-06,106454668454.0
2026-08-18 13:00:00+00:00,2026-08-18 13:59:59.999000+00:00,2.57e-06,2.57e-06,2.55e-06,2.56e-06,100894227663.0
2026-08-18 14:00:00+00:00,2026-08-18 14:59:59.999000+00:00,2.56e-06,2.6e-06,2.55e-06,2.58e-06,182635246622.0
2026-08-18 15:00:00+00:00,2026-08-18 15:59:59.999000+00:00,2.58e-06,2.61e-06,2.58e-06,2.61e-06,128218815731.0
2026-08-18 16:00:00+00:00,2026-08-18 16:59:59.999000+00:00,2.61e-06,2.62e-06,2.6e-06,2.61e-06,152678414912.0
2026-08-18 17:00:00+00:00,2026-08-18 17:59:59.999000+00:00,2.61e-06,2.62e-06,2.59e-06,2.61e-06,148374894918.0
2026-08-18 18:00:00+00:00,2026-08-18 18:59:59.999000+00:00,2.61e-06,2.62e-06,2.6e-06,2.61e-06,76276764685.0
2026-08-18 19:00:00+00:00,2026-08-18 19:59:59.999000+00:00,2.62e-06,2.62e-06,2.6e-06,2.61e-06,84635742860.0
2026-08-18 20:00:00+00:00,2026-08-18 20:59:59.999000+00:00,2.61e-06,2.61e-06,2.58e-06,2.58e-06,97555567669.0
2026-08-18 21:00:00+00:00,2026-08-18 21:59:59.999000+00:00,2.59e-06,2.59e-06,2.58e-06,2.59e-06,15177784418.0
2026-08-18 22:00:00+00:00,2026-08-18 22:59:59.999000+00:00,2.59e-06,2.6e-06,2.57e-06,2.58e-06,78725603273.0
2026-08-18 23:00:00+00:00,2026-08-18 23:59:59.999000+00:00,2.58e-06,2.59e-06,2.58e-06,2.58e-06,37574995084.0
2026-08-19 00:00:00+00:00,2026-08-19 00:59:59.999000+00:00,2.59e-06,2.6e-06,2.56e-06,2.59e-06,52395253591.0
2026-08-19 01:00:00+00:00,2026-08-19 01:59:59.999000+00:00,2.59e-06,2.6e-06,2.58e-06,2.59e-06,81011709090.0
2026-08-19 02:00:00+00:00,2026-08-19 02:59:59.999000+00:00,2.6e-06,2.6e-06,2.58e-06,2.58e-06,138799267691.0
2026-08-19 03:00:00+00:00,2026-08-19 03:59:59.999000+00:00,2.59e-06,2.6e-06,2.58e-06,2.6e-06,54809789408.0
2026-08-19 04:00:00+00:00,2026-08-19 04:59:59.999000+00:00,2.59e-06,2.6e-06,2.59e-06,2.6e-06,13335571322.0
2026-08-19 05:00:00+00:00,2026-08-19 05:59:59.999000+00:00,2.6e-06,2.61e-06,2.59e-06,2.6e-06,34416673373.0
2026-08-19 06:00:00+00:00,2026-08-19 06:59:59.999000+00:00,2.6e-06,2.61e-06,2.58e-06,2.61e-06,205877624462.0
2026-08-19 07:00:00+00:00,2026-08-19 07:59:59.999000+00:00,2.61e-06,2.61e-06,2.58e-06,2.59e-06,52627030090.0
2026-08-19 08:00:00+00:00,2026-08-19 08:59:59.999000+00:00,2.59e-06,2.6e-06,2.57e-06,2.58e-06,64444584091.0
2026-08-19 09:00:00+00:00,2026-08-19 09:59:59.999000+00:00,2.59e-06,2.6e-06,2.58e-06,2.59e-06,31940537698.0
2026-08-19 10:00:00+00:00,2026-08-19 10:59:59.999000+00:00,2.59e-06,2.59e-06,2.57e-06,2.58e-06,120435390421.0
2026-08-19 11:00:00+00:00,2026-08-19 11:59:59.999000+00:00,2.59e-06,2.61e-06,2.58e-06,2.6e-06,93554441799.0
2026-08-19 12:00:00+00:00,2026-08-19 12:59:59.999000+00:00,2.61e-06,2.63e-06,2.6e-06,2.61e-06,176406150643.0
2026-08-19 13:00:00+00:00,2026-08-19 13:59:59.999000+00:00,2.62e-06,2.62e-06,2.59e-06,2.6e-06,212930799751.0
2026-08-19 14:00:00+00:00,2026-08-19 14:59:59.999000+00:00,2.6e-06,2.66e-06,2.59e-06,2.66e-06,496312343648.0
2026-08-19 15:00:00+00:00,2026-08-19 15:59:59.999000+00:00,2.66e-06,2.77e-06,2.64e-06,2.7e-06,2033788564921.0
2026-08-19 16:00:00+00:00,2026-08-19 16:59:59.999000+00:00,2.69e-06,2.73e-06,2.69e-06,2.72e-06,544654082704.0
2026-08-19 17:00:00+00:00,2026-08-19 17:59:59.999000+00:00,2.72e-06,2.72e-06,2.67e-06,2.7e-06,367076041842.0
2026-08-19 18:00:00+00:00,2026-08-19 18:59:59.999000+00:00,2.7e-06,2.72e-06,2.68e-06,2.71e-06,174802053664.0
2026-08-19 19:00:00+00:00,2026-08-19 19:59:59.999000+00:00,2.71e-06,2.72e-06,2.69e-06,2.71e-06,373000689891.0
2026-08-19 20:00:00+00:00,2026-08-19 20:59:59.999000+00:00,2.72e-06,2.77e-06,2.71e-06,2.76e-06,564277277294.0
2026-08-19 21:00:00+00:00,2026-08-19 21:59:59.999000+00:00,2.76e-06,2.93e-06,2.75e-06,2.91e-06,2160228072563.0
2026-08-19 22:00:00+00:00,2026-08-19 22:59:59.999000+00:00,2.92e-06,2.93e-06,2.84e-06,2.89e-06,1042109446231.0
2026-08-19 23:00:00+00:00,2026-08-19 23:59:59.999000+00:00,2.89e-06,2.91e-06,2.86e-06,2.87e-06,621977849408.0
2026-08-20 00:00:00+00:00,2026-08-20 00:59:59.999000+00:00,2.88e-06,2.94e-06,2.87e-06,2.9e-06,884119001898.0
2026-08-20 01:00:00+00:00,2026-08-20 01:59:59.999000+00:00,2.91e-06,2.95e-06,2.88e-06,2.92e-06,588900369905.0
2026-08-20 02:00:00+00:00,2026-08-20 02:59:59.999000+00:00,2.92e-06,2.94e-06,2.9e-06,2.9e-06,617411590144.0
2026-08-20 03:00:00+00:00,2026-08-20 03:59:59.999000+00:00,2.91e-06,2.92e-06,2.87e-06,2.92e-06,491888342131.0
2026-08-20 04:00:00+00:00,2026-08-20 04:59:59.999000+00:00,2.91e-06,2.97e-06,2.91e-06,2.96e-06,716583957309.0
2026-08-20 05:00:00+00:00,2026-08-20 05:59:59.999000+00:00,2.95e-06,2.96e-06,2.89e-06,2.89e-06,361050242737.0
2026-08-20 06:00:00+00:00,2026-08-20 06:59:59.999000+00:00,2.89e-06,2.95e-06,2.88e-06,2.94e-06,368988901151.0
2026-08-20 07:00:00+00:00,2026-08-20 07:59:59.999000+00:00,2.94e-06,2.99e-06,2.92e-06,2.98e-06,1013577570729.0
2026-08-20 08:00:00+00:00,2026-08-20 08:59:59.999000+00:00,2.98e-06,3.21e-06,2.96e-06,3.2e-06,3166660930036.0
2026-08-20 09:00:00+00:00,2026-08-20 09:59:59.999000+00:00,3.19e-06,3.22e-06,3.07e-06,3.09e-06,1971363783119.0
2026-08-20 10:00:00+00:00,2026-08-20 10:59:59.999000+00:00,3.09e-06,3.12e-06,3.06e-06,3.11e-06,746875206165.0
2026-08-20 11:00:00+00:00,2026-08-20 11:59:59.999000+00:00,3.11e-06,3.17e-06,3.1e-06,3.15e-06,1327096732738.0
2026-08-20 12:00:00+00:00,2026-08-20 12:59:59.999000+00:00,3.15e-06,3.17e-06,3.1e-06,3.12e-06,705372517136.0
2026-08-20 13:00:00+00:00,2026-08-20 13:59:59.999000+00:00,3.12e-06,3.16e-06,3.08e-06,3.14e-06,1012312563155.0
2026-08-20 14:00:00+00:00,2026-08-20 14:59:59.999000+00:00,3.14e-06,3.14e-06,3.09e-06,3.11e-06,508563255045.0
2026-08-20 15:00:00+00:00,2026-08-20 15:59:59.999000+00:00,3.11e-06,3.24e-06,3.1e-06,3.21e-06,1588578400856.0
2026-08-20 16:00:00+00:00,2026-08-20 16:59:59.999000+00:00,3.21e-06,3.23e-06,3.17e-06,3.2e-06,743767275730.0
2026-08-20 17:00:00+00:00,2026-08-20 17:59:59.999000+00:00,3.21e-06,3.23e-06,3.17e-06,3.18e-06,486832661539.0
2026-08-20 18:00:00+00:00,2026-08-20 18:59:59.999000+00:00,3.17e-06,3.18e-06,3.09e-06,3.09e-06,619403098311.0
2026-08-20 19:00:00+00:00,2026-08-20 19:59:59.999000+00:00,3.09e-06,3.13e-06,3.09e-06,3.12e-06,243865287073.0
2026-08-20 20:00:00+00:00,2026-08-20 20:59:59.999000+00:00,3.12e-06,3.21e-06,3.12e-06,3.2e-06,449998146047.0
2026-08-20 21:00:00+00:00,2026-08-20 21:59:59.999000+00:00,3.2e-06,3.26e-06,3.18e-06,3.19e-06,590859837036.0
2026-08-20 22:00:00+00:00,2026-08-20 22:59:59.999000+00:00,3.19e-06,3.21e-06,3.16e-06,3.21e-06,331005115574.0
2026-08-20 23:00:00+00:00,2026-08-20 23:59:59.999000+00:00,3.21e-06,3.27e-06,3.2e-06,3.21e-06,487108956186.0
2026-08-21 00:00:00+00:00,2026-08-21 00:59:59.999000+00:00,3.21e-06,3.25e-06,3.17e-06,3.2e-06,628642273863.0
2026-08-21 01:00:00+00:00,2026-08-21 01:59:59.999000+00:00,3.2e-06,3.27e-06,3.19e-06,3.24e-06,677585500021.0
2026-08-21 02:00:00+00:00,2026-08-21 02:59:59.999000+00:00,3.24e-06,3.25e-06,3.2e-06,3.23e-06,644745250747.0
2026-08-21 03:00:00+00:00,2026-08-21 03:59:59.999000+00:00,3.22e-06,3.26e-06,3.21e-06,3.23e-06,457215303436.0
2026-08-21 04:00:00+00:00,2026-08-21 04:59:59.999000+00:00,3.23e-06,3.33e-06,3.22e-06,3.32e-06,662617961700.0
2026-08-21 05:00:00+00:00,2026-08-21 05:59:59.999000+00:00,3.32e-06,3.39e-06,3.29e-06,3.38e-06,844086427100.0
2026-08-21 06:00:00+00:00,2026-08-21 06:59:59.999000+00:00,3.37e-06,3.46e-06,3.36e-06,3.39e-06,1025212131791.0
2026-08-21 07:00:00+00:00,2026-08-21 07:59:59.999000+00:00,3.39e-06,3.51e-06,3.37e-06,3.44e-06,996261466733.0
2026-08-21 08:00:00+00:00,2026-08-21 08:59:59.999000+00:00,3.45e-06,3.57e-06,3.45e-06,3.57e-06,1918741654160.0
2026-08-21 09:00:00+00:00,2026-08-21 09:59:59.999000+00:00,3.56e-06,3.58e-06,3.42e-06,3.57e-06,1847290716685.0
2026-08-21 10:00:00+00:00,2026-08-21 10:59:59.999000+00:00,3.58e-06,3.73e-06,3.55e-06,3.62e-06,1869374861501.0
2026-08-21 11:00:00+00:00,2026-08-21 11:59:59.999000+00:00,3.62e-06,3.67e-06,3.49e-06,3.53e-06,1430257943131.0
2026-08-21 12:00:00+00:00,2026-08-21 12:59:59.999000+00:00,3.53e-06,3.66e-06,3.51e-06,3.63e-06,676105626099.0
2026-08-21 13:00:00+00:00,2026-08-21 13:59:59.999000+00:00,3.63e-06,3.66e-06,3.58e-06,3.65e-06,874571048295.0
2026-08-21 14:00:00+00:00,2026-08-21 14:59:59.999000+00:00,3.65e-06,3.73e-06,3.61e-06,3.73e-06,1054388361042.0
2026-08-21 15:00:00+00:00,2026-08-21 15:59:59.999000+00:00,3.72e-06,3.77e-06,3.67e-06,3.7e-06,846973449131.0
2026-08-21 16:00:00+00:00,2026-08-21 16:59:59.999000+00:00,3.7e-06,3.82e-06,3.67e-06,3.81e-06,1301865339866.0
2026-08-21 17:00:00+00:00,2026-08-21 17:59:59.999000+00:00,3.81e-06,3.99e-06,3.8e-06,3.97e-06,1904428213202.0
2026-08-21 18:00:00+00:00,2026-08-21 18:59:59.999000+00:00,3.98e-06,4.1e-06,3.85e-06,3.89e-06,1547650973702.0
2026-08-21 19:00:00+00:00,2026-08-21 19:59:59.999000+00:00,3.89e-06,3.9e-06,3.72e-06,3.8e-06,1631911052703.0
2026-08-21 20:00:00+00:00,2026-08-21 20:59:59.999000+00:00,3.8e-06,3.87e-06,3.77e-06,3.83e-06,756854561014.0
2026-08-21 21:00:00+00:00,2026-08-21 21:59:59.999000+00:00,3.82e-06,3.97e-06,3.81e-06,3.97e-06,901201674346.0
2026-08-21 22:00:00+00:00,2026-08-21 22:59:59.999000+00:00,3.97e-06,4.14e-06,3.94e-06,4.1e-06,1797087453691.0
2026-08-21 23:00:00+00:00,2026-08-21 23:59:59.999000+00:00,4.11e-06,4.23e-06,4.07e-06,4.12e-06,2652704286673.0
2026-08-22 00:00:00+00:00,2026-08-22 00:59:59.999000+00:00,4.12e-06,4.19e-06,4.04e-06,4.09e-06,1235807216397.0
2026-08-22 01:00:00+00:00,2026-08-22 01:59:59.999000+00:00,4.08e-06,4.19e-06,4.06e-06,4.15e-06,1273445722927.0
2026-08-22 02:00:00+00:00,2026-08-22 02:59:59.999000+00:00,4.15e-06,4.3e-06,4.13e-06,4.2e-06,1691434981903.0
2026-08-22 03:00:00+00:00,2026-08-22 03:59:59.999000+00:00,4.19e-06,4.36e-06,4.15e-06,4.23e-06,1429278630292.0
2026-08-22 04:00:00+00:00,2026-08-22 04:59:59.999000+00:00,4.23e-06,4.56e-06,4.21e-06,4.36e-06,2673004267873.0
2026-08-22 05:00:00+00:00,2026-08-22 05:59:59.999000+00:00,4.35e-06,4.41e-06,3.63e-06,4.09e-06,6180014768796.0
2026-08-22 06:00:00+00:00,2026-08-22 06:59:59.999000+00:00,4.09e-06,4.17e-06,3.95e-06,4.14e-06,2017165628255.0
2026-08-22 07:00:00+00:00,2026-08-22 07:59:59.999000+00:00,4.13e-06,4.3e-06,4.11e-06,4.15e-06,1828973752075.0
2026-08-22 08:00:00+00:00,2026-08-22 08:59:59.999000+00:00,4.16e-06,4.19e-06,4.02e-06,4.09e-06,1259775902221.0
2026-08-22 09:00:00+00:00,2026-08-22 09:59:59.999000+00:00,4.1e-06,4.15e-06,4.02e-06,4.07e-06,1088168317736.0
2026-08-22 10:00:00+00:00,2026-08-22 10:59:59.999000+00:00,4.08e-06,4.09e-06,3.89e-06,3.99e-06,1526409214560.0
2026-08-22 11:00:00+00:00,2026-08-22 11:59:59.999000+00:00,3.99e-06,4.03e-06,3.96e-06,4e-06,717972365213.0
2026-08-22 12:00:00+00:00,2026-08-22 12:59:59.999000+00:00,4e-06,4.1e-06,3.98e-06,3.99e-06,961763383989.0
2026-08-22 13:00:00+00:00,2026-08-22 13:59:59.999000+00:00,3.99e-06,4.04e-06,3.95e-06,4.01e-06,318432484004.0
2026-08-22 14:00:00+00:00,2026-08-22 14:59:59.999000+00:00,4.02e-06,4.05e-06,3.95e-06,4.02e-06,794914918511.0
2026-08-22 15:00:00+00:00,2026-08-22 15:59:59.999000+00:00,4.02e-06,4.06e-06,3.98e-06,4e-06,742080642944.0
2026-08-22 16:00:00+00:00,2026-08-22 16:59:59.999000+00:00,4.01e-06,4.21e-06,3.99e-06,4.11e-06,1724910205165.0
2026-08-22 17:00:00+00:00,2026-08-22 17:59:59.999000+00:00,4.12e-06,4.16e-06,4.05e-06,4.1e-06,836336789230.0
2026-08-22 18:00:00+00:00,2026-08-22 18:59:59.999000+00:00,4.1e-06,4.12e-06,4.03e-06,4.07e-06,687728718492.0
2026-08-22 19:00:00+00:00,2026-08-22 19:59:59.999000+00:00,4.06e-06,4.17e-06,4.05e-06,4.14e-06,487052627741.0
2026-08-22 20:00:00+00:00,2026-08-22 20:59:59.999000+00:00,4.14e-06,4.19e-06,4.1e-06,4.12e-06,684933596586.0
2026-08-22 21:00:00+00:00,2026-08-22 21:59:59.999000+00:00,4.12e-06,4.12e-06,4e-06,4.02e-06,836945487762.0
2026-08-22 22:00:00+00:00,2026-08-22 22:59:59.999000+00:00,4.02e-06,4.14e-06,3.98e-06,4.07e-06,845523380635.0
2026-08-22 23:00:00+00:00,2026-08-22 23:59:59.999000+00:00,4.08e-06,4.1e-06,4.02e-06,4.06e-06,537152391346.0
2026-08-23 00:00:00+00:00,2026-08-23 00:59:59.999000+00:00,4.07e-06,4.17e-06,4.04e-06,4.15e-06,880647274334.0
2026-08-23 01:00:00+00:00,2026-08-23 01:59:59.999000+00:00,4.14e-06,4.14e-06,4.08e-06,4.1e-06,786031082006.0
2026-08-23 02:00:00+00:00,2026-08-23 02:59:59.999000+00:00,4.1e-06,4.13e-06,4.04e-06,4.07e-06,720216350246.0
2026-08-23 03:00:00+00:00,2026-08-23 03:59:59.999000+00:00,4.07e-06,4.09e-06,3.97e-06,4.01e-06,846734837270.0
2026-08-23 04:00:00+00:00,2026-08-23 04:59:59.999000+00:00,4e-06,4.07e-06,3.93e-06,3.96e-06,950680616963.0
2026-08-23 05:00:00+00:00,2026-08-23 05:59:59.999000+00:00,3.96e-06,4.07e-06,3.92e-06,3.93e-06,1144043322506.0
2026-08-23 06:00:00+00:00,2026-08-23 06:59:59.999000+00:00,3.92e-06,3.97e-06,3.83e-06,3.86e-06,1121970531780.0
2026-08-23 07:00:00+00:00,2026-08-23 07:59:59.999000+00:00,3.86e-06,3.93e-06,3.85e-06,3.91e-06,418314196525.0
2026-08-23 08:00:00+00:00,2026-08-23 08:59:59.999000+00:00,3.9e-06,3.99e-06,3.89e-06,3.98e-06,460152596880.0
2026-08-23 09:00:00+00:00,2026-08-23 09:59:59.999000+00:00,3.97e-06,4.01e-06,3.95e-06,3.97e-06,709268859267.0
2026-08-23 10:00:00+00:00,2026-08-23 10:59:59.999000+00:00,3.98e-06,4.04e-06,3.97e-06,3.99e-06,592735741068.0
2026-08-23 11:00:00+00:00,2026-08-23 11:59:59.999000+00:00,3.99e-06,4.09e-06,3.99e-06,4.08e-06,812148461868.0
2026-08-23 12:00:00+00:00,2026-08-23 12:59:59.999000+00:00,4.07e-06,4.09e-06,4.02e-06,4.04e-06,540101172780.0
2026-08-23 13:00:00+00:00,2026-08-23 13:59:59.999000+00:00,4.04e-06,4.15e-06,4.04e-06,4.12e-06,1000844137070.0
2026-08-23 14:00:00+00:00,2026-08-23 14:59:59.999000+00:00,4.13e-06,4.16e-06,3.99e-06,4.08e-06,1049008568585.0
2026-08-23 15:00:00+00:00,2026-08-23 15:59:59.999000+00:00,4.08e-06,4.12e-06,4.04e-06,4.1e-06,592454683130.0
2026-08-23 16:00:00+00:00,2026-08-23 16:59:59.999000+00:00,4.1e-06,4.14e-06,4.06e-06,4.1e-06,479475186330.0
2026-08-23 17:00:00+00:00,2026-08-23 17:59:59.999000+00:00,4.1e-06,4.12e-06,4.06e-06,4.08e-06,341089357722.0
2026-08-23 18:00:00+00:00,2026-08-23 18:59:59.999000+00:00,4.07e-06,4.11e-06,4.06e-06,4.1e-06,266160541496.0
2026-08-23 19:00:00+00:00,2026-08-23 19:59:59.999000+00:00,4.1e-06,4.11e-06,4.06e-06,4.08e-06,224689645830.0
2026-08-23 20:00:00+00:00,2026-08-23 20:59:59.999000+00:00,4.08e-06,4.13e-06,4.06e-06,4.12e-06,265155918461.0
2026-08-23 21:00:00+00:00,2026-08-23 21:59:59.999000+00:00,4.12e-06,4.27e-06,4.12e-06,4.17e-06,1136942571132.0
2026-08-23 22:00:00+00:00,2026-08-23 22:59:59.999000+00:00,4.16e-06,4.19e-06,4.11e-06,4.15e-06,447174854523.0
2026-08-23 23:00:00+00:00,2026-08-23 23:59:59.999000+00:00,4.14e-06,4.15e-06,4.07e-06,4.1e-06,512057786713.0
2026-08-24 00:00:00+00:00,2026-08-24 00:59:59.999000+00:00,4.1e-06,4.11e-06,4e-06,4.08e-06,574571224101.0
2026-08-24 01:00:00+00:00,2026-08-24 01:59:59.999000+00:00,4.08e-06,4.08e-06,3.96e-06,3.98e-06,463506327735.0
2026-08-24 02:00:00+00:00,2026-08-24 02:59:59.999000+00:00,3.98e-06,4.07e-06,3.96e-06,4.03e-06,345786334812.0
2026-08-24 03:00:00+00:00,2026-08-24 03:59:59.999000+00:00,4.03e-06,4.04e-06,3.98e-06,4e-06,272547686132.0
2026-08-24 04:00:00+00:00,2026-08-24 04:59:59.999000+00:00,4e-06,4.05e-06,3.99e-06,4.03e-06,300597940963.0
2026-08-24 05:00:00+00:00,2026-08-24 05:59:59.999000+00:00,4.03e-06,4.05e-06,3.98e-06,4.01e-06,442268086050.0
2026-08-24 06:00:00+00:00,2026-08-24 06:59:59.999000+00:00,4.02e-06,4.03e-06,3.98e-06,4.02e-06,234885901425.0
2026-08-24 07:00:00+00:00,2026-08-24 07:59:59.999000+00:00,4.03e-06,4.08e-06,4.01e-06,4.02e-06,653013412147.0
2026-08-24 08:00:00+00:00,2026-08-24 08:59:59.999000+00:00,4.02e-06,4.04e-06,3.97e-06,4e-06,396776698115.0
2026-08-24 09:00:00+00:00,2026-08-24 09:59:59.999000+00:00,4e-06,4.04e-06,3.97e-06,4.03e-06,487329545845.0
2026-08-24 10:00:00+00:00,2026-08-24 10:59:59.999000+00:00,4.03e-06,4.06e-06,4e-06,4.02e-06,522325226651.0
2026-08-24 11:00:00+00:00,2026-08-24 11:59:59.999000+00:00,4.03e-06,4.14e-06,3.99e-06,4.09e-06,719239693666.0
2026-08-24 12:00:00+00:00,2026-08-24 12:59:59.999000+00:00,4.09e-06,4.19e-06,4.01e-06,4.18e-06,1357536561498.0
2026-08-24 13:00:00+00:00,2026-08-24 13:59:59.999000+00:00,4.18e-06,4.19e-06,4.02e-06,4.07e-06,1387176087080.0
2026-08-24 14:00:00+00:00,2026-08-24 14:59:59.999000+00:00,4.07e-06,4.17e-06,4.06e-06,4.13e-06,1106296539425.0
2026-08-24 15:00:00+00:00,2026-08-24 15:59:59.999000+00:00,4.13e-06,4.22e-06,4.07e-06,4.08e-06,1485019891929.0
2026-08-24 16:00:00+00:00,2026-08-24 16:59:59.999000+00:00,4.09e-06,4.2e-06,4.08e-06,4.1e-06,958273721991.0
2026-08-24 17:00:00+00:00,2026-08-24 17:59:59.999000+00:00,4.1e-06,4.1e-06,3.94e-06,4e-06,1126849148399.0
2026-08-24 18:00:00+00:00,2026-08-24 18:59:59.999000+00:00,4.01e-06,4.06e-06,3.99e-06,4.01e-06,497316760999.0
2026-08-24 19:00:00+00:00,2026-08-24 19:59:59.999000+00:00,4.02e-06,4.04e-06,3.98e-06,4e-06,408353813072.0
2026-08-24 20:00:00+00:00,2026-08-24 20:59:59.999000+00:00,4.01e-06,4.05e-06,3.98e-06,4.03e-06,234968049594.0
2026-08-24 21:00:00+00:00,2026-08-24 21:59:59.999000+00:00,4.03e-06,4.05e-06,4.01e-06,4.04e-06,148447462545.0
2026-08-24 22:00:00+00:00,2026-08-24 22:59:59.999000+00:00,4.04e-06,4.05e-06,4.01e-06,4.01e-06,174194005126.0
2026-08-24 23:00:00+00:00,2026-08-24 23:59:59.999000+00:00,4.02e-06,4.05e-06,3.99e-06,4.05e-06,229950001734.0
2026-08-25 00:00:00+00:00,2026-08-25 00:59:59.999000+00:00,4.04e-06,4.14e-06,4.01e-06,4.13e-06,953818788076.0
2026-08-25 01:00:00+00:00,2026-08-25 01:59:59.999000+00:00,4.13e-06,4.15e-06,4.07e-06,4.1e-06,552859870145.0
2026-08-25 02:00:00+00:00,2026-08-25 02:59:59.999000+00:00,4.1e-06,4.23e-06,4.08e-06,4.19e-06,1622822933682.0
2026-08-25 03:00:00+00:00,2026-08-25 03:59:59.999000+00:00,4.2e-06,4.31e-06,4.17e-06,4.2e-06,1397866085272.0
2026-08-25 04:00:00+00:00,2026-08-25 04:59:59.999000+00:00,4.2e-06,4.24e-06,4.14e-06,4.19e-06,691635927762.0
2026-08-25 05:00:00+00:00,2026-08-25 05:59:59.999000+00:00,4.18e-06,4.27e-06,4.17e-06,4.21e-06,648027381372.0
2026-08-25 06:00:00+00:00,2026-08-25 06:59:59.999000+00:00,4.22e-06,4.23e-06,4.13e-06,4.14e-06,702502125131.0
2026-08-25 07:00:00+00:00,2026-08-25 07:59:59.999000+00:00,4.14e-06,4.18e-06,4.02e-06,4.06e-06,1588875625576.0
2026-08-25 08:00:00+00:00,2026-08-25 08:59:59.999000+00:00,4.05e-06,4.1e-06,4.04e-06,4.08e-06,446043385697.0
2026-08-25 09:00:00+00:00,2026-08-25 09:59:59.999000+00:00,4.08e-06,4.1e-06,4.02e-06,4.03e-06,491088780586.0
2026-08-25 10:00:00+00:00,2026-08-25 10:59:59.999000+00:00,4.04e-06,4.05e-06,4.01e-06,4.05e-06,367555124992.0
2026-08-25 11:00:00+00:00,2026-08-25 11:59:59.999000+00:00,4.05e-06,4.06e-06,4.02e-06,4.03e-06,452999300242.0
2026-08-25 12:00:00+00:00,2026-08-25 12:59:59.999000+00:00,4.04e-06,4.04e-06,3.97e-06,4.02e-06,575846986558.0
2026-08-25 13:00:00+00:00,2026-08-25 13:59:59.999000+00:00,4.02e-06,4.03e-06,3.89e-06,3.93e-06,1381045288371.0
2026-08-25 14:00:00+00:00,2026-08-25 14:59:59.999000+00:00,3.94e-06,4e-06,3.92e-06,3.97e-06,593592143320.0
2026-08-25 15:00:00+00:00,2026-08-25 15:59:59.999000+00:00,3.97e-06,4e-06,3.94e-06,4e-06,436019206094.0
2026-08-25 16:00:00+00:00,2026-08-25 16:59:59.999000+00:00,3.99e-06,4e-06,3.94e-06,3.96e-06,456271602646.0
2026-08-25 17:00:00+00:00,2026-08-25 17:59:59.999000+00:00,3.97e-06,3.97e-06,3.91e-06,3.96e-06,486241622613.0
2026-08-25 18:00:00+00:00,2026-08-25 18:59:59.999000+00:00,3.96e-06,3.98e-06,3.94e-06,3.97e-06,310658791682.0
2026-08-25 19:00:00+00:00,2026-08-25 19:59:59.999000+00:00,3.97e-06,3.98e-06,3.92e-06,3.94e-06,259089423381.0
2026-08-25 20:00:00+00:00,2026-08-25 20:59:59.999000+00:00,3.94e-06,3.94e-06,3.8e-06,3.81e-06,988890588574.0
2026-08-25 21:00:00+00:00,2026-08-25 21:59:59.999000+00:00,3.8e-06,3.85e-06,3.75e-06,3.83e-06,1277788003647.0
2026-08-25 22:00:00+00:00,2026-08-25 22:59:59.999000+00:00,3.82e-06,3.87e-06,3.82e-06,3.86e-06,272556729402.0
2026-08-25 23:00:00+00:00,2026-08-25 23:59:59.999000+00:00,3.85e-06,3.87e-06,3.8e-06,3.82e-06,326207902283.0
2026-08-26 00:00:00+00:00,2026-08-26 00:59:59.999000+00:00,3.82e-06,3.84e-06,3.8e-06,3.83e-06,381228278609.0
2026-08-26 01:00:00+00:00,2026-08-26 01:59:59.999000+00:00,3.83e-06,3.86e-06,3.82e-06,3.86e-06,319866040898.0
2026-08-26 02:00:00+00:00,2026-08-26 02:59:59.999000+00:00,3.86e-06,3.88e-06,3.83e-06,3.87e-06,201080123580.0
2026-08-26 03:00:00+00:00,2026-08-26 03:59:59.999000+00:00,3.87e-06,3.88e-06,3.84e-06,3.86e-06,131783002048.0
2026-08-26 04:00:00+00:00,2026-08-26 04:59:59.999000+00:00,3.86e-06,3.87e-06,3.82e-06,3.82e-06,204574360098.0
2026-08-26 05:00:00+00:00,2026-08-26 05:59:59.999000+00:00,3.83e-06,3.86e-06,3.8e-06,3.84e-06,202904247828.0
2026-08-26 06:00:00+00:00,2026-08-26 06:59:59.999000+00:00,3.85e-06,3.87e-06,3.81e-06,3.84e-06,270450320322.0
2026-08-26 07:00:00+00:00,2026-08-26 07:59:59.999000+00:00,3.83e-06,3.85e-06,3.8e-06,3.81e-06,239758201115.0
2026-08-26 08:00:00+00:00,2026-08-26 08:59:59.999000+00:00,3.81e-06,3.83e-06,3.79e-06,3.79e-06,212359125173.0
2026-08-26 09:00:00+00:00,2026-08-26 09:59:59.999000+00:00,3.8e-06,3.81e-06,3.76e-06,3.76e-06,310717098225.0
2026-08-26 10:00:00+00:00,2026-08-26 10:59:59.999000+00:00,3.77e-06,3.83e-06,3.75e-06,3.82e-06,289001775890.0
2026-08-26 11:00:00+00:00,2026-08-26 11:59:59.999000+00:00,3.81e-06,3.82e-06,3.76e-06,3.78e-06,182745319745.0
2026-08-26 12:00:00+00:00,2026-08-26 12:59:59.999000+00:00,3.79e-06,3.83e-06,3.73e-06,3.78e-06,620098938067.0
2026-08-26 13:00:00+00:00,2026-08-26 13:59:59.999000+00:00,3.78e-06,3.79e-06,3.72e-06,3.75e-06,685097426270.0
2026-08-26 14:00:00+00:00,2026-08-26 14:59:59.999000+00:00,3.75e-06,3.77e-06,3.66e-06,3.67e-06,600035512742.0
2026-08-26 15:00:00+00:00,2026-08-26 15:59:59.999000+00:00,3.67e-06,3.72e-06,3.65e-06,3.7e-06,728135026271.0
2026-08-26 16:00:00+00:00,2026-08-26 16:59:59.999000+00:00,3.7e-06,3.72e-06,3.65e-06,3.67e-06,515705005497.0
2026-08-26 17:00:00+00:00,2026-08-26 17:59:59.999000+00:00,3.66e-06,3.74e-06,3.66e-06,3.7e-06,298073783586.0
2026-08-26 18:00:00+00:00,2026-08-26 18:59:59.999000+00:00,3.7e-06,3.73e-06,3.68e-06,3.71e-06,246708317910.0
2026-08-26 19:00:00+00:00,2026-08-26 19:59:59.999000+00:00,3.72e-06,3.74e-06,3.7e-06,3.71e-06,107983755201.0
2026-08-26 20:00:00+00:00,2026-08-26 20:59:59.999000+00:00,3.71e-06,3.74e-06,3.68e-06,3.73e-06,167810068758.0
2026-08-26 21:00:00+00:00,2026-08-26 21:59:59.999000+00:00,3.74e-06,3.84e-06,3.73e-06,3.83e-06,445558014873.0
2026-08-26 22:00:00+00:00,2026-08-26 22:59:59.999000+00:00,3.82e-06,3.88e-06,3.81e-06,3.83e-06,336513132950.0
2026-08-26 23:00:00+00:00,2026-08-26 23:59:59.999000+00:00,3.83e-06,3.87e-06,3.81e-06,3.85e-06,361743811287.0
2026-08-27 00:00:00+00:00,2026-08-27 00:59:59.999000+00:00,3.86e-06,3.86e-06,3.81e-06,3.82e-06,272915590361.0
2026-08-27 01:00:00+00:00,2026-08-27 01:59:59.999000+00:00,3.82e-06,3.86e-06,3.81e-06,3.84e-06,229831902544.0
2026-08-27 02:00:00+00:00,2026-08-27 02:59:59.999000+00:00,3.84e-06,3.86e-06,3.82e-06,3.82e-06,139168189118.0
2026-08-27 03:00:00+00:00,2026-08-27 03:59:59.999000+00:00,3.82e-06,3.83e-06,3.79e-06,3.8e-06,214228436565.0
2026-08-27 04:00:00+00:00,2026-08-27 04:59:59.999000+00:00,3.81e-06,3.82e-06,3.77e-06,3.78e-06,130900254778.0
2026-08-27 05:00:00+00:00,2026-08-27 05:59:59.999000+00:00,3.78e-06,3.81e-06,3.76e-06,3.79e-06,234932437757.0
2026-08-27 06:00:00+00:00,2026-08-27 06:59:59.999000+00:00,3.79e-06,3.8e-06,3.76e-06,3.79e-06,104694591451.0
2026-08-27 07:00:00+00:00,2026-08-27 07:59:59.999000+00:00,3.8e-06,3.83e-06,3.78e-06,3.83e-06,203038905553.0
2026-08-27 08:00:00+00:00,2026-08-27 08:59:59.999000+00:00,3.83e-06,3.97e-06,3.82e-06,3.92e-06,1285016755721.0
2026-08-27 09:00:00+00:00,2026-08-27 09:59:59.999000+00:00,3.93e-06,3.98e-06,3.9e-06,3.94e-06,1406476069616.0
2026-08-27 10:00:00+00:00,2026-08-27 10:59:59.999000+00:00,3.95e-06,4e-06,3.9e-06,3.93e-06,943676740255.0
2026-08-27 11:00:00+00:00,2026-08-27 11:59:59.999000+00:00,3.93e-06,3.96e-06,3.89e-06,3.91e-06,251036247439.0
2026-08-27 12:00:00+00:00,2026-08-27 12:59:59.999000+00:00,3.92e-06,3.94e-06,3.88e-06,3.9e-06,630277409712.0
2026-08-27 13:00:00+00:00,2026-08-27 13:59:59.999000+00:00,3.89e-06,3.95e-06,3.89e-06,3.95e-06,439367268448.0
2026-08-27 14:00:00+00:00,2026-08-27 14:59:59.999000+00:00,3.95e-06,4.02e-06,3.91e-06,3.97e-06,685709727406.0
2026-08-27 15:00:00+00:00,2026-08-27 15:59:59.999000+00:00,3.98e-06,4.01e-06,3.91e-06,3.92e-06,1004226311066.0
2026-08-27 16:00:00+00:00,2026-08-27 16:59:59.999000+00:00,3.92e-06,3.95e-06,3.89e-06,3.93e-06,877351863970.0
2026-08-27 17:00:00+00:00,2026-08-27 17:59:59.999000+00:00,3.93e-06,3.96e-06,3.9e-06,3.92e-06,324740040597.0
2026-08-27 18:00:00+00:00,2026-08-27 18:59:59.999000+00:00,3.92e-06,3.93e-06,3.85e-06,3.89e-06,400823228718.0
2026-08-27 19:00:00+00:00,2026-08-27 19:59:59.999000+00:00,3.9e-06,3.94e-06,3.88e-06,3.92e-06,581316403408.0
2026-08-27 20:00:00+00:00,2026-08-27 20:59:59.999000+00:00,3.92e-06,3.93e-06,3.88e-06,3.9e-06,263322701724.0
2026-08-27 21:00:00+00:00,2026-08-27 21:59:59.999000+00:00,3.91e-06,3.92e-06,3.87e-06,3.89e-06,138495234488.0
2026-08-27 22:00:00+00:00,2026-08-27 22:59:59.999000+00:00,3.89e-06,3.93e-06,3.88e-06,3.9e-06,341316195754.0
2026-08-27 23:00:00+00:00,2026-08-27 23:59:59.999000+00:00,3.9e-06,3.92e-06,3.88e-06,3.9e-06,139246817418.0
2026-08-28 00:00:00+00:00,2026-08-28 00:59:59.999000+00:00,3.9e-06,3.91e-06,3.83e-06,3.89e-06,470224791011.0
2026-08-28 01:00:00+00:00,2026-08-28 01:59:59.999000+00:00,3.89e-06,3.97e-06,3.87e-06,3.89e-06,707696457488.0
2026-08-28 02:00:00+00:00,2026-08-28 02:59:59.999000+00:00,3.89e-06,3.89e-06,3.79e-06,3.83e-06,819985573883.0
2026-08-28 03:00:00+00:00,2026-08-28 03:59:59.999000+00:00,3.83e-06,3.84e-06,3.79e-06,3.81e-06,223152953932.0
2026-08-28 04:00:00+00:00,2026-08-28 04:59:59.999000+00:00,3.82e-06,3.84e-06,3.79e-06,3.83e-06,174321142787.0
2026-08-28 05:00:00+00:00,2026-08-28 05:59:59.999000+00:00,3.83e-06,3.84e-06,3.8e-06,3.82e-06,299833520193.0
2026-08-28 06:00:00+00:00,2026-08-28 06:59:59.999000+00:00,3.82e-06,3.84e-06,3.81e-06,3.82e-06,241779726537.0
2026-08-28 07:00:00+00:00,2026-08-28 07:59:59.999000+00:00,3.83e-06,3.83e-06,3.76e-06,3.79e-06,342138133504.0
2026-08-28 08:00:00+00:00,2026-08-28 08:59:59.999000+00:00,3.79e-06,3.81e-06,3.77e-06,3.8e-06,244849331275.0
2026-08-28 09:00:00+00:00,2026-08-28 09:59:59.999000+00:00,3.8e-06,3.82e-06,3.78e-06,3.79e-06,129460610158.0
2026-08-28 10:00:00+00:00,2026-08-28 10:59:59.999000+00:00,3.8e-06,3.82e-06,3.76e-06,3.82e-06,260777813824.0
2026-08-28 11:00:00+00:00,2026-08-28 11:59:59.999000+00:00,3.82e-06,3.83e-06,3.79e-06,3.8e-06,234716638548.0
2026-08-28 12:00:00+00:00,2026-08-28 12:59:59.999000+00:00,3.81e-06,3.81e-06,3.78e-06,3.79e-06,134457532442.0
2026-08-28 13:00:00+00:00,2026-08-28 13:59:59.999000+00:00,3.8e-06,3.82e-06,3.78e-06,3.8e-06,269224509265.0
2026-08-28 14:00:00+00:00,2026-08-28 14:59:59.999000+00:00,3.8e-06,3.85e-06,3.72e-06,3.82e-06,1153369559070.0
2026-08-28 15:00:00+00:00,2026-08-28 15:59:59.999000+00:00,3.82e-06,3.84e-06,3.73e-06,3.73e-06,668439508211.0
2026-08-28 16:00:00+00:00,2026-08-28 16:59:59.999000+00:00,3.73e-06,3.74e-06,3.61e-06,3.69e-06,1680643390955.0
2026-08-28 17:00:00+00:00,2026-08-28 17:59:59.999000+00:00,3.7e-06,3.72e-06,3.68e-06,3.69e-06,299195783501.0
2026-08-28 18:00:00+00:00,2026-08-28 18:59:59.999000+00:00,3.7e-06,3.7e-06,3.63e-06,3.66e-06,329633944451.0
2026-08-28 19:00:00+00:00,2026-08-28 19:59:59.999000+00:00,3.66e-06,3.7e-06,3.66e-06,3.67e-06,211278710713.0
2026-08-28 20:00:00+00:00,2026-08-28 20:59:59.999000+00:00,3.68e-06,3.69e-06,3.66e-06,3.66e-06,110018300205.0
2026-08-28 21:00:00+00:00,2026-08-28 21:59:59.999000+00:00,3.67e-06,3.68e-06,3.64e-06,3.66e-06,222500424349.0
2026-08-28 22:00:00+00:00,2026-08-28 22:59:59.999000+00:00,3.66e-06,3.7e-06,3.65e-06,3.69e-06,187580723659.0
2026-08-28 23:00:00+00:00,2026-08-28 23:59:59.999000+00:00,3.69e-06,3.7e-06,3.68e-06,3.7e-06,84986271480.0
2026-08-29 00:00:00+00:00,2026-08-29 00:59:59.999000+00:00,3.7e-06,3.71e-06,3.68e-06,3.68e-06,130603549748.0
2026-08-29 01:00:00+00:00,2026-08-29 01:59:59.999000+00:00,3.69e-06,3.69e-06,3.67e-06,3.68e-06,148137540268.0
2026-08-29 02:00:00+00:00,2026-08-29 02:59:59.999000+00:00,3.68e-06,3.69e-06,3.65e-06,3.67e-06,133810888859.0
2026-08-29 03:00:00+00:00,2026-08-29 03:59:59.999000+00:00,3.68e-06,3.68e-06,3.62e-06,3.63e-06,330826499207.0
2026-08-29 04:00:00+00:00,2026-08-29 04:59:59.999000+00:00,3.64e-06,3.66e-06,3.63e-06,3.65e-06,81617577347.0
2026-08-29 05:00:00+00:00,2026-08-29 05:59:59.999000+00:00,3.65e-06,3.67e-06,3.64e-06,3.65e-06,87114417959.0
2026-08-29 06:00:00+00:00,2026-08-29 06:59:59.999000+00:00,3.66e-06,3.66e-06,3.61e-06,3.63e-06,258305363191.0
2026-08-29 07:00:00+00:00,2026-08-29 07:59:59.999000+00:00,3.62e-06,3.64e-06,3.61e-06,3.62e-06,167526213401.0
2026-08-29 08:00:00+00:00,2026-08-29 08:59:59.999000+00:00,3.62e-06,3.63e-06,3.59e-06,3.61e-06,216812150981.0
2026-08-29 09:00:00+00:00,2026-08-29 09:59:59.999000+00:00,3.62e-06,3.63e-06,3.61e-06,3.63e-06,89355478504.0
2026-08-29 10:00:00+00:00,2026-08-29 10:59:59.999000+00:00,3.63e-06,3.64e-06,3.61e-06,3.62e-06,83480926251.0
2026-08-29 11:00:00+00:00,2026-08-29 11:59:59.999000+00:00,3.63e-06,3.64e-06,3.62e-06,3.62e-06,34316329280.0
2026-08-29 12:00:00+00:00,2026-08-29 12:59:59.999000+00:00,3.63e-06,3.64e-06,3.61e-06,3.61e-06,204645476157.0
2026-08-29 13:00:00+00:00,2026-08-29 13:59:59.999000+00:00,3.62e-06,3.64e-06,3.61e-06,3.63e-06,85225892215.0
2026-08-29 14:00:00+00:00,2026-08-29 14:59:59.999000+00:00,3.63e-06,3.68e-06,3.62e-06,3.67e-06,244844124538.0
2026-08-29 15:00:00+00:00,2026-08-29 15:59:59.999000+00:00,3.67e-06,3.68e-06,3.63e-06,3.65e-06,156835712995.0
2026-08-29 16:00:00+00:00,2026-08-29 16:59:59.999000+00:00,3.65e-06,3.67e-06,3.63e-06,3.63e-06,147485391622.0
2026-08-29 17:00:00+00:00,2026-08-29 17:59:59.999000+00:00,3.64e-06,3.65e-06,3.62e-06,3.64e-06,156881968738.0
2026-08-29 18:00:00+00:00,2026-08-29 18:59:59.999000+00:00,3.63e-06,3.67e-06,3.63e-06,3.65e-06,148395803209.0
2026-08-29 19:00:00+00:00,2026-08-29 19:59:59.999000+00:00,3.66e-06,3.67e-06,3.65e-06,3.66e-06,122543077828.0
2026-08-29 20:00:00+00:00,2026-08-29 20:59:59.999000+00:00,3.66e-06,3.67e-06,3.64e-06,3.66e-06,109933105392.0
2026-08-29 21:00:00+00:00,2026-08-29 21:59:59.999000+00:00,3.65e-06,3.67e-06,3.64e-06,3.65e-06,80142065864.0
2026-08-29 22:00:00+00:00,2026-08-29 22:59:59.999000+00:00,3.65e-06,3.66e-06,3.64e-06,3.65e-06,55079010016.0
2026-08-29 23:00:00+00:00,2026-08-29 23:59:59.999000+00:00,3.66e-06,3.67e-06,3.65e-06,3.65e-06,76877343992.0
2026-08-30 00:00:00+00:00,2026-08-30 00:59:59.999000+00:00,3.66e-06,3.67e-06,3.65e-06,3.66e-06,88344763923.0
2026-08-30 01:00:00+00:00,2026-08-30 01:59:59.999000+00:00,3.66e-06,3.66e-06,3.63e-06,3.64e-06,186997901156.0
2026-08-30 02:00:00+00:00,2026-08-30 02:59:59.999000+00:00,3.64e-06,3.65e-06,3.63e-06,3.63e-06,117441205695.0
2026-08-30 03:00:00+00:00,2026-08-30 03:59:59.999000+00:00,3.63e-06,3.65e-06,3.63e-06,3.64e-06,38680550130.0
2026-08-30 04:00:00+00:00,2026-08-30 04:59:59.999000+00:00,3.64e-06,3.65e-06,3.62e-06,3.64e-06,104001788382.0
2026-08-30 05:00:00+00:00,2026-08-30 05:59:59.999000+00:00,3.65e-06,3.66e-06,3.63e-06,3.65e-06,49896217875.0
2026-08-30 06:00:00+00:00,2026-08-30 06:59:59.999000+00:00,3.64e-06,3.67e-06,3.63e-06,3.67e-06,98627433850.0
2026-08-30 07:00:00+00:00,2026-08-30 07:59:59.999000+00:00,3.67e-06,3.67e-06,3.63e-06,3.63e-06,69879747558.0
2026-08-30 08:00:00+00:00,2026-08-30 08:59:59.999000+00:00,3.64e-06,3.65e-06,3.63e-06,3.64e-06,108649418559.0
2026-08-30 09:00:00+00:00,2026-08-30 09:59:59.999000+00:00,3.63e-06,3.64e-06,3.61e-06,3.63e-06,65130110119.0
2026-08-30 10:00:00+00:00,2026-08-30 10:59:59.999000+00:00,3.63e-06,3.65e-06,3.62e-06,3.65e-06,72688136813.0
2026-08-30 11:00:00+00:00,2026-08-30 11:59:59.999000+00:00,3.64e-06,3.65e-06,3.63e-06,3.64e-06,68028709136.0
2026-08-30 12:00:00+00:00,2026-08-30 12:59:59.999000+00:00,3.64e-06,3.67e-06,3.63e-06,3.65e-06,214968706227.0
2026-08-30 13:00:00+00:00,2026-08-30 13:59:59.999000+00:00,3.65e-06,3.69e-06,3.63e-06,3.69e-06,171433235007.0
2026-08-30 14:00:00+00:00,2026-08-30 14:59:59.999000+00:00,3.68e-06,3.69e-06,3.66e-06,3.66e-06,106417523128.0
2026-08-30 15:00:00+00:00,2026-08-30 15:59:59.999000+00:00,3.67e-06,3.7e-06,3.66e-06,3.68e-06,457104061626.0
2026-08-30 16:00:00+00:00,2026-08-30 16:59:59.999000+00:00,3.69e-06,3.78e-06,3.67e-06,3.77e-06,852356738993.0
2026-08-30 17:00:00+00:00,2026-08-30 17:59:59.999000+00:00,3.77e-06,3.82e-06,3.71e-06,3.77e-06,749988359182.0
2026-08-30 18:00:00+00:00,2026-08-30 18:59:59.999000+00:00,3.78e-06,3.79e-06,3.72e-06,3.75e-06,273010473674.0
2026-08-30 19:00:00+00:00,2026-08-30 19:59:59.999000+00:00,3.75e-06,3.76e-06,3.68e-06,3.71e-06,190327395473.0
2026-08-30 20:00:00+00:00,2026-08-30 20:59:59.999000+00:00,3.71e-06,3.73e-06,3.64e-06,3.67e-06,318592102307.0
2026-08-30 21:00:00+00:00,2026-08-30 21:59:59.999000+00:00,3.67e-06,3.68e-06,3.62e-06,3.65e-06,376939933791.0
2026-08-30 22:00:00+00:00,2026-08-30 22:59:59.999000+00:00,3.66e-06,3.68e-06,3.58e-06,3.62e-06,502884823233.0
2026-08-30 23:00:00+00:00,2026-08-30 23:59:59.999000+00:00,3.62e-06,3.62e-06,3.36e-06,3.4e-06,2026865525964.0
2026-08-31 00:00:00+00:00,2026-08-31 00:59:59.999000+00:00,3.41e-06,3.45e-06,3.39e-06,3.44e-06,444259918044.0
2026-08-31 01:00:00+00:00,2026-08-31 01:59:59.999000+00:00,3.44e-06,3.45e-06,3.4e-06,3.42e-06,332462778613.0
2026-08-31 02:00:00+00:00,2026-08-31 02:59:59.999000+00:00,3.42e-06,3.47e-06,3.4e-06,3.43e-06,680590357032.0
2026-08-31 03:00:00+00:00,2026-08-31 03:59:59.999000+00:00,3.43e-06,3.46e-06,3.41e-06,3.44e-06,207582759532.0
2026-08-31 04:00:00+00:00,2026-08-31 04:59:59.999000+00:00,3.45e-06,3.45e-06,3.42e-06,3.44e-06,168734923180.0
2026-08-31 05:00:00+00:00,2026-08-31 05:59:59.999000+00:00,3.44e-06,3.48e-06,3.42e-06,3.47e-06,286664731731.0
2026-08-31 06:00:00+00:00,2026-08-31 06:59:59.999000+00:00,3.47e-06,3.49e-06,3.46e-06,3.49e-06,233374512216.0
2026-08-31 07:00:00+00:00,2026-08-31 07:59:59.999000+00:00,3.49e-06,3.52e-06,3.47e-06,3.52e-06,297355896320.0
2026-08-31 08:00:00+00:00,2026-08-31 08:59:59.999000+00:00,3.52e-06,3.56e-06,3.51e-06,3.55e-06,503169021833.0
2026-08-31 09:00:00+00:00,2026-08-31 09:59:59.999000+00:00,3.55e-06,3.6e-06,3.53e-06,3.56e-06,486458757435.0
2026-08-31 10:00:00+00:00,2026-08-31 10:59:59.999000+00:00,3.56e-06,3.61e-06,3.56e-06,3.6e-06,274664205208.0
2026-08-31 11:00:00+00:00,2026-08-31 11:59:59.999000+00:00,3.6e-06,3.61e-06,3.56e-06,3.58e-06,361308425036.0
2026-08-31 12:00:00+00:00,2026-08-31 12:59:59.999000+00:00,3.58e-06,3.63e-06,3.56e-06,3.57e-06,406361638557.0
2026-08-31 13:00:00+00:00,2026-08-31 13:59:59.999000+00:00,3.58e-06,3.61e-06,3.53e-06,3.54e-06,496179800008.0
2026-08-31 14:00:00+00:00,2026-08-31 14:59:59.999000+00:00,3.55e-06,3.62e-06,3.51e-06,3.6e-06,665327074549.0
2026-08-31 15:00:00+00:00,2026-08-31 15:59:59.999000+00:00,3.6e-06,3.61e-06,3.54e-06,3.54e-06,379301145085.0
2026-08-31 16:00:00+00:00,2026-08-31 16:59:59.999000+00:00,3.55e-06,3.58e-06,3.53e-06,3.55e-06,220101798735.0
2026-08-31 17:00:00+00:00,2026-08-31 17:59:59.999000+00:00,3.56e-06,3.59e-06,3.54e-06,3.57e-06,249928298810.0
2026-08-31 18:00:00+00:00,2026-08-31 18:59:59.999000+00:00,3.58e-06,3.61e-06,3.56e-06,3.59e-06,165409083940.0
2026-08-31 19:00:00+00:00,2026-08-31 19:59:59.999000+00:00,3.59e-06,3.6e-06,3.55e-06,3.57e-06,197531374355.0
2026-08-31 20:00:00+00:00,2026-08-31 20:59:59.999000+00:00,3.56e-06,3.6e-06,3.56e-06,3.57e-06,158146218595.0
2026-08-31 21:00:00+00:00,2026-08-31 21:59:59.999000+00:00,3.58e-06,3.59e-06,3.55e-06,3.58e-06,134151111856.0
2026-08-31 22:00:00+00:00,2026-08-31 22:59:59.999000+00:00,3.58e-06,3.58e-06,3.56e-06,3.57e-06,48422700788.0
2026-08-31 23:00:00+00:00,2026-08-31 23:59:59.999000+00:00,3.56e-06,3.57e-06,3.54e-06,3.55e-06,191329010892.0
2026-09-01 00:00:00+00:00,2026-09-01 00:59:59.999000+00:00,3.56e-06,3.58e-06,3.55e-06,3.56e-06,234410854378.0
2026-09-01 01:00:00+00:00,2026-09-01 01:59:59.999000+00:00,3.56e-06,3.58e-06,3.54e-06,3.56e-06,176927200461.0
2026-09-01 02:00:00+00:00,2026-09-01 02:59:59.999000+00:00,3.56e-06,3.57e-06,3.54e-06,3.55e-06,112176159976.0
2026-09-01 03:00:00+00:00,2026-09-01 03:59:59.999000+00:00,3.56e-06,3.6e-06,3.54e-06,3.56e-06,237508403992.0
2026-09-01 04:00:00+00:00,2026-09-01 04:59:59.999000+00:00,3.57e-06,3.57e-06,3.51e-06,3.53e-06,199740595865.0
2026-09-01 05:00:00+00:00,2026-09-01 05:59:59.999000+00:00,3.53e-06,3.57e-06,3.52e-06,3.57e-06,134849487253.0
2026-09-01 06:00:00+00:00,2026-09-01 06:59:59.999000+00:00,3.56e-06,3.57e-06,3.53e-06,3.53e-06,126968187370.0
2026-09-01 07:00:00+00:00,2026-09-01 07:59:59.999000+00:00,3.53e-06,3.55e-06,3.51e-06,3.54e-06,138211199827.0
2026-09-01 08:00:00+00:00,2026-09-01 08:59:59.999000+00:00,3.54e-06,3.54e-06,3.46e-06,3.46e-06,606413935643.0
2026-09-01 09:00:00+00:00,2026-09-01 09:59:59.999000+00:00,3.47e-06,3.5e-06,3.46e-06,3.48e-06,120839086276.0
2026-09-01 10:00:00+00:00,2026-09-01 10:59:59.999000+00:00,3.49e-06,3.51e-06,3.47e-06,3.49e-06,710505915143.0
2026-09-01 11:00:00+00:00,2026-09-01 11:59:59.999000+00:00,3.49e-06,3.52e-06,3.47e-06,3.51e-06,257606457158.0
2026-09-01 12:00:00+00:00,2026-09-01 12:59:59.999000+00:00,3.51e-06,3.52e-06,3.48e-06,3.51e-06,266560203511.0
2026-09-01 13:00:00+00:00,2026-09-01 13:59:59.999000+00:00,3.51e-06,3.54e-06,3.47e-06,3.52e-06,406267984861.0
2026-09-01 14:00:00+00:00,2026-09-01 14:59:59.999000+00:00,3.53e-06,3.55e-06,3.5e-06,3.51e-06,294790165203.0
2026-09-01 15:00:00+00:00,2026-09-01 15:59:59.999000+00:00,3.52e-06,3.54e-06,3.47e-06,3.52e-06,350346562604.0
2026-09-01 16:00:00+00:00,2026-09-01 16:59:59.999000+00:00,3.52e-06,3.52e-06,3.46e-06,3.48e-06,377908447369.0
2026-09-01 17:00:00+00:00,2026-09-01 17:59:59.999000+00:00,3.48e-06,3.52e-06,3.47e-06,3.48e-06,262542713523.0
2026-09-01 18:00:00+00:00,2026-09-01 18:59:59.999000+00:00,3.49e-06,3.51e-06,3.43e-06,3.5e-06,584759551018.0
2026-09-01 19:00:00+00:00,2026-09-01 19:59:59.999000+00:00,3.5e-06,3.51e-06,3.48e-06,3.48e-06,152076712494.0
2026-09-01 20:00:00+00:00,2026-09-01 20:59:59.999000+00:00,3.49e-06,3.5e-06,3.47e-06,3.48e-06,125889230639.0
2026-09-01 21:00:00+00:00,2026-09-01 21:59:59.999000+00:00,3.48e-06,3.5e-06,3.44e-06,3.46e-06,181728529633.0
2026-09-01 22:00:00+00:00,2026-09-01 22:59:59.999000+00:00,3.46e-06,3.48e-06,3.44e-06,3.46e-06,255825544305.0
2026-09-01 23:00:00+00:00,2026-09-01 23:59:59.999000+00:00,3.46e-06,3.48e-06,3.45e-06,3.47e-06,129560178560.0
2026-09-02 00:00:00+00:00,2026-09-02 00:59:59.999000+00:00,3.48e-06,3.48e-06,3.46e-06,3.46e-06,69886901977.0
2026-09-02 01:00:00+00:00,2026-09-02 01:59:59.999000+00:00,3.46e-06,3.48e-06,3.42e-06,3.44e-06,241970888642.0
2026-09-02 02:00:00+00:00,2026-09-02 02:59:59.999000+00:00,3.45e-06,3.49e-06,3.43e-06,3.47e-06,159654863263.0
2026-09-02 03:00:00+00:00,2026-09-02 03:59:59.999000+00:00,3.47e-06,3.51e-06,3.47e-06,3.48e-06,119212852083.0
2026-09-02 04:00:00+00:00,2026-09-02 04:59:59.999000+00:00,3.47e-06,3.48e-06,3.45e-06,3.47e-06,130505072845.0
2026-09-02 05:00:00+00:00,2026-09-02 05:59:59.999000+00:00,3.48e-06,3.48e-06,3.45e-06,3.46e-06,189691211205.0
2026-09-02 06:00:00+00:00,2026-09-02 06:59:59.999000+00:00,3.46e-06,3.47e-06,3.44e-06,3.46e-06,126744631383.0
2026-09-02 07:00:00+00:00,2026-09-02 07:59:59.999000+00:00,3.46e-06,3.47e-06,3.44e-06,3.44e-06,85538487544.0
2026-09-02 08:00:00+00:00,2026-09-02 08:59:59.999000+00:00,3.45e-06,3.46e-06,3.41e-06,3.42e-06,206997946323.0
2026-09-02 09:00:00+00:00,2026-09-02 09:59:59.999000+00:00,3.42e-06,3.45e-06,3.41e-06,3.42e-06,214209169278.0
2026-09-02 10:00:00+00:00,2026-09-02 10:59:59.999000+00:00,3.42e-06,3.42e-06,3.37e-06,3.41e-06,615379977776.0
2026-09-02 11:00:00+00:00,2026-09-02 11:59:59.999000+00:00,3.41e-06,3.42e-06,3.38e-06,3.42e-06,166267849098.0
2026-09-02 12:00:00+00:00,2026-09-02 12:59:59.999000+00:00,3.42e-06,3.42e-06,3.38e-06,3.39e-06,154605070685.0
2026-09-02 13:00:00+00:00,2026-09-02 13:59:59.999000+00:00,3.39e-06,3.44e-06,3.38e-06,3.41e-06,356423693811.0
2026-09-02 14:00:00+00:00,2026-09-02 14:59:59.999000+00:00,3.42e-06,3.43e-06,3.39e-06,3.4e-06,223520412849.0
2026-09-02 15:00:00+00:00,2026-09-02 15:59:59.999000+00:00,3.4e-06,3.42e-06,3.36e-06,3.42e-06,319352369698.0
2026-09-02 16:00:00+00:00,2026-09-02 16:59:59.999000+00:00,3.41e-06,3.42e-06,3.38e-06,3.39e-06,128680199557.0
2026-09-02 17:00:00+00:00,2026-09-02 17:59:59.999000+00:00,3.39e-06,3.4e-06,3.36e-06,3.4e-06,197685550721.0
2026-09-02 18:00:00+00:00,2026-09-02 18:59:59.999000+00:00,3.4e-06,3.41e-06,3.39e-06,3.4e-06,115236148100.0
2026-09-02 19:00:00+00:00,2026-09-02 19:59:59.999000+00:00,3.41e-06,3.41e-06,3.38e-06,3.4e-06,125946006946.0
2026-09-02 20:00:00+00:00,2026-09-02 20:59:59.999000+00:00,3.4e-06,3.43e-06,3.38e-06,3.42e-06,257375030622.0
2026-09-02 21:00:00+00:00,2026-09-02 21:59:59.999000+00:00,3.42e-06,3.43e-06,3.4e-06,3.41e-06,121276005796.0
2026-09-02 22:00:00+00:00,2026-09-02 22:59:59.999000+00:00,3.41e-06,3.41e-06,3.38e-06,3.4e-06,92848079818.0
2026-09-02 23:00:00+00:00,2026-09-02 23:59:59.999000+00:00,3.4e-06,3.44e-06,3.39e-06,3.43e-06,218763303220.0
2026-09-03 00:00:00+00:00,2026-09-03 00:59:59.999000+00:00,3.43e-06,3.44e-06,3.4e-06,3.41e-06,188690578016.0
2026-09-03 01:00:00+00:00,2026-09-03 01:59:59.999000+00:00,3.41e-06,3.47e-06,3.39e-06,3.44e-06,415804226262.0
2026-09-03 02:00:00+00:00,2026-09-03 02:59:59.999000+00:00,3.44e-06,3.48e-06,3.43e-06,3.48e-06,367437389739.0
2026-09-03 03:00:00+00:00,2026-09-03 03:59:59.999000+00:00,3.48e-06,3.48e-06,3.44e-06,3.46e-06,175374401482.0
2026-09-03 04:00:00+00:00,2026-09-03 04:59:59.999000+00:00,3.46e-06,3.47e-06,3.43e-06,3.47e-06,168509888445.0
2026-09-03 05:00:00+00:00,2026-09-03 05:59:59.999000+00:00,3.47e-06,3.47e-06,3.4e-06,3.45e-06,370988304969.0
2026-09-03 06:00:00+00:00,2026-09-03 06:59:59.999000+00:00,3.46e-06,3.46e-06,3.45e-06,3.46e-06,126620018360.0
2026-09-03 07:00:00+00:00,2026-09-03 07:59:59.999000+00:00,3.46e-06,3.49e-06,3.45e-06,3.46e-06,365483931878.0
2026-09-03 08:00:00+00:00,2026-09-03 08:59:59.999000+00:00,3.47e-06,3.51e-06,3.46e-06,3.46e-06,319837523861.0
2026-09-03 09:00:00+00:00,2026-09-03 09:59:59.999000+00:00,3.47e-06,3.48e-06,3.45e-06,3.46e-06,117488990970.0
2026-09-03 10:00:00+00:00,2026-09-03 10:59:59.999000+00:00,3.46e-06,3.47e-06,3.44e-06,3.47e-06,137247468846.0
2026-09-03 11:00:00+00:00,2026-09-03 11:59:59.999000+00:00,3.47e-06,3.49e-06,3.46e-06,3.49e-06,161961052610.0
2026-09-03 12:00:00+00:00,2026-09-03 12:59:59.999000+00:00,3.49e-06,3.52e-06,3.47e-06,3.5e-06,420100832284.0
2026-09-03 13:00:00+00:00,2026-09-03 13:59:59.999000+00:00,3.51e-06,3.52e-06,3.48e-06,3.5e-06,327682476108.0
2026-09-03 14:00:00+00:00,2026-09-03 14:59:59.999000+00:00,3.5e-06,3.76e-06,3.49e-06,3.75e-06,1846467967585.0
2026-09-03 15:00:00+00:00,2026-09-03 15:59:59.999000+00:00,3.74e-06,3.87e-06,3.68e-06,3.86e-06,2524175422209.0
2026-09-03 16:00:00+00:00,2026-09-03 16:59:59.999000+00:00,3.85e-06,3.87e-06,3.76e-06,3.84e-06,1382733050298.0
2026-09-03 17:00:00+00:00,2026-09-03 17:59:59.999000+00:00,3.84e-06,3.85e-06,3.79e-06,3.83e-06,794249030980.0
2026-09-03 18:00:00+00:00,2026-09-03 18:59:59.999000+00:00,3.83e-06,3.88e-06,3.8e-06,3.82e-06,436292854986.0
2026-09-03 19:00:00+00:00,2026-09-03 19:59:59.999000+00:00,3.83e-06,3.84e-06,3.77e-06,3.8e-06,499068989083.0
2026-09-03 20:00:00+00:00,2026-09-03 20:59:59.999000+00:00,3.8e-06,3.81e-06,3.74e-06,3.75e-06,313468421518.0
2026-09-03 21:00:00+00:00,2026-09-03 21:59:59.999000+00:00,3.75e-06,3.81e-06,3.74e-06,3.77e-06,333790894734.0
2026-09-03 22:00:00+00:00,2026-09-03 22:59:59.999000+00:00,3.77e-06,3.77e-06,3.66e-06,3.67e-06,497472266126.0
2026-09-03 23:00:00+00:00,2026-09-03 23:59:59.999000+00:00,3.67e-06,3.72e-06,3.65e-06,3.71e-06,321060386325.0
2026-09-04 00:00:00+00:00,2026-09-04 00:59:59.999000+00:00,3.72e-06,3.72e-06,3.65e-06,3.67e-06,439189988781.0
2026-09-04 01:00:00+00:00,2026-09-04 01:59:59.999000+00:00,3.66e-06,3.68e-06,3.64e-06,3.66e-06,252080321347.0
2026-09-04 02:00:00+00:00,2026-09-04 02:59:59.999000+00:00,3.67e-06,3.69e-06,3.64e-06,3.69e-06,200003724778.0
2026-09-04 03:00:00+00:00,2026-09-04 03:59:59.999000+00:00,3.69e-06,3.7e-06,3.66e-06,3.67e-06,92939348580.0
2026-09-04 04:00:00+00:00,2026-09-04 04:59:59.999000+00:00,3.67e-06,3.7e-06,3.65e-06,3.66e-06,207908943463.0
2026-09-04 05:00:00+00:00,2026-09-04 05:59:59.999000+00:00,3.67e-06,3.68e-06,3.61e-06,3.64e-06,369524343455.0
2026-09-04 06:00:00+00:00,2026-09-04 06:59:59.999000+00:00,3.64e-06,3.65e-06,3.61e-06,3.64e-06,160753301234.0
2026-09-04 07:00:00+00:00,2026-09-04 07:59:59.999000+00:00,3.64e-06,3.65e-06,3.62e-06,3.63e-06,158832264213.0
2026-09-04 08:00:00+00:00,2026-09-04 08:59:59.999000+00:00,3.64e-06,3.69e-06,3.63e-06,3.68e-06,396616564850.0
2026-09-04 09:00:00+00:00,2026-09-04 09:59:59.999000+00:00,3.68e-06,3.71e-06,3.66e-06,3.66e-06,474124283390.0
2026-09-04 10:00:00+00:00,2026-09-04 10:59:59.999000+00:00,3.67e-06,3.68e-06,3.64e-06,3.67e-06,187951192537.0
2026-09-04 11:00:00+00:00,2026-09-04 11:59:59.999000+00:00,3.67e-06,3.7e-06,3.66e-06,3.68e-06,337447347497.0
2026-09-04 12:00:00+00:00,2026-09-04 12:59:59.999000+00:00,3.69e-06,3.72e-06,3.51e-06,3.54e-06,2414370910751.0
2026-09-04 13:00:00+00:00,2026-09-04 13:59:59.999000+00:00,3.54e-06,3.59e-06,3.51e-06,3.55e-06,945584695533.0
2026-09-04 14:00:00+00:00,2026-09-04 14:59:59.999000+00:00,3.55e-06,3.56e-06,3.48e-06,3.51e-06,511487848654.0
2026-09-04 15:00:00+00:00,2026-09-04 15:59:59.999000+00:00,3.51e-06,3.54e-06,3.49e-06,3.53e-06,395239874635.0
2026-09-04 16:00:00+00:00,2026-09-04 16:59:59.999000+00:00,3.52e-06,3.57e-06,3.51e-06,3.56e-06,388073816706.0
2026-09-04 17:00:00+00:00,2026-09-04 17:59:59.999000+00:00,3.56e-06,3.56e-06,3.51e-06,3.53e-06,234968427872.0
2026-09-04 18:00:00+00:00,2026-09-04 18:59:59.999000+00:00,3.54e-06,3.57e-06,3.53e-06,3.56e-06,177603171781.0
2026-09-04 19:00:00+00:00,2026-09-04 19:59:59.999000+00:00,3.56e-06,3.59e-06,3.55e-06,3.59e-06,182111819150.0
2026-09-04 20:00:00+00:00,2026-09-04 20:59:59.999000+00:00,3.59e-06,3.6e-06,3.57e-06,3.58e-06,179977708642.0
2026-09-04 21:00:00+00:00,2026-09-04 21:59:59.999000+00:00,3.58e-06,3.58e-06,3.5e-06,3.5e-06,284921862147.0
2026-09-04 22:00:00+00:00,2026-09-04 22:59:59.999000+00:00,3.5e-06,3.53e-06,3.49e-06,3.51e-06,272127236121.0
2026-09-04 23:00:00+00:00,2026-09-04 23:59:59.999000+00:00,3.52e-06,3.53e-06,3.51e-06,3.53e-06,63969991385.0
2026-09-05 00:00:00+00:00,2026-09-05 00:59:59.999000+00:00,3.53e-06,3.53e-06,3.49e-06,3.49e-06,471807313942.0
2026-09-05 01:00:00+00:00,2026-09-05 01:59:59.999000+00:00,3.5e-06,3.51e-06,3.48e-06,3.5e-06,311804963015.0
2026-09-05 02:00:00+00:00,2026-09-05 02:59:59.999000+00:00,3.5e-06,3.5e-06,3.44e-06,3.46e-06,439759419290.0
2026-09-05 03:00:00+00:00,2026-09-05 03:59:59.999000+00:00,3.46e-06,3.47e-06,3.44e-06,3.46e-06,348764433664.0
2026-09-05 04:00:00+00:00,2026-09-05 04:59:59.999000+00:00,3.47e-06,3.49e-06,3.45e-06,3.48e-06,255670755515.0
2026-09-05 05:00:00+00:00,2026-09-05 05:59:59.999000+00:00,3.49e-06,3.49e-06,3.46e-06,3.49e-06,445095239250.0
2026-09-05 06:00:00+00:00,2026-09-05 06:59:59.999000+00:00,3.49e-06,3.52e-06,3.48e-06,3.52e-06,254951110193.0
2026-09-05 07:00:00+00:00,2026-09-05 07:59:59.999000+00:00,3.52e-06,3.53e-06,3.51e-06,3.52e-06,198552149911.0
2026-09-05 08:00:00+00:00,2026-09-05 08:59:59.999000+00:00,3.52e-06,3.53e-06,3.5e-06,3.53e-06,189083850173.0
2026-09-05 09:00:00+00:00,2026-09-05 09:59:59.999000+00:00,3.53e-06,3.55e-06,3.52e-06,3.54e-06,276336949977.0
2026-09-05 10:00:00+00:00,2026-09-05 10:59:59.999000+00:00,3.54e-06,3.54e-06,3.52e-06,3.53e-06,226562103095.0
2026-09-05 11:00:00+00:00,2026-09-05 11:59:59.999000+00:00,3.53e-06,3.54e-06,3.52e-06,3.53e-06,104022134912.0
2026-09-05 12:00:00+00:00,2026-09-05 12:59:59.999000+00:00,3.53e-06,3.59e-06,3.52e-06,3.57e-06,424145091575.0
2026-09-05 13:00:00+00:00,2026-09-05 13:59:59.999000+00:00,3.58e-06,3.59e-06,3.54e-06,3.55e-06,537462304028.0
2026-09-05 14:00:00+00:00,2026-09-05 14:59:59.999000+00:00,3.56e-06,3.58e-06,3.55e-06,3.57e-06,261834490096.0
2026-09-05 15:00:00+00:00,2026-09-05 15:59:59.999000+00:00,3.58e-06,3.58e-06,3.55e-06,3.57e-06,154688829084.0
2026-09-05 16:00:00+00:00,2026-09-05 16:59:59.999000+00:00,3.57e-06,3.6e-06,3.56e-06,3.58e-06,451914363987.0
2026-09-05 17:00:00+00:00,2026-09-05 17:59:59.999000+00:00,3.58e-06,3.71e-06,3.57e-06,3.67e-06,944030797516.0
2026-09-05 18:00:00+00:00,2026-09-05 18:59:59.999000+00:00,3.68e-06,3.69e-06,3.61e-06,3.61e-06,654961133957.0
2026-09-05 19:00:00+00:00,2026-09-05 19:59:59.999000+00:00,3.62e-06,3.64e-06,3.59e-06,3.61e-06,303363020907.0
2026-09-05 20:00:00+00:00,2026-09-05 20:59:59.999000+00:00,3.61e-06,3.63e-06,3.6e-06,3.63e-06,388950371222.0
2026-09-05 21:00:00+00:00,2026-09-05 21:59:59.999000+00:00,3.63e-06,3.66e-06,3.61e-06,3.64e-06,215247399054.0
2026-09-05 22:00:00+00:00,2026-09-05 22:59:59.999000+00:00,3.65e-06,3.66e-06,3.61e-06,3.62e-06,134270425328.0
2026-09-05 23:00:00+00:00,2026-09-05 23:59:59.999000+00:00,3.62e-06,3.63e-06,3.6e-06,3.61e-06,170127446323.0
2026-09-06 00:00:00+00:00,2026-09-06 00:59:59.999000+00:00,3.61e-06,3.64e-06,3.6e-06,3.62e-06,232798386045.0
2026-09-06 01:00:00+00:00,2026-09-06 01:59:59.999000+00:00,3.62e-06,3.66e-06,3.61e-06,3.64e-06,496413087808.0
2026-09-06 02:00:00+00:00,2026-09-06 02:59:59.999000+00:00,3.65e-06,3.67e-06,3.63e-06,3.66e-06,243832920016.0
2026-09-06 03:00:00+00:00,2026-09-06 03:59:59.999000+00:00,3.66e-06,3.69e-06,3.64e-06,3.67e-06,207221062891.0
2026-09-06 04:00:00+00:00,2026-09-06 04:59:59.999000+00:00,3.67e-06,3.67e-06,3.61e-06,3.63e-06,288433342007.0
2026-09-06 05:00:00+00:00,2026-09-06 05:59:59.999000+00:00,3.64e-06,3.67e-06,3.62e-06,3.66e-06,196319116705.0
2026-09-06 06:00:00+00:00,2026-09-06 06:59:59.999000+00:00,3.66e-06,3.66e-06,3.63e-06,3.64e-06,188804849189.0
2026-09-06 07:00:00+00:00,2026-09-06 07:59:59.999000+00:00,3.64e-06,3.65e-06,3.6e-06,3.64e-06,304138019515.0
2026-09-06 08:00:00+00:00,2026-09-06 08:59:59.999000+00:00,3.64e-06,3.64e-06,3.6e-06,3.62e-06,175982140713.0
2026-09-06 09:00:00+00:00,2026-09-06 09:59:59.999000+00:00,3.61e-06,3.66e-06,3.61e-06,3.64e-06,208180106235.0
2026-09-06 10:00:00+00:00,2026-09-06 10:59:59.999000+00:00,3.63e-06,3.64e-06,3.62e-06,3.64e-06,131984729778.0
2026-09-06 11:00:00+00:00,2026-09-06 11:59:59.999000+00:00,3.64e-06,3.65e-06,3.62e-06,3.64e-06,91804307284.0
2026-09-06 12:00:00+00:00,2026-09-06 12:59:59.999000+00:00,3.64e-06,3.65e-06,3.61e-06,3.62e-06,134510227582.0
2026-09-06 13:00:00+00:00,2026-09-06 13:59:59.999000+00:00,3.62e-06,3.63e-06,3.57e-06,3.61e-06,558628132515.0
2026-09-06 14:00:00+00:00,2026-09-06 14:59:59.999000+00:00,3.62e-06,3.62e-06,3.53e-06,3.57e-06,561168640231.0
2026-09-06 15:00:00+00:00,2026-09-06 15:59:59.999000+00:00,3.58e-06,3.59e-06,3.54e-06,3.58e-06,201807202103.0
2026-09-06 16:00:00+00:00,2026-09-06 16:59:59.999000+00:00,3.58e-06,3.61e-06,3.57e-06,3.6e-06,210850660064.0
2026-09-06 17:00:00+00:00,2026-09-06 17:59:59.999000+00:00,3.61e-06,3.61e-06,3.58e-06,3.59e-06,124722058469.0
2026-09-06 18:00:00+00:00,2026-09-06 18:59:59.999000+00:00,3.6e-06,3.61e-06,3.59e-06,3.6e-06,88600197487.0
2026-09-06 19:00:00+00:00,2026-09-06 19:59:59.999000+00:00,3.61e-06,3.61e-06,3.59e-06,3.6e-06,54396211409.0
2026-09-06 20:00:00+00:00,2026-09-06 20:59:59.999000+00:00,3.6e-06,3.63e-06,3.59e-06,3.63e-06,175903559182.0
2026-09-06 21:00:00+00:00,2026-09-06 21:59:59.999000+00:00,3.63e-06,3.66e-06,3.62e-06,3.64e-06,266745852798.0
2026-09-06 22:00:00+00:00,2026-09-06 22:59:59.999000+00:00,3.65e-06,3.65e-06,3.59e-06,3.62e-06,181681936924.0
2026-09-06 23:00:00+00:00,2026-09-06 23:59:59.999000+00:00,3.63e-06,3.66e-06,3.62e-06,3.65e-06,193802122933.0
2026-09-07 00:00:00+00:00,2026-09-07 00:59:59.999000+00:00,3.66e-06,3.67e-06,3.64e-06,3.66e-06,263653304878.0
2026-09-07 01:00:00+00:00,2026-09-07 01:59:59.999000+00:00,3.66e-06,3.66e-06,3.58e-06,3.59e-06,407955337807.0
2026-09-07 02:00:00+00:00,2026-09-07 02:59:59.999000+00:00,3.6e-06,3.66e-06,3.57e-06,3.61e-06,301143736643.0
2026-09-07 03:00:00+00:00,2026-09-07 03:59:59.999000+00:00,3.61e-06,3.62e-06,3.56e-06,3.58e-06,280588307473.0
2026-09-07 04:00:00+00:00,2026-09-07 04:59:59.999000+00:00,3.58e-06,3.6e-06,3.57e-06,3.59e-06,175983808967.0
2026-09-07 05:00:00+00:00,2026-09-07 05:59:59.999000+00:00,3.6e-06,3.64e-06,3.59e-06,3.61e-06,231362906121.0
2026-09-07 06:00:00+00:00,2026-09-07 06:59:59.999000+00:00,3.6e-06,3.63e-06,3.59e-06,3.59e-06,113917351979.0
2026-09-07 07:00:00+00:00,2026-09-07 07:59:59.999000+00:00,3.59e-06,3.61e-06,3.53e-06,3.57e-06,428295856959.0
2026-09-07 08:00:00+00:00,2026-09-07 08:59:59.999000+00:00,3.56e-06,3.6e-06,3.55e-06,3.59e-06,181201954451.0
2026-09-07 09:00:00+00:00,2026-09-07 09:59:59.999000+00:00,3.59e-06,3.61e-06,3.57e-06,3.58e-06,187958686958.0
2026-09-07 10:00:00+00:00,2026-09-07 10:59:59.999000+00:00,3.58e-06,3.62e-06,3.57e-06,3.61e-06,103058526710.0
2026-09-07 11:00:00+00:00,2026-09-07 11:59:59.999000+00:00,3.61e-06,3.62e-06,3.59e-06,3.6e-06,128486130898.0
2026-09-07 12:00:00+00:00,2026-09-07 12:59:59.999000+00:00,3.6e-06,3.71e-06,3.59e-06,3.7e-06,630494544611.0
2026-09-07 13:00:00+00:00,2026-09-07 13:59:59.999000+00:00,3.7e-06,3.71e-06,3.64e-06,3.67e-06,553993058066.0
2026-09-07 14:00:00+00:00,2026-09-07 14:59:59.999000+00:00,3.67e-06,3.67e-06,3.61e-06,3.65e-06,578560705876.0
2026-09-07 15:00:00+00:00,2026-09-07 15:59:59.999000+00:00,3.66e-06,3.66e-06,3.55e-06,3.56e-06,516799653265.0
2026-09-07 16:00:00+00:00,2026-09-07 16:59:59.999000+00:00,3.56e-06,3.64e-06,3.56e-06,3.64e-06,204255370248.0
2026-09-07 17:00:00+00:00,2026-09-07 17:59:59.999000+00:00,3.63e-06,3.64e-06,3.61e-06,3.61e-06,159264715026.0
2026-09-07 18:00:00+00:00,2026-09-07 18:59:59.999000+00:00,3.61e-06,3.62e-06,3.58e-06,3.59e-06,157569276339.0
2026-09-07 19:00:00+00:00,2026-09-07 19:59:59.999000+00:00,3.6e-06,3.64e-06,3.59e-06,3.63e-06,53602542330.0
2026-09-07 20:00:00+00:00,2026-09-07 20:59:59.999000+00:00,3.63e-06,3.64e-06,3.61e-06,3.63e-06,122496108994.0
2026-09-07 21:00:00+00:00,2026-09-07 21:59:59.999000+00:00,3.63e-06,3.64e-06,3.6e-06,3.63e-06,138102082929.0
2026-09-07 22:00:00+00:00,2026-09-07 22:59:59.999000+00:00,3.62e-06,3.62e-06,3.56e-06,3.58e-06,173877566648.0
2026-09-07 23:00:00+00:00,2026-09-07 23:59:59.999000+00:00,3.58e-06,3.64e-06,3.57e-06,3.63e-06,177716129514.0
2026-09-08 00:00:00+00:00,2026-09-08 00:59:59.999000+00:00,3.63e-06,3.65e-06,3.6e-06,3.64e-06,297130516582.0
2026-09-08 01:00:00+00:00,2026-09-08 01:59:59.999000+00:00,3.64e-06,3.66e-06,3.62e-06,3.66e-06,202462485030.0
2026-09-08 02:00:00+00:00,2026-09-08 02:59:59.999000+00:00,3.66e-06,3.69e-06,3.59e-06,3.6e-06,322688173926.0
2026-09-08 03:00:00+00:00,2026-09-08 03:59:59.999000+00:00,3.6e-06,3.62e-06,3.58e-06,3.61e-06,212504205662.0
2026-09-08 04:00:00+00:00,2026-09-08 04:59:59.999000+00:00,3.6e-06,3.62e-06,3.59e-06,3.6e-06,117141353724.0
2026-09-08 05:00:00+00:00,2026-09-08 05:59:59.999000+00:00,3.61e-06,3.65e-06,3.59e-06,3.6e-06,323314728448.0
2026-09-08 06:00:00+00:00,2026-09-08 06:59:59.999000+00:00,3.6e-06,3.6e-06,3.56e-06,3.59e-06,307703985739.0
2026-09-08 07:00:00+00:00,2026-09-08 07:59:59.999000+00:00,3.58e-06,3.63e-06,3.58e-06,3.6e-06,204439841543.0
2026-09-08 08:00:00+00:00,2026-09-08 08:59:59.999000+00:00,3.61e-06,3.63e-06,3.58e-06,3.61e-06,151235822334.0
2026-09-08 09:00:00+00:00,2026-09-08 09:59:59.999000+00:00,3.61e-06,3.66e-06,3.6e-06,3.63e-06,356621149582.0
2026-09-08 10:00:00+00:00,2026-09-08 10:59:59.999000+00:00,3.63e-06,3.66e-06,3.61e-06,3.62e-06,120929101664.0
2026-09-08 11:00:00+00:00,2026-09-08 11:59:59.999000+00:00,3.61e-06,3.63e-06,3.58e-06,3.61e-06,310000916244.0
2026-09-08 12:00:00+00:00,2026-09-08 12:59:59.999000+00:00,3.61e-06,3.64e-06,3.59e-06,3.63e-06,276893194983.0
2026-09-08 13:00:00+00:00,2026-09-08 13:59:59.999000+00:00,3.62e-06,3.64e-06,3.55e-06,3.59e-06,525102898519.0
2026-09-08 14:00:00+00:00,2026-09-08 14:59:59.999000+00:00,3.6e-06,3.65e-06,3.59e-06,3.65e-06,493358666559.0
2026-09-08 15:00:00+00:00,2026-09-08 15:59:59.999000+00:00,3.65e-06,3.68e-06,3.64e-06,3.67e-06,629513114600.0
2026-09-08 16:00:00+00:00,2026-09-08 16:59:59.999000+00:00,3.68e-06,3.68e-06,3.63e-06,3.66e-06,315181737837.0
2026-09-08 17:00:00+00:00,2026-09-08 17:59:59.999000+00:00,3.67e-06,3.69e-06,3.64e-06,3.65e-06,266590385338.0
2026-09-08 18:00:00+00:00,2026-09-08 18:59:59.999000+00:00,3.65e-06,3.7e-06,3.6e-06,3.61e-06,284088451312.0
2026-09-08 19:00:00+00:00,2026-09-08 19:59:59.999000+00:00,3.62e-06,3.65e-06,3.61e-06,3.64e-06,358073316094.0
2026-09-08 20:00:00+00:00,2026-09-08 20:59:59.999000+00:00,3.64e-06,3.68e-06,3.63e-06,3.65e-06,236507006714.0
2026-09-08 21:00:00+00:00,2026-09-08 21:59:59.999000+00:00,3.64e-06,3.67e-06,3.63e-06,3.65e-06,123755946353.0
2026-09-08 22:00:00+00:00,2026-09-08 22:59:59.999000+00:00,3.65e-06,3.69e-06,3.64e-06,3.67e-06,153038750338.0
2026-09-08 23:00:00+00:00,2026-09-08 23:59:59.999000+00:00,3.67e-06,3.68e-06,3.64e-06,3.66e-06,106723044249.0
2026-09-09 00:00:00+00:00,2026-09-09 00:59:59.999000+00:00,3.66e-06,3.77e-06,3.65e-06,3.7e-06,820525696882.0
2026-09-09 01:00:00+00:00,2026-09-09 01:59:59.999000+00:00,3.7e-06,3.7e-06,3.63e-06,3.66e-06,338880042395.0
2026-09-09 02:00:00+00:00,2026-09-09 02:59:59.999000+00:00,3.66e-06,3.66e-06,3.62e-06,3.64e-06,148390139446.0
2026-09-09 03:00:00+00:00,2026-09-09 03:59:59.999000+00:00,3.65e-06,3.66e-06,3.63e-06,3.65e-06,150699029293.0
2026-09-09 04:00:00+00:00,2026-09-09 04:59:59.999000+00:00,3.65e-06,3.74e-06,3.64e-06,3.73e-06,357638226270.0
2026-09-09 05:00:00+00:00,2026-09-09 05:59:59.999000+00:00,3.72e-06,3.72e-06,3.67e-06,3.68e-06,292932226450.0
2026-09-09 06:00:00+00:00,2026-09-09 06:59:59.999000+00:00,3.67e-06,3.71e-06,3.67e-06,3.7e-06,121514828566.0
2026-09-09 07:00:00+00:00,2026-09-09 07:59:59.999000+00:00,3.7e-06,3.73e-06,3.69e-06,3.71e-06,261292574905.0
2026-09-09 08:00:00+00:00,2026-09-09 08:59:59.999000+00:00,3.71e-06,3.74e-06,3.7e-06,3.74e-06,327654687529.0
2026-09-09 09:00:00+00:00,2026-09-09 09:59:59.999000+00:00,3.74e-06,3.74e-06,3.65e-06,3.65e-06,256408288525.0
2026-09-09 10:00:00+00:00,2026-09-09 10:59:59.999000+00:00,3.66e-06,3.69e-06,3.65e-06,3.69e-06,133561913373.0
2026-09-09 11:00:00+00:00,2026-09-09 11:59:59.999000+00:00,3.68e-06,3.72e-06,3.65e-06,3.72e-06,199679681251.0
2026-09-09 12:00:00+00:00,2026-09-09 12:59:59.999000+00:00,3.72e-06,3.74e-06,3.7e-06,3.71e-06,271049972943.0
2026-09-09 13:00:00+00:00,2026-09-09 13:59:59.999000+00:00,3.72e-06,3.73e-06,3.65e-06,3.68e-06,478130870569.0
2026-09-09 14:00:00+00:00,2026-09-09 14:59:59.999000+00:00,3.68e-06,3.7e-06,3.65e-06,3.66e-06,331755439308.0
2026-09-09 15:00:00+00:00,2026-09-09 15:59:59.999000+00:00,3.66e-06,3.69e-06,3.55e-06,3.6e-06,1270817189474.0
2026-09-09 16:00:00+00:00,2026-09-09 16:59:59.999000+00:00,3.6e-06,3.63e-06,3.57e-06,3.62e-06,322039461766.0
2026-09-09 17:00:00+00:00,2026-09-09 17:59:59.999000+00:00,3.62e-06,3.64e-06,3.6e-06,3.63e-06,221444546584.0
2026-09-09 18:00:00+00:00,2026-09-09 18:59:59.999000+00:00,3.63e-06,3.63e-06,3.58e-06,3.6e-06,280159801563.0
2026-09-09 19:00:00+00:00,2026-09-09 19:59:59.999000+00:00,3.59e-06,3.6e-06,3.52e-06,3.53e-06,372174904055.0
2026-09-09 20:00:00+00:00,2026-09-09 20:59:59.999000+00:00,3.54e-06,3.55e-06,3.48e-06,3.52e-06,429182292788.0
2026-09-09 21:00:00+00:00,2026-09-09 21:59:59.999000+00:00,3.53e-06,3.53e-06,3.47e-06,3.5e-06,233344822606.0
2026-09-09 22:00:00+00:00,2026-09-09 22:59:59.999000+00:00,3.5e-06,3.51e-06,3.4e-06,3.43e-06,946582356432.0
2026-09-09 23:00:00+00:00,2026-09-09 23:59:59.999000+00:00,3.43e-06,3.48e-06,3.43e-06,3.48e-06,142257818186.0
2026-09-10 00:00:00+00:00,2026-09-10 00:59:59.999000+00:00,3.48e-06,3.49e-06,3.45e-06,3.45e-06,265978094837.0
2026-09-10 01:00:00+00:00,2026-09-10 01:59:59.999000+00:00,3.45e-06,3.49e-06,3.42e-06,3.45e-06,359988565511.0
2026-09-10 02:00:00+00:00,2026-09-10 02:59:59.999000+00:00,3.45e-06,3.48e-06,3.43e-06,3.48e-06,164896533105.0
2026-09-10 03:00:00+00:00,2026-09-10 03:59:59.999000+00:00,3.48e-06,3.49e-06,3.46e-06,3.47e-06,321824365654.0
2026-09-10 04:00:00+00:00,2026-09-10 04:59:59.999000+00:00,3.46e-06,3.48e-06,3.45e-06,3.47e-06,218102082316.0
2026-09-10 05:00:00+00:00,2026-09-10 05:59:59.999000+00:00,3.47e-06,3.48e-06,3.45e-06,3.48e-06,107655462656.0
2026-09-10 06:00:00+00:00,2026-09-10 06:59:59.999000+00:00,3.48e-06,3.48e-06,3.44e-06,3.47e-06,123323353627.0
2026-09-10 07:00:00+00:00,2026-09-10 07:59:59.999000+00:00,3.46e-06,3.47e-06,3.42e-06,3.44e-06,325705584054.0
2026-09-10 08:00:00+00:00,2026-09-10 08:59:59.999000+00:00,3.44e-06,3.46e-06,3.43e-06,3.44e-06,183296938838.0
2026-09-10 09:00:00+00:00,2026-09-10 09:59:59.999000+00:00,3.44e-06,3.45e-06,3.41e-06,3.43e-06,171806870241.0
2026-09-10 10:00:00+00:00,2026-09-10 10:59:59.999000+00:00,3.43e-06,3.44e-06,3.4e-06,3.4e-06,348717268416.0
2026-09-10 11:00:00+00:00,2026-09-10 11:59:59.999000+00:00,3.41e-06,3.44e-06,3.39e-06,3.42e-06,212438437608.0
2026-09-10 12:00:00+00:00,2026-09-10 12:59:59.999000+00:00,3.42e-06,3.43e-06,3.28e-06,3.34e-06,1642590922124.0
2026-09-10 13:00:00+00:00,2026-09-10 13:59:59.999000+00:00,3.34e-06,3.36e-06,3.32e-06,3.34e-06,753750842152.0
2026-09-10 14:00:00+00:00,2026-09-10 14:59:59.999000+00:00,3.34e-06,3.36e-06,3.29e-06,3.31e-06,506505970800.0
2026-09-10 15:00:00+00:00,2026-09-10 15:59:59.999000+00:00,3.32e-06,3.32e-06,3.25e-06,3.28e-06,638849932628.0
2026-09-10 16:00:00+00:00,2026-09-10 16:59:59.999000+00:00,3.28e-06,3.29e-06,3.22e-06,3.27e-06,510494013440.0
2026-09-10 17:00:00+00:00,2026-09-10 17:59:59.999000+00:00,3.27e-06,3.32e-06,3.26e-06,3.3e-06,410897144649.0
2026-09-10 18:00:00+00:00,2026-09-10 18:59:59.999000+00:00,3.3e-06,3.32e-06,3.27e-06,3.32e-06,189056177024.0
2026-09-10 19:00:00+00:00,2026-09-10 19:59:59.999000+00:00,3.32e-06,3.33e-06,3.3e-06,3.31e-06,276456751788.0
2026-09-10 20:00:00+00:00,2026-09-10 20:59:59.999000+00:00,3.31e-06,3.34e-06,3.3e-06,3.32e-06,171450296738.0
2026-09-10 21:00:00+00:00,2026-09-10 21:59:59.999000+00:00,3.32e-06,3.33e-06,3.29e-06,3.31e-06,87038955778.0
2026-09-10 22:00:00+00:00,2026-09-10 22:59:59.999000+00:00,3.3e-06,3.32e-06,3.26e-06,3.26e-06,225153267826.0
2026-09-10 23:00:00+00:00,2026-09-10 23:59:59.999000+00:00,3.27e-06,3.27e-06,3.22e-06,3.24e-06,384381043050.0
2026-09-11 00:00:00+00:00,2026-09-11 00:59:59.999000+00:00,3.24e-06,3.27e-06,3.23e-06,3.26e-06,160407573917.0
2026-09-11 01:00:00+00:00,2026-09-11 01:59:59.999000+00:00,3.27e-06,3.29e-06,3.25e-06,3.29e-06,225372341033.0
2026-09-11 02:00:00+00:00,2026-09-11 02:59:59.999000+00:00,3.29e-06,3.29e-06,3.26e-06,3.29e-06,234943060276.0
2026-09-11 03:00:00+00:00,2026-09-11 03:59:59.999000+00:00,3.29e-06,3.3e-06,3.27e-06,3.3e-06,158551530452.0
2026-09-11 04:00:00+00:00,2026-09-11 04:59:59.999000+00:00,3.29e-06,3.32e-06,3.29e-06,3.32e-06,86630723867.0
2026-09-11 05:00:00+00:00,2026-09-11 05:59:59.999000+00:00,3.32e-06,3.32e-06,3.3e-06,3.32e-06,123001567181.0
2026-09-11 06:00:00+00:00,2026-09-11 06:59:59.999000+00:00,3.32e-06,3.33e-06,3.3e-06,3.32e-06,272017151577.0
2026-09-11 07:00:00+00:00,2026-09-11 07:59:59.999000+00:00,3.32e-06,3.33e-06,3.3e-06,3.31e-06,167180279429.0
2026-09-11 08:00:00+00:00,2026-09-11 08:59:59.999000+00:00,3.31e-06,3.34e-06,3.3e-06,3.32e-06,140145535788.0
2026-09-11 09:00:00+00:00,2026-09-11 09:59:59.999000+00:00,3.31e-06,3.32e-06,3.27e-06,3.28e-06,216058406717.0
2026-09-11 10:00:00+00:00,2026-09-11 10:59:59.999000+00:00,3.27e-06,3.29e-06,3.25e-06,3.25e-06,149466688650.0
2026-09-11 11:00:00+00:00,2026-09-11 11:59:59.999000+00:00,3.25e-06,3.26e-06,3.23e-06,3.26e-06,190737384918.0
2026-09-11 12:00:00+00:00,2026-09-11 12:59:59.999000+00:00,3.26e-06,3.37e-06,3.2e-06,3.37e-06,1380723461652.0
2026-09-11 13:00:00+00:00,2026-09-11 13:59:59.999000+00:00,3.37e-06,3.53e-06,3.31e-06,3.53e-06,1560948649065.0
2026-09-11 14:00:00+00:00,2026-09-11 14:59:59.999000+00:00,3.53e-06,3.57e-06,3.42e-06,3.46e-06,1444342004385.0
2026-09-11 15:00:00+00:00,2026-09-11 15:59:59.999000+00:00,3.45e-06,3.47e-06,3.32e-06,3.36e-06,905347833692.0
2026-09-11 16:00:00+00:00,2026-09-11 16:59:59.999000+00:00,3.36e-06,3.4e-06,3.35e-06,3.37e-06,513633237510.0
2026-09-11 17:00:00+00:00,2026-09-11 17:59:59.999000+00:00,3.38e-06,3.38e-06,3.32e-06,3.33e-06,321274535854.0
2026-09-11 18:00:00+00:00,2026-09-11 18:59:59.999000+00:00,3.33e-06,3.34e-06,3.24e-06,3.26e-06,634893889902.0
2026-09-11 19:00:00+00:00,2026-09-11 19:59:59.999000+00:00,3.27e-06,3.3e-06,3.24e-06,3.3e-06,327283689004.0
2026-09-11 20:00:00+00:00,2026-09-11 20:59:59.999000+00:00,3.3e-06,3.32e-06,3.28e-06,3.3e-06,393549163625.0
2026-09-11 21:00:00+00:00,2026-09-11 21:59:59.999000+00:00,3.3e-06,3.32e-06,3.26e-06,3.27e-06,89396692773.0
2026-09-11 22:00:00+00:00,2026-09-11 22:59:59.999000+00:00,3.27e-06,3.3e-06,3.25e-06,3.28e-06,298863521567.0
2026-09-11 23:00:00+00:00,2026-09-11 23:59:59.999000+00:00,3.27e-06,3.31e-06,3.27e-06,3.31e-06,98898388041.0
2026-09-12 00:00:00+00:00,2026-09-12 00:59:59.999000+00:00,3.31e-06,3.32e-06,3.29e-06,3.31e-06,141889695036.0
2026-09-12 01:00:00+00:00,2026-09-12 01:59:59.999000+00:00,3.31e-06,3.32e-06,3.3e-06,3.31e-06,93339196155.0
2026-09-12 02:00:00+00:00,2026-09-12 02:59:59.999000+00:00,3.31e-06,3.32e-06,3.3e-06,3.31e-06,99568105835.0
2026-09-12 03:00:00+00:00,2026-09-12 03:59:59.999000+00:00,3.32e-06,3.34e-06,3.31e-06,3.34e-06,131448383353.0
2026-09-12 04:00:00+00:00,2026-09-12 04:59:59.999000+00:00,3.34e-06,3.34e-06,3.32e-06,3.33e-06,164402333714.0
2026-09-12 05:00:00+00:00,2026-09-12 05:59:59.999000+00:00,3.33e-06,3.33e-06,3.3e-06,3.33e-06,64050570068.0
2026-09-12 06:00:00+00:00,2026-09-12 06:59:59.999000+00:00,3.33e-06,3.34e-06,3.31e-06,3.33e-06,157079352934.0
2026-09-12 07:00:00+00:00,2026-09-12 07:59:59.999000+00:00,3.33e-06,3.36e-06,3.32e-06,3.36e-06,69231429468.0
2026-09-12 08:00:00+00:00,2026-09-12 08:59:59.999000+00:00,3.35e-06,3.43e-06,3.34e-06,3.39e-06,448698748890.0
2026-09-12 09:00:00+00:00,2026-09-12 09:59:59.999000+00:00,3.39e-06,3.39e-06,3.37e-06,3.37e-06,135368649199.0
2026-09-12 10:00:00+00:00,2026-09-12 10:59:59.999000+00:00,3.38e-06,3.4e-06,3.37e-06,3.39e-06,117672080108.0
2026-09-12 11:00:00+00:00,2026-09-12 11:59:59.999000+00:00,3.39e-06,3.41e-06,3.38e-06,3.4e-06,113869261934.0
2026-09-12 12:00:00+00:00,2026-09-12 12:59:59.999000+00:00,3.4e-06,3.41e-06,3.38e-06,3.39e-06,83869314789.0
2026-09-12 13:00:00+00:00,2026-09-12 13:59:59.999000+00:00,3.39e-06,3.4e-06,3.37e-06,3.38e-06,159855919910.0
2026-09-12 14:00:00+00:00,2026-09-12 14:59:59.999000+00:00,3.39e-06,3.39e-06,3.37e-06,3.38e-06,59560009655.0
2026-09-12 15:00:00+00:00,2026-09-12 15:59:59.999000+00:00,3.38e-06,3.42e-06,3.38e-06,3.4e-06,361971549245.0
2026-09-12 16:00:00+00:00,2026-09-12 16:59:59.999000+00:00,3.4e-06,3.41e-06,3.38e-06,3.41e-06,87101493218.0
2026-09-12 17:00:00+00:00,2026-09-12 17:59:59.999000+00:00,3.41e-06,3.41e-06,3.38e-06,3.4e-06,120099129878.0
2026-09-12 18:00:00+00:00,2026-09-12 18:59:59.999000+00:00,3.39e-06,3.41e-06,3.39e-06,3.41e-06,121763922082.0
2026-09-12 19:00:00+00:00,2026-09-12 19:59:59.999000+00:00,3.41e-06,3.43e-06,3.4e-06,3.41e-06,192781068242.0
2026-09-12 20:00:00+00:00,2026-09-12 20:59:59.999000+00:00,3.42e-06,3.43e-06,3.4e-06,3.42e-06,56955522730.0
2026-09-12 21:00:00+00:00,2026-09-12 21:59:59.999000+00:00,3.41e-06,3.42e-06,3.4e-06,3.41e-06,71693930200.0
2026-09-12 22:00:00+00:00,2026-09-12 22:59:59.999000+00:00,3.41e-06,3.44e-06,3.4e-06,3.41e-06,138612792496.0
2026-09-12 23:00:00+00:00,2026-09-12 23:59:59.999000+00:00,3.41e-06,3.44e-06,3.4e-06,3.42e-06,112894190783.0
2026-09-13 00:00:00+00:00,2026-09-13 00:59:59.999000+00:00,3.43e-06,3.44e-06,3.41e-06,3.43e-06,73536744163.0
2026-09-13 01:00:00+00:00,2026-09-13 01:59:59.999000+00:00,3.43e-06,3.45e-06,3.41e-06,3.45e-06,196816102336.0
2026-09-13 02:00:00+00:00,2026-09-13 02:59:59.999000+00:00,3.45e-06,3.45e-06,3.43e-06,3.44e-06,141671785956.0
2026-09-13 03:00:00+00:00,2026-09-13 03:59:59.999000+00:00,3.44e-06,3.47e-06,3.43e-06,3.45e-06,166644246599.0
2026-09-13 04:00:00+00:00,2026-09-13 04:59:59.999000+00:00,3.45e-06,3.47e-06,3.44e-06,3.45e-06,223642205190.0
2026-09-13 05:00:00+00:00,2026-09-13 05:59:59.999000+00:00,3.45e-06,3.49e-06,3.44e-06,3.48e-06,141440973603.0
2026-09-13 06:00:00+00:00,2026-09-13 06:59:59.999000+00:00,3.48e-06,3.48e-06,3.42e-06,3.43e-06,143382709074.0
2026-09-13 07:00:00+00:00,2026-09-13 07:59:59.999000+00:00,3.43e-06,3.48e-06,3.42e-06,3.44e-06,170822063400.0
2026-09-13 08:00:00+00:00,2026-09-13 08:59:59.999000+00:00,3.44e-06,3.45e-06,3.36e-06,3.38e-06,553519588881.0
2026-09-13 09:00:00+00:00,2026-09-13 09:59:59.999000+00:00,3.39e-06,3.41e-06,3.37e-06,3.41e-06,225975652923.0
2026-09-13 10:00:00+00:00,2026-09-13 10:59:59.999000+00:00,3.41e-06,3.42e-06,3.38e-06,3.4e-06,151563239705.0
2026-09-13 11:00:00+00:00,2026-09-13 11:59:59.999000+00:00,3.4e-06,3.42e-06,3.39e-06,3.42e-06,66624898689.0
2026-09-13 12:00:00+00:00,2026-09-13 12:59:59.999000+00:00,3.42e-06,3.43e-06,3.4e-06,3.42e-06,90044364009.0
2026-09-13 13:00:00+00:00,2026-09-13 13:59:59.999000+00:00,3.41e-06,3.43e-06,3.38e-06,3.42e-06,162876666551.0
2026-09-13 14:00:00+00:00,2026-09-13 14:59:59.999000+00:00,3.42e-06,3.45e-06,3.41e-06,3.43e-06,197858669400.0
2026-09-13 15:00:00+00:00,2026-09-13 15:59:59.999000+00:00,3.43e-06,3.44e-06,3.39e-06,3.39e-06,230636580431.0
2026-09-13 16:00:00+00:00,2026-09-13 16:59:59.999000+00:00,3.4e-06,3.42e-06,3.39e-06,3.41e-06,179762055560.0
2026-09-13 17:00:00+00:00,2026-09-13 17:59:59.999000+00:00,3.42e-06,3.43e-06,3.4e-06,3.41e-06,76352920904.0
2026-09-13 18:00:00+00:00,2026-09-13 18:59:59.999000+00:00,3.41e-06,3.43e-06,3.4e-06,3.43e-06,86575563931.0
2026-09-13 19:00:00+00:00,2026-09-13 19:59:59.999000+00:00,3.43e-06,3.43e-06,3.39e-06,3.41e-06,58938079820.0
2026-09-13 20:00:00+00:00,2026-09-13 20:59:59.999000+00:00,3.41e-06,3.45e-06,3.4e-06,3.44e-06,98239377199.0
2026-09-13 21:00:00+00:00,2026-09-13 21:59:59.999000+00:00,3.44e-06,3.45e-06,3.41e-06,3.42e-06,99475638405.0
2026-09-13 22:00:00+00:00,2026-09-13 22:59:59.999000+00:00,3.42e-06,3.42e-06,3.33e-06,3.36e-06,660794592040.0
2026-09-13 23:00:00+00:00,2026-09-13 23:59:59.999000+00:00,3.36e-06,3.39e-06,3.35e-06,3.37e-06,144790851768.0
2026-09-14 00:00:00+00:00,2026-09-14 00:59:59.999000+00:00,3.37e-06,3.4e-06,3.34e-06,3.38e-06,257043489517.0
2026-09-14 01:00:00+00:00,2026-09-14 01:59:59.999000+00:00,3.37e-06,3.4e-06,3.35e-06,3.4e-06,279578157804.0
2026-09-14 02:00:00+00:00,2026-09-14 02:59:59.999000+00:00,3.4e-06,3.47e-06,3.38e-06,3.44e-06,679312633450.0
2026-09-14 03:00:00+00:00,2026-09-14 03:59:59.999000+00:00,3.44e-06,3.45e-06,3.42e-06,3.44e-06,265880442958.0
2026-09-14 04:00:00+00:00,2026-09-14 04:59:59.999000+00:00,3.43e-06,3.45e-06,3.43e-06,3.45e-06,117916733957.0
2026-09-14 05:00:00+00:00,2026-09-14 05:59:59.999000+00:00,3.44e-06,3.45e-06,3.43e-06,3.45e-06,93581168449.0
2026-09-14 06:00:00+00:00,2026-09-14 06:59:59.999000+00:00,3.45e-06,3.47e-06,3.43e-06,3.45e-06,349188885085.0
2026-09-14 07:00:00+00:00,2026-09-14 07:59:59.999000+00:00,3.45e-06,3.46e-06,3.43e-06,3.45e-06,95931984059.0
2026-09-14 08:00:00+00:00,2026-09-14 08:59:59.999000+00:00,3.45e-06,3.46e-06,3.43e-06,3.44e-06,162083509879.0
2026-09-14 09:00:00+00:00,2026-09-14 09:59:59.999000+00:00,3.44e-06,3.48e-06,3.4e-06,3.45e-06,347598066213.0
2026-09-14 10:00:00+00:00,2026-09-14 10:59:59.999000+00:00,3.45e-06,3.46e-06,3.44e-06,3.45e-06,139392511817.0
2026-09-14 11:00:00+00:00,2026-09-14 11:59:59.999000+00:00,3.44e-06,3.46e-06,3.43e-06,3.45e-06,66940371599.0
2026-09-14 12:00:00+00:00,2026-09-14 12:59:59.999000+00:00,3.45e-06,3.46e-06,3.43e-06,3.44e-06,164036206182.0
2026-09-14 13:00:00+00:00,2026-09-14 13:59:59.999000+00:00,3.44e-06,3.47e-06,3.4e-06,3.44e-06,403791710536.0
2026-09-14 14:00:00+00:00,2026-09-14 14:59:59.999000+00:00,3.44e-06,3.46e-06,3.42e-06,3.44e-06,320808302880.0
2026-09-14 15:00:00+00:00,2026-09-14 15:59:59.999000+00:00,3.44e-06,3.49e-06,3.42e-06,3.48e-06,367081059222.0
2026-09-14 16:00:00+00:00,2026-09-14 16:59:59.999000+00:00,3.48e-06,3.52e-06,3.46e-06,3.51e-06,399809105875.0
2026-09-14 17:00:00+00:00,2026-09-14 17:59:59.999000+00:00,3.5e-06,3.53e-06,3.49e-06,3.52e-06,214126632327.0
2026-09-14 18:00:00+00:00,2026-09-14 18:59:59.999000+00:00,3.51e-06,3.58e-06,3.5e-06,3.54e-06,615467785131.0
2026-09-14 19:00:00+00:00,2026-09-14 19:59:59.999000+00:00,3.55e-06,3.55e-06,3.5e-06,3.52e-06,335969772891.0
2026-09-14 20:00:00+00:00,2026-09-14 20:59:59.999000+00:00,3.51e-06,3.59e-06,3.51e-06,3.55e-06,412186081908.0
2026-09-14 21:00:00+00:00,2026-09-14 21:59:59.999000+00:00,3.54e-06,3.55e-06,3.49e-06,3.51e-06,307957423723.0
2026-09-14 22:00:00+00:00,2026-09-14 22:59:59.999000+00:00,3.51e-06,3.52e-06,3.48e-06,3.49e-06,217813607686.0
2026-09-14 23:00:00+00:00,2026-09-14 23:59:59.999000+00:00,3.48e-06,3.49e-06,3.45e-06,3.46e-06,174260965598.0
2026-09-15 00:00:00+00:00,2026-09-15 00:59:59.999000+00:00,3.45e-06,3.47e-06,3.44e-06,3.46e-06,137292493080.0
2026-09-15 01:00:00+00:00,2026-09-15 01:59:59.999000+00:00,3.46e-06,3.47e-06,3.44e-06,3.46e-06,167980801510.0
2026-09-15 02:00:00+00:00,2026-09-15 02:59:59.999000+00:00,3.46e-06,3.49e-06,3.45e-06,3.48e-06,184867088634.0
2026-09-15 03:00:00+00:00,2026-09-15 03:59:59.999000+00:00,3.48e-06,3.48e-06,3.44e-06,3.46e-06,185872792369.0
2026-09-15 04:00:00+00:00,2026-09-15 04:59:59.999000+00:00,3.45e-06,3.47e-06,3.43e-06,3.46e-06,231337044688.0
2026-09-15 05:00:00+00:00,2026-09-15 05:59:59.999000+00:00,3.45e-06,3.46e-06,3.4e-06,3.43e-06,422338734997.0
2026-09-15 06:00:00+00:00,2026-09-15 06:59:59.999000+00:00,3.42e-06,3.43e-06,3.38e-06,3.4e-06,175679519731.0
2026-09-15 07:00:00+00:00,2026-09-15 07:59:59.999000+00:00,3.4e-06,3.43e-06,3.39e-06,3.41e-06,243768976182.0
2026-09-15 08:00:00+00:00,2026-09-15 08:59:59.999000+00:00,3.42e-06,3.43e-06,3.4e-06,3.43e-06,152097701451.0
2026-09-15 09:00:00+00:00,2026-09-15 09:59:59.999000+00:00,3.43e-06,3.45e-06,3.41e-06,3.44e-06,139680004916.0
2026-09-15 10:00:00+00:00,2026-09-15 10:59:59.999000+00:00,3.44e-06,3.46e-06,3.43e-06,3.45e-06,137736923928.0
2026-09-15 11:00:00+00:00,2026-09-15 11:59:59.999000+00:00,3.45e-06,3.46e-06,3.41e-06,3.44e-06,150441725592.0
2026-09-15 12:00:00+00:00,2026-09-15 12:59:59.999000+00:00,3.44e-06,3.48e-06,3.43e-06,3.46e-06,282809471271.0
2026-09-15 13:00:00+00:00,2026-09-15 13:59:59.999000+00:00,3.47e-06,3.5e-06,3.42e-06,3.47e-06,477084748159.0
2026-09-15 14:00:00+00:00,2026-09-15 14:59:59.999000+00:00,3.47e-06,3.47e-06,3.33e-06,3.37e-06,1089611616292.0
2026-09-15 15:00:00+00:00,2026-09-15 15:59:59.999000+00:00,3.37e-06,3.43e-06,3.36e-06,3.39e-06,330246555490.0
2026-09-15 16:00:00+00:00,2026-09-15 16:59:59.999000+00:00,3.39e-06,3.42e-06,3.36e-06,3.41e-06,166493398064.0
2026-09-15 17:00:00+00:00,2026-09-15 17:59:59.999000+00:00,3.4e-06,3.46e-06,3.39e-06,3.43e-06,435012658548.0
2026-09-15 18:00:00+00:00,2026-09-15 18:59:59.999000+00:00,3.43e-06,3.45e-06,3.27e-06,3.38e-06,1480605866179.0
2026-09-15 19:00:00+00:00,2026-09-15 19:59:59.999000+00:00,3.38e-06,3.39e-06,3.33e-06,3.37e-06,613729339340.0
2026-09-15 20:00:00+00:00,2026-09-15 20:59:59.999000+00:00,3.37e-06,3.38e-06,3.31e-06,3.34e-06,338316646870.0
2026-09-15 21:00:00+00:00,2026-09-15 21:59:59.999000+00:00,3.35e-06,3.36e-06,3.31e-06,3.31e-06,246584937197.0
2026-09-15 22:00:00+00:00,2026-09-15 22:59:59.999000+00:00,3.31e-06,3.4e-06,3.31e-06,3.39e-06,284314034594.0
2026-09-15 23:00:00+00:00,2026-09-15 23:59:59.999000+00:00,3.39e-06,3.42e-06,3.38e-06,3.38e-06,243749146175.0
2026-09-16 00:00:00+00:00,2026-09-16 00:59:59.999000+00:00,3.39e-06,3.4e-06,3.37e-06,3.38e-06,118244612078.0
2026-09-16 01:00:00+00:00,2026-09-16 01:59:59.999000+00:00,3.38e-06,3.39e-06,3.33e-06,3.34e-06,157828128512.0
2026-09-16 02:00:00+00:00,2026-09-16 02:59:59.999000+00:00,3.33e-06,3.39e-06,3.33e-06,3.38e-06,108473147274.0
2026-09-16 03:00:00+00:00,2026-09-16 03:59:59.999000+00:00,3.38e-06,3.4e-06,3.37e-06,3.39e-06,94954416510.0
2026-09-16 04:00:00+00:00,2026-09-16 04:59:59.999000+00:00,3.39e-06,3.42e-06,3.38e-06,3.4e-06,125026541506.0
2026-09-16 05:00:00+00:00,2026-09-16 05:59:59.999000+00:00,3.4e-06,3.4e-06,3.37e-06,3.39e-06,106678777387.0
2026-09-16 06:00:00+00:00,2026-09-16 06:59:59.999000+00:00,3.39e-06,3.39e-06,3.36e-06,3.39e-06,53512425814.0
2026-09-16 07:00:00+00:00,2026-09-16 07:59:59.999000+00:00,3.39e-06,3.4e-06,3.35e-06,3.36e-06,126698044925.0
2026-09-16 08:00:00+00:00,2026-09-16 08:59:59.999000+00:00,3.36e-06,3.37e-06,3.33e-06,3.37e-06,188274748785.0
2026-09-16 09:00:00+00:00,2026-09-16 09:59:59.999000+00:00,3.37e-06,3.38e-06,3.33e-06,3.36e-06,250503059801.0
2026-09-16 10:00:00+00:00,2026-09-16 10:59:59.999000+00:00,3.36e-06,3.36e-06,3.34e-06,3.34e-06,78226044724.0
2026-09-16 11:00:00+00:00,2026-09-16 11:59:59.999000+00:00,3.35e-06,3.38e-06,3.33e-06,3.36e-06,180232163024.0
2026-09-16 12:00:00+00:00,2026-09-16 12:59:59.999000+00:00,3.36e-06,3.37e-06,3.32e-06,3.35e-06,107208768866.0
2026-09-16 13:00:00+00:00,2026-09-16 13:59:59.999000+00:00,3.34e-06,3.38e-06,3.33e-06,3.35e-06,237765039962.0
2026-09-16 14:00:00+00:00,2026-09-16 14:59:59.999000+00:00,3.34e-06,3.36e-06,3.31e-06,3.33e-06,284916753198.0
2026-09-16 15:00:00+00:00,2026-09-16 15:59:59.999000+00:00,3.33e-06,3.35e-06,3.31e-06,3.31e-06,309350142790.0
2026-09-16 16:00:00+00:00,2026-09-16 16:59:59.999000+00:00,3.32e-06,3.35e-06,3.31e-06,3.34e-06,119058864751.0
2026-09-16 17:00:00+00:00,2026-09-16 17:59:59.999000+00:00,3.34e-06,3.35e-06,3.29e-06,3.33e-06,365940108496.0
2026-09-16 18:00:00+00:00,2026-09-16 18:59:59.999000+00:00,3.34e-06,3.41e-06,3.29e-06,3.35e-06,1278512700713.0
2026-09-16 19:00:00+00:00,2026-09-16 19:59:59.999000+00:00,3.35e-06,3.4e-06,3.32e-06,3.38e-06,447308853607.0
2026-09-16 20:00:00+00:00,2026-09-16 20:59:59.999000+00:00,3.39e-06,3.42e-06,3.37e-06,3.38e-06,252884157489.0
2026-09-16 21:00:00+00:00,2026-09-16 21:59:59.999000+00:00,3.39e-06,3.39e-06,3.36e-06,3.39e-06,203142274934.0
2026-09-16 22:00:00+00:00,2026-09-16 22:59:59.999000+00:00,3.39e-06,3.39e-06,3.35e-06,3.36e-06,132708674988.0
2026-09-16 23:00:00+00:00,2026-09-16 23:59:59.999000+00:00,3.36e-06,3.42e-06,3.35e-06,3.41e-06,217774661179.0
2026-09-17 00:00:00+00:00,2026-09-17 00:59:59.999000+00:00,3.4e-06,3.42e-06,3.39e-06,3.39e-06,142854735008.0
2026-09-17 01:00:00+00:00,2026-09-17 01:59:59.999000+00:00,3.4e-06,3.46e-06,3.38e-06,3.44e-06,395286782961.0
2026-09-17 02:00:00+00:00,2026-09-17 02:59:59.999000+00:00,3.44e-06,3.47e-06,3.41e-06,3.43e-06,230182591518.0
2026-09-17 03:00:00+00:00,2026-09-17 03:59:59.999000+00:00,3.44e-06,3.48e-06,3.43e-06,3.46e-06,205973709170.0
2026-09-17 04:00:00+00:00,2026-09-17 04:59:59.999000+00:00,3.46e-06,3.48e-06,3.43e-06,3.47e-06,163052950722.0
2026-09-17 05:00:00+00:00,2026-09-17 05:59:59.999000+00:00,3.47e-06,3.48e-06,3.45e-06,3.45e-06,74115307688.0
2026-09-17 06:00:00+00:00,2026-09-17 06:59:59.999000+00:00,3.46e-06,3.47e-06,3.44e-06,3.47e-06,104207840523.0
2026-09-17 07:00:00+00:00,2026-09-17 07:59:59.999000+00:00,3.46e-06,3.51e-06,3.45e-06,3.49e-06,385362534306.0
2026-09-17 08:00:00+00:00,2026-09-17 08:59:59.999000+00:00,3.49e-06,3.5e-06,3.47e-06,3.49e-06,161648561445.0
2026-09-17 09:00:00+00:00,2026-09-17 09:59:59.999000+00:00,3.49e-06,3.5e-06,3.46e-06,3.47e-06,236458664015.0
2026-09-17 10:00:00+00:00,2026-09-17 10:59:59.999000+00:00,3.46e-06,3.47e-06,3.45e-06,3.46e-06,160625926428.0
2026-09-17 11:00:00+00:00,2026-09-17 11:59:59.999000+00:00,3.46e-06,3.48e-06,3.45e-06,3.47e-06,175899548578.0
2026-09-17 12:00:00+00:00,2026-09-17 12:59:59.999000+00:00,3.47e-06,3.53e-06,3.47e-06,3.51e-06,571508803089.0
2026-09-17 13:00:00+00:00,2026-09-17 13:59:59.999000+00:00,3.51e-06,3.57e-06,3.49e-06,3.57e-06,674086222417.0
2026-09-17 14:00:00+00:00,2026-09-17 14:59:59.999000+00:00,3.57e-06,3.69e-06,3.55e-06,3.6e-06,967665995584.0
2026-09-17 15:00:00+00:00,2026-09-17 15:59:59.999000+00:00,3.6e-06,3.65e-06,3.56e-06,3.65e-06,423565146437.0
2026-09-17 16:00:00+00:00,2026-09-17 16:59:59.999000+00:00,3.64e-06,3.65e-06,3.6e-06,3.64e-06,417134681959.0
2026-09-17 17:00:00+00:00,2026-09-17 17:59:59.999000+00:00,3.65e-06,3.66e-06,3.6e-06,3.63e-06,296566897513.0
2026-09-17 18:00:00+00:00,2026-09-17 18:59:59.999000+00:00,3.63e-06,3.64e-06,3.6e-06,3.62e-06,246505349651.0
2026-09-17 19:00:00+00:00,2026-09-17 19:59:59.999000+00:00,3.61e-06,3.65e-06,3.6e-06,3.63e-06,170534196205.0
2026-09-17 20:00:00+00:00,2026-09-17 20:59:59.999000+00:00,3.63e-06,3.66e-06,3.62e-06,3.65e-06,111810446534.0
2026-09-17 21:00:00+00:00,2026-09-17 21:59:59.999000+00:00,3.64e-06,3.65e-06,3.61e-06,3.62e-06,124956944090.0
2026-09-17 22:00:00+00:00,2026-09-17 22:59:59.999000+00:00,3.62e-06,3.63e-06,3.58e-06,3.61e-06,161192611447.0
2026-09-17 23:00:00+00:00,2026-09-17 23:59:59.999000+00:00,3.61e-06,3.63e-06,3.6e-06,3.61e-06,146895129305.0
2026-09-18 00:00:00+00:00,2026-09-18 00:59:59.999000+00:00,3.6e-06,3.63e-06,3.59e-06,3.63e-06,125567460681.0
2026-09-18 01:00:00+00:00,2026-09-18 01:59:59.999000+00:00,3.63e-06,3.66e-06,3.62e-06,3.66e-06,348719384183.0
2026-09-18 02:00:00+00:00,2026-09-18 02:59:59.999000+00:00,3.66e-06,3.67e-06,3.64e-06,3.66e-06,259105700140.0
2026-09-18 03:00:00+00:00,2026-09-18 03:59:59.999000+00:00,3.66e-06,3.7e-06,3.65e-06,3.68e-06,429659954093.0
2026-09-18 04:00:00+00:00,2026-09-18 04:59:59.999000+00:00,3.68e-06,3.69e-06,3.64e-06,3.68e-06,293911742320.0
2026-09-18 05:00:00+00:00,2026-09-18 05:59:59.999000+00:00,3.68e-06,3.69e-06,3.64e-06,3.66e-06,202752597990.0
2026-09-18 06:00:00+00:00,2026-09-18 06:59:59.999000+00:00,3.65e-06,3.67e-06,3.64e-06,3.67e-06,185516347549.0
2026-09-18 07:00:00+00:00,2026-09-18 07:59:59.999000+00:00,3.67e-06,3.71e-06,3.66e-06,3.7e-06,269906276752.0
2026-09-18 08:00:00+00:00,2026-09-18 08:59:59.999000+00:00,3.71e-06,3.73e-06,3.68e-06,3.7e-06,320123830471.0
2026-09-18 09:00:00+00:00,2026-09-18 09:59:59.999000+00:00,3.7e-06,3.73e-06,3.68e-06,3.72e-06,337761992773.0
2026-09-18 10:00:00+00:00,2026-09-18 10:59:59.999000+00:00,3.72e-06,3.77e-06,3.7e-06,3.73e-06,481965789176.0
2026-09-18 11:00:00+00:00,2026-09-18 11:59:59.999000+00:00,3.73e-06,3.74e-06,3.67e-06,3.71e-06,367794504852.0
2026-09-18 12:00:00+00:00,2026-09-18 12:59:59.999000+00:00,3.7e-06,3.71e-06,3.68e-06,3.7e-06,198499290721.0
2026-09-18 13:00:00+00:00,2026-09-18 13:59:59.999000+00:00,3.7e-06,3.81e-06,3.67e-06,3.78e-06,890033671221.0
2026-09-18 14:00:00+00:00,2026-09-18 14:59:59.999000+00:00,3.77e-06,3.86e-06,3.76e-06,3.85e-06,1307612555940.0
2026-09-18 15:00:00+00:00,2026-09-18 15:59:59.999000+00:00,3.84e-06,3.86e-06,3.79e-06,3.82e-06,777672255756.0
2026-09-18 16:00:00+00:00,2026-09-18 16:59:59.999000+00:00,3.82e-06,3.86e-06,3.81e-06,3.82e-06,497493879188.0
2026-09-18 17:00:00+00:00,2026-09-18 17:59:59.999000+00:00,3.82e-06,3.83e-06,3.78e-06,3.83e-06,503669931112.0
2026-09-18 18:00:00+00:00,2026-09-18 18:59:59.999000+00:00,3.82e-06,3.86e-06,3.81e-06,3.83e-06,426553709149.0
2026-09-18 19:00:00+00:00,2026-09-18 19:59:59.999000+00:00,3.84e-06,3.87e-06,3.83e-06,3.83e-06,395553466546.0
2026-09-18 20:00:00+00:00,2026-09-18 20:59:59.999000+00:00,3.83e-06,3.87e-06,3.82e-06,3.86e-06,144478120287.0
2026-09-18 21:00:00+00:00,2026-09-18 21:59:59.999000+00:00,3.85e-06,3.89e-06,3.85e-06,3.87e-06,396923896485.0
2026-09-18 22:00:00+00:00,2026-09-18 22:59:59.999000+00:00,3.87e-06,3.88e-06,3.83e-06,3.85e-06,254064671642.0
2026-09-18 23:00:00+00:00,2026-09-18 23:59:59.999000+00:00,3.85e-06,3.86e-06,3.8e-06,3.82e-06,307095811566.0
2026-09-19 00:00:00+00:00,2026-09-19 00:59:59.999000+00:00,3.81e-06,3.85e-06,3.8e-06,3.82e-06,154199711566.0
2026-09-19 01:00:00+00:00,2026-09-19 01:59:59.999000+00:00,3.82e-06,3.83e-06,3.71e-06,3.75e-06,535372984452.0
2026-09-19 02:00:00+00:00,2026-09-19 02:59:59.999000+00:00,3.75e-06,3.79e-06,3.74e-06,3.77e-06,164114033680.0
2026-09-19 03:00:00+00:00,2026-09-19 03:59:59.999000+00:00,3.77e-06,3.79e-06,3.75e-06,3.78e-06,125283394901.0
2026-09-19 04:00:00+00:00,2026-09-19 04:59:59.999000+00:00,3.78e-06,3.82e-06,3.76e-06,3.78e-06,426547519930.0
2026-09-19 05:00:00+00:00,2026-09-19 05:59:59.999000+00:00,3.78e-06,3.81e-06,3.75e-06,3.77e-06,140351474101.0
2026-09-19 06:00:00+00:00,2026-09-19 06:59:59.999000+00:00,3.77e-06,3.79e-06,3.74e-06,3.77e-06,262481949800.0
2026-09-19 07:00:00+00:00,2026-09-19 07:59:59.999000+00:00,3.76e-06,3.79e-06,3.74e-06,3.75e-06,201580354581.0
2026-09-19 08:00:00+00:00,2026-09-19 08:59:59.999000+00:00,3.75e-06,3.8e-06,3.74e-06,3.78e-06,252133750840.0
2026-09-19 09:00:00+00:00,2026-09-19 09:59:59.999000+00:00,3.79e-06,3.79e-06,3.76e-06,3.78e-06,98459974873.0
2026-09-19 10:00:00+00:00,2026-09-19 10:59:59.999000+00:00,3.78e-06,3.82e-06,3.77e-06,3.8e-06,233182250131.0
2026-09-19 11:00:00+00:00,2026-09-19 11:59:59.999000+00:00,3.81e-06,3.84e-06,3.8e-06,3.82e-06,282383729965.0
2026-09-19 12:00:00+00:00,2026-09-19 12:59:59.999000+00:00,3.82e-06,3.84e-06,3.8e-06,3.83e-06,171939780061.0
2026-09-19 13:00:00+00:00,2026-09-19 13:59:59.999000+00:00,3.83e-06,3.85e-06,3.8e-06,3.82e-06,284104898733.0
2026-09-19 14:00:00+00:00,2026-09-19 14:59:59.999000+00:00,3.81e-06,3.86e-06,3.8e-06,3.81e-06,315392379714.0
2026-09-19 15:00:00+00:00,2026-09-19 15:59:59.999000+00:00,3.81e-06,3.87e-06,3.8e-06,3.84e-06,813470684228.0
2026-09-19 16:00:00+00:00,2026-09-19 16:59:59.999000+00:00,3.85e-06,4.06e-06,3.84e-06,4.06e-06,1807250772208.0
2026-09-19 17:00:00+00:00,2026-09-19 17:59:59.999000+00:00,4.05e-06,4.22e-06,4.03e-06,4.19e-06,2803430170420.0
2026-09-19 18:00:00+00:00,2026-09-19 18:59:59.999000+00:00,4.18e-06,4.31e-06,4.17e-06,4.26e-06,1507944449899.0
2026-09-19 19:00:00+00:00,2026-09-19 19:59:59.999000+00:00,4.25e-06,4.33e-06,4.14e-06,4.22e-06,1198384376068.0
2026-09-19 20:00:00+00:00,2026-09-19 20:59:59.999000+00:00,4.23e-06,4.27e-06,4.18e-06,4.22e-06,733848575554.0
2026-09-19 21:00:00+00:00,2026-09-19 21:59:59.999000+00:00,4.22e-06,4.24e-06,4e-06,4.07e-06,1324446080537.0
2026-09-19 22:00:00+00:00,2026-09-19 22:59:59.999000+00:00,4.06e-06,4.13e-06,4.03e-06,4.11e-06,555175457646.0
2026-09-19 23:00:00+00:00,2026-09-19 23:59:59.999000+00:00,4.11e-06,4.16e-06,4.11e-06,4.11e-06,440072056132.0
2026-09-20 00:00:00+00:00,2026-09-20 00:59:59.999000+00:00,4.12e-06,4.14e-06,4.09e-06,4.13e-06,214165221541.0
2026-09-20 01:00:00+00:00,2026-09-20 01:59:59.999000+00:00,4.13e-06,4.13e-06,4.03e-06,4.06e-06,660335473968.0
2026-09-20 02:00:00+00:00,2026-09-20 02:59:59.999000+00:00,4.06e-06,4.08e-06,3.91e-06,3.92e-06,700516186556.0
2026-09-20 03:00:00+00:00,2026-09-20 03:59:59.999000+00:00,3.92e-06,4.05e-06,3.91e-06,4.04e-06,642137425463.0
2026-09-20 04:00:00+00:00,2026-09-20 04:59:59.999000+00:00,4.04e-06,4.04e-06,3.98e-06,4.01e-06,235798167489.0
2026-09-20 05:00:00+00:00,2026-09-20 05:59:59.999000+00:00,4.01e-06,4.04e-06,3.99e-06,4.02e-06,279905792536.0
2026-09-20 06:00:00+00:00,2026-09-20 06:59:59.999000+00:00,4.02e-06,4.03e-06,3.98e-06,4e-06,239095133850.0
2026-09-20 07:00:00+00:00,2026-09-20 07:59:59.999000+00:00,4.01e-06,4.02e-06,3.98e-06,3.99e-06,137400367322.0
2026-09-20 08:00:00+00:00,2026-09-20 08:59:59.999000+00:00,3.99e-06,4.02e-06,3.96e-06,3.98e-06,235646101277.0
2026-09-20 09:00:00+00:00,2026-09-20 09:59:59.999000+00:00,3.97e-06,4.01e-06,3.94e-06,3.95e-06,297783276017.0
2026-09-20 10:00:00+00:00,2026-09-20 10:59:59.999000+00:00,3.95e-06,3.96e-06,3.92e-06,3.94e-06,195753655301.0
2026-09-20 11:00:00+00:00,2026-09-20 11:59:59.999000+00:00,3.94e-06,3.97e-06,3.92e-06,3.96e-06,172872811790.0
2026-09-20 12:00:00+00:00,2026-09-20 12:59:59.999000+00:00,3.96e-06,3.99e-06,3.94e-06,3.99e-06,384697089276.0
2026-09-20 13:00:00+00:00,2026-09-20 13:59:59.999000+00:00,3.99e-06,3.99e-06,3.92e-06,3.94e-06,281243551662.0
2026-09-20 14:00:00+00:00,2026-09-20 14:59:59.999000+00:00,3.93e-06,3.97e-06,3.87e-06,3.9e-06,490623277890.0
2026-09-20 15:00:00+00:00,2026-09-20 15:59:59.999000+00:00,3.9e-06,3.97e-06,3.89e-06,3.96e-06,477708754485.0
2026-09-20 16:00:00+00:00,2026-09-20 16:59:59.999000+00:00,3.96e-06,4.03e-06,3.94e-06,4.02e-06,739148549205.0
2026-09-20 17:00:00+00:00,2026-09-20 17:59:59.999000+00:00,4.03e-06,4.03e-06,3.96e-06,3.99e-06,437413111813.0
2026-09-20 18:00:00+00:00,2026-09-20 18:59:59.999000+00:00,3.99e-06,4.03e-06,3.96e-06,4e-06,265163854517.0
2026-09-20 19:00:00+00:00,2026-09-20 19:59:59.999000+00:00,4e-06,4.03e-06,3.99e-06,4.02e-06,203047448538.0
2026-09-20 20:00:00+00:00,2026-09-20 20:59:59.999000+00:00,4.01e-06,4.02e-06,3.99e-06,4e-06,108067923013.0
2026-09-20 21:00:00+00:00,2026-09-20 21:59:59.999000+00:00,4e-06,4e-06,3.92e-06,3.97e-06,463793865915.0
2026-09-20 22:00:00+00:00,2026-09-20 22:59:59.999000+00:00,3.97e-06,4.03e-06,3.95e-06,4e-06,421253065853.0
2026-09-20 23:00:00+00:00,2026-09-20 23:59:59.999000+00:00,4.01e-06,4.02e-06,3.99e-06,4e-06,141189836438.0
2026-09-21 00:00:00+00:00,2026-09-21 00:59:59.999000+00:00,3.99e-06,4.1e-06,3.99e-06,4.07e-06,642399153707.0
2026-09-21 01:00:00+00:00,2026-09-21 01:59:59.999000+00:00,4.06e-06,4.1e-06,3.99e-06,4e-06,637433292530.0
2026-09-21 02:00:00+00:00,2026-09-21 02:59:59.999000+00:00,4e-06,4.03e-06,3.98e-06,4e-06,481844738072.0
2026-09-21 03:00:00+00:00,2026-09-21 03:59:59.999000+00:00,4e-06,4.04e-06,3.99e-06,4.01e-06,200749763493.0
2026-09-21 04:00:00+00:00,2026-09-21 04:59:59.999000+00:00,4.01e-06,4.03e-06,3.98e-06,4.01e-06,179360257661.0
2026-09-21 05:00:00+00:00,2026-09-21 05:59:59.999000+00:00,4.01e-06,4.04e-06,3.99e-06,4.01e-06,192390888610.0
2026-09-21 06:00:00+00:00,2026-09-21 06:59:59.999000+00:00,4.01e-06,4.05e-06,4e-06,4.03e-06,284568188557.0
2026-09-21 07:00:00+00:00,2026-09-21 07:59:59.999000+00:00,4.02e-06,4.05e-06,3.99e-06,4.02e-06,218201870280.0
2026-09-21 08:00:00+00:00,2026-09-21 08:59:59.999000+00:00,4.02e-06,4.18e-06,4.02e-06,4.15e-06,1286310936048.0
2026-09-21 09:00:00+00:00,2026-09-21 09:59:59.999000+00:00,4.15e-06,4.24e-06,4.11e-06,4.13e-06,1345552218889.0
2026-09-21 10:00:00+00:00,2026-09-21 10:59:59.999000+00:00,4.13e-06,4.2e-06,4.1e-06,4.19e-06,470598515196.0
2026-09-21 11:00:00+00:00,2026-09-21 11:59:59.999000+00:00,4.19e-06,4.27e-06,4.18e-06,4.21e-06,679202011210.0
2026-09-21 12:00:00+00:00,2026-09-21 12:59:59.999000+00:00,4.22e-06,4.29e-06,4.2e-06,4.28e-06,763354760802.0
2026-09-21 13:00:00+00:00,2026-09-21 13:59:59.999000+00:00,4.28e-06,4.33e-06,4.22e-06,4.3e-06,1128715015719.0
2026-09-21 14:00:00+00:00,2026-09-21 14:59:59.999000+00:00,4.3e-06,4.82e-06,4.29e-06,4.81e-06,3325990508584.0
2026-09-21 15:00:00+00:00,2026-09-21 15:59:59.999000+00:00,4.8e-06,5.09e-06,4.68e-06,5.07e-06,6425307934270.0
2026-09-21 16:00:00+00:00,2026-09-21 16:59:59.999000+00:00,5.07e-06,5.15e-06,4.82e-06,4.92e-06,3261914074647.0
2026-09-21 17:00:00+00:00,2026-09-21 17:59:59.999000+00:00,4.92e-06,5.01e-06,4.84e-06,4.91e-06,1311699715055.0
2026-09-21 18:00:00+00:00,2026-09-21 18:59:59.999000+00:00,4.91e-06,5.06e-06,4.84e-06,4.99e-06,1098060978318.0
2026-09-21 19:00:00+00:00,2026-09-21 19:59:59.999000+00:00,4.99e-06,5.02e-06,4.9e-06,4.97e-06,686356355576.0
2026-09-21 20:00:00+00:00,2026-09-21 20:59:59.999000+00:00,4.97e-06,5.03e-06,4.85e-06,4.91e-06,1036414936266.0
2026-09-21 21:00:00+00:00,2026-09-21 21:59:59.999000+00:00,4.92e-06,4.92e-06,4.75e-06,4.81e-06,1051690881902.0
2026-09-21 22:00:00+00:00,2026-09-21 22:59:59.999000+00:00,4.81e-06,4.91e-06,4.77e-06,4.79e-06,1510627277052.0
2026-09-21 23:00:00+00:00,2026-09-21 23:59:59.999000+00:00,4.8e-06,4.84e-06,4.7e-06,4.77e-06,1015048584611.0
2026-09-22 00:00:00+00:00,2026-09-22 00:59:59.999000+00:00,4.77e-06,5.1e-06,4.76e-06,4.98e-06,1966212706532.0
2026-09-22 01:00:00+00:00,2026-09-22 01:59:59.999000+00:00,4.97e-06,5.14e-06,4.92e-06,5.1e-06,1589388966283.0
2026-09-22 02:00:00+00:00,2026-09-22 02:59:59.999000+00:00,5.11e-06,5.15e-06,4.95e-06,5.06e-06,1579565232311.0
2026-09-22 03:00:00+00:00,2026-09-22 03:59:59.999000+00:00,5.05e-06,5.29e-06,4.99e-06,5.25e-06,2478918417840.0
2026-09-22 04:00:00+00:00,2026-09-22 04:59:59.999000+00:00,5.26e-06,5.36e-06,5e-06,5.01e-06,2540717101223.0
2026-09-22 05:00:00+00:00,2026-09-22 05:59:59.999000+00:00,5.02e-06,5.18e-06,4.89e-06,5.17e-06,1692767725932.0
2026-09-22 06:00:00+00:00,2026-09-22 06:59:59.999000+00:00,5.17e-06,5.21e-06,5.06e-06,5.16e-06,1076163765652.0
2026-09-22 07:00:00+00:00,2026-09-22 07:59:59.999000+00:00,5.17e-06,5.27e-06,5.11e-06,5.13e-06,1174956727411.0
2026-09-22 08:00:00+00:00,2026-09-22 08:59:59.999000+00:00,5.13e-06,5.16e-06,4.89e-06,5e-06,1768437156081.0
2026-09-22 09:00:00+00:00,2026-09-22 09:59:59.999000+00:00,4.99e-06,5.02e-06,4.94e-06,4.99e-06,598766610373.0
2026-09-22 10:00:00+00:00,2026-09-22 10:59:59.999000+00:00,4.98e-06,4.98e-06,4.87e-06,4.93e-06,773633327134.0
2026-09-22 11:00:00+00:00,2026-09-22 11:59:59.999000+00:00,4.92e-06,4.99e-06,4.91e-06,4.94e-06,505063567524.0
2026-09-22 12:00:00+00:00,2026-09-22 12:59:59.999000+00:00,4.93e-06,4.94e-06,4.83e-06,4.93e-06,544141958710.0
2026-09-22 13:00:00+00:00,2026-09-22 13:59:59.999000+00:00,4.93e-06,4.97e-06,4.9e-06,4.96e-06,734675695839.0
2026-09-22 14:00:00+00:00,2026-09-22 14:59:59.999000+00:00,4.96e-06,4.96e-06,4.81e-06,4.9e-06,1153326891141.0
2026-09-22 15:00:00+00:00,2026-09-22 15:59:59.999000+00:00,4.9e-06,4.94e-06,4.86e-06,4.87e-06,768328924463.0
2026-09-22 16:00:00+00:00,2026-09-22 16:59:59.999000+00:00,4.87e-06,4.88e-06,4.79e-06,4.85e-06,515506514495.0
2026-09-22 17:00:00+00:00,2026-09-22 17:59:59.999000+00:00,4.85e-06,4.92e-06,4.83e-06,4.9e-06,381789774344.0
2026-09-22 18:00:00+00:00,2026-09-22 18:59:59.999000+00:00,4.9e-06,4.94e-06,4.88e-06,4.9e-06,390596807308.0
2026-09-22 19:00:00+00:00,2026-09-22 19:59:59.999000+00:00,4.91e-06,4.93e-06,4.86e-06,4.88e-06,257485199301.0
2026-09-22 20:00:00+00:00,2026-09-22 20:59:59.999000+00:00,4.89e-06,4.9e-06,4.84e-06,4.88e-06,227322715802.0
2026-09-22 21:00:00+00:00,2026-09-22 21:59:59.999000+00:00,4.87e-06,4.93e-06,4.86e-06,4.91e-06,517847586570.0
2026-09-22 22:00:00+00:00,2026-09-22 22:59:59.999000+00:00,4.92e-06,4.97e-06,4.88e-06,4.96e-06,671989888626.0
2026-09-22 23:00:00+00:00,2026-09-22 23:59:59.999000+00:00,4.96e-06,5.03e-06,4.94e-06,4.99e-06,718895182304.0
2026-09-23 00:00:00+00:00,2026-09-23 00:59:59.999000+00:00,4.98e-06,5.01e-06,4.91e-06,4.92e-06,531511812279.0
2026-09-23 01:00:00+00:00,2026-09-23 01:59:59.999000+00:00,4.92e-06,4.96e-06,4.86e-06,4.87e-06,542046800656.0
2026-09-23 02:00:00+00:00,2026-09-23 02:59:59.999000+00:00,4.88e-06,4.94e-06,4.84e-06,4.92e-06,432431235383.0
2026-09-23 03:00:00+00:00,2026-09-23 03:59:59.999000+00:00,4.93e-06,4.98e-06,4.89e-06,4.96e-06,678789550147.0
2026-09-23 04:00:00+00:00,2026-09-23 04:59:59.999000+00:00,4.97e-06,5.07e-06,4.92e-06,5.06e-06,931354313368.0
2026-09-23 05:00:00+00:00,2026-09-23 05:59:59.999000+00:00,5.06e-06,5.07e-06,4.93e-06,4.96e-06,587095610258.0
2026-09-23 06:00:00+00:00,2026-09-23 06:59:59.999000+00:00,4.96e-06,5.05e-06,4.92e-06,4.98e-06,580927981933.0
2026-09-23 07:00:00+00:00,2026-09-23 07:59:59.999000+00:00,4.97e-06,4.98e-06,4.89e-06,4.92e-06,709760618647.0
2026-09-23 08:00:00+00:00,2026-09-23 08:59:59.999000+00:00,4.91e-06,4.95e-06,4.85e-06,4.89e-06,676750164716.0
2026-09-23 09:00:00+00:00,2026-09-23 09:59:59.999000+00:00,4.9e-06,4.92e-06,4.86e-06,4.87e-06,442248076937.0
2026-09-23 10:00:00+00:00,2026-09-23 10:59:59.999000+00:00,4.88e-06,4.88e-06,4.79e-06,4.84e-06,921733765394.0
2026-09-23 11:00:00+00:00,2026-09-23 11:59:59.999000+00:00,4.85e-06,4.85e-06,4.66e-06,4.74e-06,1350207950723.0
2026-09-23 12:00:00+00:00,2026-09-23 12:59:59.999000+00:00,4.74e-06,4.79e-06,4.68e-06,4.74e-06,492208365830.0
2026-09-23 13:00:00+00:00,2026-09-23 13:59:59.999000+00:00,4.74e-06,4.76e-06,4.7e-06,4.71e-06,717743188301.0
2026-09-23 14:00:00+00:00,2026-09-23 14:59:59.999000+00:00,4.71e-06,4.74e-06,4.42e-06,4.55e-06,3289699902196.0
2026-09-23 15:00:00+00:00,2026-09-23 15:59:59.999000+00:00,4.55e-06,4.56e-06,4.37e-06,4.39e-06,1565815569020.0
2026-09-23 16:00:00+00:00,2026-09-23 16:59:59.999000+00:00,4.4e-06,4.46e-06,4.32e-06,4.4e-06,940758949250.0
2026-09-23 17:00:00+00:00,2026-09-23 17:59:59.999000+00:00,4.4e-06,4.42e-06,4.34e-06,4.38e-06,504202819895.0
2026-09-23 18:00:00+00:00,2026-09-23 18:59:59.999000+00:00,4.38e-06,4.41e-06,4.36e-06,4.38e-06,236910433259.0
2026-09-23 19:00:00+00:00,2026-09-23 19:59:59.999000+00:00,4.37e-06,4.39e-06,4.35e-06,4.37e-06,323325128455.0
2026-09-23 20:00:00+00:00,2026-09-23 20:59:59.999000+00:00,4.38e-06,4.38e-06,4.33e-06,4.35e-06,289058465239.0
2026-09-23 21:00:00+00:00,2026-09-23 21:59:59.999000+00:00,4.35e-06,4.39e-06,4.33e-06,4.37e-06,352930558390.0
2026-09-23 22:00:00+00:00,2026-09-23 22:59:59.999000+00:00,4.38e-06,4.42e-06,4.3e-06,4.33e-06,994889577670.0
2026-09-23 23:00:00+00:00,2026-09-23 23:59:59.999000+00:00,4.33e-06,4.34e-06,4.31e-06,4.34e-06,205918707846.0
2026-09-24 00:00:00+00:00,2026-09-24 00:59:59.999000+00:00,4.33e-06,4.36e-06,4.31e-06,4.33e-06,300242463341.0
2026-09-24 01:00:00+00:00,2026-09-24 01:59:59.999000+00:00,4.32e-06,4.35e-06,4.29e-06,4.32e-06,384641803319.0
2026-09-24 02:00:00+00:00,2026-09-24 02:59:59.999000+00:00,4.32e-06,4.41e-06,4.29e-06,4.39e-06,380207615634.0
2026-09-24 03:00:00+00:00,2026-09-24 03:59:59.999000+00:00,4.39e-06,4.42e-06,4.35e-06,4.37e-06,353180716256.0
2026-09-24 04:00:00+00:00,2026-09-24 04:59:59.999000+00:00,4.37e-06,4.42e-06,4.34e-06,4.42e-06,144989640639.0
2026-09-24 05:00:00+00:00,2026-09-24 05:59:59.999000+00:00,4.42e-06,4.47e-06,4.39e-06,4.39e-06,473317605519.0
2026-09-24 06:00:00+00:00,2026-09-24 06:59:59.999000+00:00,4.39e-06,4.42e-06,4.37e-06,4.39e-06,854115505892.0
2026-09-24 07:00:00+00:00,2026-09-24 07:59:59.999000+00:00,4.39e-06,4.43e-06,4.36e-06,4.41e-06,407313375509.0
2026-09-24 08:00:00+00:00,2026-09-24 08:59:59.999000+00:00,4.42e-06,4.42e-06,4.31e-06,4.34e-06,496809203291.0
2026-09-24 09:00:00+00:00,2026-09-24 09:59:59.999000+00:00,4.34e-06,4.35e-06,4.21e-06,4.24e-06,969439474709.0
2026-09-24 10:00:00+00:00,2026-09-24 10:59:59.999000+00:00,4.24e-06,4.28e-06,4.24e-06,4.27e-06,292241259036.0
2026-09-24 11:00:00+00:00,2026-09-24 11:59:59.999000+00:00,4.27e-06,4.29e-06,4.26e-06,4.28e-06,304065687215.0
2026-09-24 12:00:00+00:00,2026-09-24 12:59:59.999000+00:00,4.28e-06,4.33e-06,4.26e-06,4.32e-06,287692429116.0
2026-09-24 13:00:00+00:00,2026-09-24 13:59:59.999000+00:00,4.32e-06,4.4e-06,4.31e-06,4.39e-06,583971943352.0
2026-09-24 14:00:00+00:00,2026-09-24 14:59:59.999000+00:00,4.39e-06,4.54e-06,4.33e-06,4.38e-06,1623777896212.0
2026-09-24 15:00:00+00:00,2026-09-24 15:59:59.999000+00:00,4.37e-06,4.47e-06,4.36e-06,4.46e-06,544748063068.0
2026-09-24 16:00:00+00:00,2026-09-24 16:59:59.999000+00:00,4.45e-06,4.53e-06,4.38e-06,4.48e-06,954043411774.0
2026-09-24 17:00:00+00:00,2026-09-24 17:59:59.999000+00:00,4.47e-06,4.49e-06,4.42e-06,4.44e-06,421964921490.0
2026-09-24 18:00:00+00:00,2026-09-24 18:59:59.999000+00:00,4.44e-06,4.51e-06,4.38e-06,4.5e-06,409892338086.0
2026-09-24 19:00:00+00:00,2026-09-24 19:59:59.999000+00:00,4.5e-06,4.5e-06,4.45e-06,4.45e-06,272258627593.0
2026-09-24 20:00:00+00:00,2026-09-24 20:59:59.999000+00:00,4.45e-06,4.47e-06,4.42e-06,4.47e-06,268027728272.0
2026-09-24 21:00:00+00:00,2026-09-24 21:59:59.999000+00:00,4.47e-06,4.5e-06,4.45e-06,4.45e-06,238650923040.0
2026-09-24 22:00:00+00:00,2026-09-24 22:59:59.999000+00:00,4.45e-06,4.46e-06,4.4e-06,4.42e-06,364298721615.0
2026-09-24 23:00:00+00:00,2026-09-24 23:59:59.999000+00:00,4.42e-06,4.44e-06,4.4e-06,4.43e-06,213314921531.0
2026-09-25 00:00:00+00:00,2026-09-25 00:59:59.999000+00:00,4.43e-06,4.47e-06,4.42e-06,4.47e-06,244186179378.0
2026-09-25 01:00:00+00:00,2026-09-25 01:59:59.999000+00:00,4.47e-06,4.48e-06,4.41e-06,4.42e-06,271077400240.0
2026-09-25 02:00:00+00:00,2026-09-25 02:59:59.999000+00:00,4.43e-06,4.48e-06,4.38e-06,4.39e-06,346677004693.0
2026-09-25 03:00:00+00:00,2026-09-25 03:59:59.999000+00:00,4.39e-06,4.42e-06,4.38e-06,4.41e-06,210140819274.0
2026-09-25 04:00:00+00:00,2026-09-25 04:59:59.999000+00:00,4.41e-06,4.46e-06,4.39e-06,4.43e-06,217969157948.0
2026-09-25 05:00:00+00:00,2026-09-25 05:59:59.999000+00:00,4.43e-06,4.44e-06,4.39e-06,4.42e-06,123150436126.0
2026-09-25 06:00:00+00:00,2026-09-25 06:59:59.999000+00:00,4.42e-06,4.44e-06,4.38e-06,4.39e-06,258441179878.0
2026-09-25 07:00:00+00:00,2026-09-25 07:59:59.999000+00:00,4.38e-06,4.43e-06,4.36e-06,4.43e-06,273230564205.0
2026-09-25 08:00:00+00:00,2026-09-25 08:59:59.999000+00:00,4.42e-06,4.47e-06,4.4e-06,4.45e-06,286817049168.0
2026-09-25 09:00:00+00:00,2026-09-25 09:59:59.999000+00:00,4.45e-06,4.5e-06,4.44e-06,4.49e-06,486006564679.0
2026-09-25 10:00:00+00:00,2026-09-25 10:59:59.999000+00:00,4.48e-06,4.55e-06,4.45e-06,4.53e-06,556427477981.0
2026-09-25 11:00:00+00:00,2026-09-25 11:59:59.999000+00:00,4.53e-06,4.62e-06,4.52e-06,4.56e-06,1001915312283.0
2026-09-25 12:00:00+00:00,2026-09-25 12:59:59.999000+00:00,4.56e-06,4.61e-06,4.44e-06,4.53e-06,1159755784045.0
2026-09-25 13:00:00+00:00,2026-09-25 13:59:59.999000+00:00,4.53e-06,4.55e-06,4.42e-06,4.47e-06,825620526527.0
2026-09-25 14:00:00+00:00,2026-09-25 14:59:59.999000+00:00,4.48e-06,4.51e-06,4.41e-06,4.5e-06,690585052840.0
